d,b,slots,budget,budget_mult,seed,load_bin,count,mean,p50,p99,p999,max
2,1,1048576,320,1,1,0,10486,9.53652489e-05,0,0,0,1
2,1,1048576,320,1,1,0.01,10486,0.000190730498,0,0,0,1
2,1,1048576,320,1,1,0.02,10486,0.000762921991,0,0,0,2
2,1,1048576,320,1,1,0.03,10486,0.00085828724,0,0,0,1
2,1,1048576,320,1,1,0.04,10485,0.00238435861,0,0,1,2
2,1,1048576,320,1,1,0.05,10486,0.00286095747,0,0,1,2
2,1,1048576,320,1,1,0.06,10486,0.0046728972,0,0,1,2
2,1,1048576,320,1,1,0.07,10486,0.00534045394,0,0,1,2
2,1,1048576,320,1,1,0.08,10485,0.00791607058,0,0,1,2
2,1,1048576,320,1,1,0.09,10486,0.00829677665,0,0,1,2
2,1,1048576,320,1,1,0.1,10486,0.0126835781,0,1,2,5
2,1,1048576,320,1,1,0.11,10486,0.0152584398,0,1,2,3
2,1,1048576,320,1,1,0.12,10485,0.0195517406,0,1,2,4
2,1,1048576,320,1,1,0.13,10486,0.0235552165,0,1,2,5
2,1,1048576,320,1,1,0.14,10486,0.0303261492,0,1,3,4
2,1,1048576,320,1,1,0.15,10486,0.0308983406,0,1,3,5
2,1,1048576,320,1,1,0.16,10485,0.0354792561,0,1,3,6
2,1,1048576,320,1,1,0.17,10486,0.0397673088,0,1,3,5
2,1,1048576,320,1,1,0.18,10486,0.0453938585,0,1,3,5
2,1,1048576,320,1,1,0.19,10486,0.0521647912,0,1,4,7
2,1,1048576,320,1,1,0.2,10485,0.060944206,0,2,4,9
2,1,1048576,320,1,1,0.21,10486,0.0718100324,0,2,5,6
2,1,1048576,320,1,1,0.22,10486,0.0740034331,0,2,4,9
2,1,1048576,320,1,1,0.23,10486,0.0952698837,0,2,4,8
2,1,1048576,320,1,1,0.24,10485,0.0948974726,0,2,5,10
2,1,1048576,320,1,1,0.25,10486,0.111481976,0,3,6,13
2,1,1048576,320,1,1,0.26,10486,0.110909784,0,3,5,8
2,1,1048576,320,1,1,0.27,10486,0.119301926,0,3,5,9
2,1,1048576,320,1,1,0.28,10486,0.141998856,0,3,5,10
2,1,1048576,320,1,1,0.29,10485,0.157558417,0,3,6,9
2,1,1048576,320,1,1,0.3,10486,0.183578104,0,4,7,12
2,1,1048576,320,1,1,0.31,10486,0.19549876,0,4,8,12
2,1,1048576,320,1,1,0.32,10486,0.2242037,0,4,8,15
2,1,1048576,320,1,1,0.33,10485,0.231855031,0,4,9,17
2,1,1048576,320,1,1,0.34,10486,0.262063704,0,5,9,13
2,1,1048576,320,1,1,0.35,10486,0.281995041,0,5,11,15
2,1,1048576,320,1,1,0.36,10486,0.312893382,0,6,11,22
2,1,1048576,320,1,1,0.37,10485,0.336957558,0,6,13,30
2,1,1048576,320,1,1,0.38,10486,0.382891474,0,6,13,20
2,1,1048576,320,1,1,0.39,10486,0.4327675,0,7,16,20
2,1,1048576,320,1,1,0.4,10486,0.480164028,0,8,18,26
2,1,1048576,320,1,1,0.41,10485,0.542870768,0,9,17,31
2,1,1048576,320,1,1,0.42,10486,0.571714667,0,10,20,39
2,1,1048576,320,1,1,0.43,10486,0.650009537,0,11,23,33
2,1,1048576,320,1,1,0.44,10486,0.746423803,0,12,31,39
2,1,1048576,320,1,1,0.45,10485,0.855030997,0,15,38,54
2,1,1048576,320,1,1,0.46,10486,0.997615869,0,18,40,55
2,1,1048576,320,1,1,0.47,10486,1.15334732,0,19,64,87
2,1,1048576,320,1,1,0.48,10486,1.54072096,0,27,78,230
2,1,1048576,320,1,1,0.49,9185,2.05574306,0,36,176,302
2,1,1048576,320,1,2,0,10486,0,0,0,0,0
2,1,1048576,320,1,2,0.01,10486,0.000381460996,0,0,0,2
2,1,1048576,320,1,2,0.02,10486,0.000572191493,0,0,0,1
2,1,1048576,320,1,2,0.03,10486,0.00114438299,0,0,1,1
2,1,1048576,320,1,2,0.04,10485,0.00181211254,0,0,1,2
2,1,1048576,320,1,2,0.05,10486,0.00352851421,0,0,1,2
2,1,1048576,320,1,2,0.06,10486,0.0042914362,0,0,1,2
2,1,1048576,320,1,2,0.07,10486,0.00724775892,0,0,1,3
2,1,1048576,320,1,2,0.08,10485,0.00705770148,0,0,1,4
2,1,1048576,320,1,2,0.09,10486,0.00905969865,0,0,1,3
2,1,1048576,320,1,2,0.1,10486,0.0142094221,0,1,2,3
2,1,1048576,320,1,2,0.11,10486,0.0126835781,0,1,2,2
2,1,1048576,320,1,2,0.12,10485,0.0195517406,0,1,2,3
2,1,1048576,320,1,2,0.13,10486,0.0209803548,0,1,2,4
2,1,1048576,320,1,2,0.14,10486,0.0270837307,0,1,2,4
2,1,1048576,320,1,2,0.15,10486,0.0329010109,0,1,3,6
2,1,1048576,320,1,2,0.16,10485,0.037386743,0,1,3,5
2,1,1048576,320,1,2,0.17,10486,0.0392904825,0,1,3,5
2,1,1048576,320,1,2,0.18,10486,0.0466336067,0,2,3,5
2,1,1048576,320,1,2,0.19,10486,0.0554072096,0,2,4,6
2,1,1048576,320,1,2,0.2,10485,0.0592274678,0,2,4,7
2,1,1048576,320,1,2,0.21,10486,0.0723822239,0,2,4,8
2,1,1048576,320,1,2,0.22,10486,0.0780087736,0,2,4,9
2,1,1048576,320,1,2,0.23,10486,0.0884035857,0,2,5,9
2,1,1048576,320,1,2,0.24,10485,0.0901287554,0,2,4,7
2,1,1048576,320,1,2,0.25,10486,0.111958802,0,3,6,7
2,1,1048576,320,1,2,0.26,10486,0.119874118,0,3,6,13
2,1,1048576,320,1,2,0.27,10486,0.125786763,0,3,6,8
2,1,1048576,320,1,2,0.28,10486,0.145145909,0,3,6,8
2,1,1048576,320,1,2,0.29,10485,0.154506438,0,3,7,12
2,1,1048576,320,1,2,0.3,10486,0.173374023,0,3,7,13
2,1,1048576,320,1,2,0.31,10486,0.199980927,0,4,8,13
2,1,1048576,320,1,2,0.32,10486,0.23164219,0,5,9,14
2,1,1048576,320,1,2,0.33,10485,0.247019552,0,5,10,17
2,1,1048576,320,1,2,0.34,10486,0.260442495,0,5,10,18
2,1,1048576,320,1,2,0.35,10486,0.284474537,0,5,10,16
2,1,1048576,320,1,2,0.36,10486,0.336639329,0,6,12,18
2,1,1048576,320,1,2,0.37,10485,0.340581784,0,6,13,19
2,1,1048576,320,1,2,0.38,10486,0.380507343,0,6,14,24
2,1,1048576,320,1,2,0.39,10486,0.412740797,0,7,14,19
2,1,1048576,320,1,2,0.4,10486,0.467957276,0,8,17,52
2,1,1048576,320,1,2,0.41,10485,0.526371006,0,9,18,31
2,1,1048576,320,1,2,0.42,10486,0.598607667,0,10,20,45
2,1,1048576,320,1,2,0.43,10486,0.63026893,0,10,21,67
2,1,1048576,320,1,2,0.44,10486,0.805359527,0,13,29,39
2,1,1048576,320,1,2,0.45,10485,0.85970434,0,15,34,61
2,1,1048576,320,1,2,0.46,10486,1.0249857,0,18,46,62
2,1,1048576,320,1,2,0.47,10486,1.21790959,0,22,62,126
2,1,1048576,320,1,2,0.48,10486,1.4868396,0,26,77,120
2,1,1048576,320,1,2,0.49,8290,2.09095296,0,42,127,163
2,1,1048576,320,1,3,0,10486,9.53652489e-05,0,0,0,1
2,1,1048576,320,1,3,0.01,10486,0.000286095747,0,0,0,1
2,1,1048576,320,1,3,0.02,10486,0.000667556742,0,0,0,1
2,1,1048576,320,1,3,0.03,10486,0.00209803548,0,0,1,1
2,1,1048576,320,1,3,0.04,10485,0.00209823557,0,0,1,2
2,1,1048576,320,1,3,0.05,10486,0.00324241846,0,0,1,3
2,1,1048576,320,1,3,0.06,10486,0.00400534045,0,0,1,2
2,1,1048576,320,1,3,0.07,10486,0.0046728972,0,0,1,2
2,1,1048576,320,1,3,0.08,10485,0.0105865522,0,0,2,4
2,1,1048576,320,1,3,0.09,10486,0.0104901774,0,0,2,3
2,1,1048576,320,1,3,0.1,10486,0.0141140568,0,1,2,4
2,1,1048576,320,1,3,0.11,10486,0.0163074576,0,1,2,5
2,1,1048576,320,1,3,0.12,10485,0.0168812589,0,1,2,4
2,1,1048576,320,1,3,0.13,10486,0.0223154682,0,1,2,4
2,1,1048576,320,1,3,0.14,10486,0.0267976349,0,1,2,4
2,1,1048576,320,1,3,0.15,10486,0.0300400534,0,1,3,5
2,1,1048576,320,1,3,0.16,10485,0.0363376252,0,1,3,5
2,1,1048576,320,1,3,0.17,10486,0.041007057,0,1,3,5
2,1,1048576,320,1,3,0.18,10486,0.0464428762,0,1,3,6
2,1,1048576,320,1,3,0.19,10486,0.0634178905,0,2,3,9
2,1,1048576,320,1,3,0.2,10485,0.0599904626,0,2,4,6
2,1,1048576,320,1,3,0.21,10486,0.0701888232,0,2,4,6
2,1,1048576,320,1,3,0.22,10486,0.0786763303,0,2,5,7
2,1,1048576,320,1,3,0.23,10486,0.0828724013,0,2,4,9
2,1,1048576,320,1,3,0.24,10485,0.0954697186,0,2,5,7
2,1,1048576,320,1,3,0.25,10486,0.10156399,0,2,5,9
2,1,1048576,320,1,3,0.26,10486,0.123116536,0,3,6,11
2,1,1048576,320,1,3,0.27,10486,0.130364295,0,3,6,12
2,1,1048576,320,1,3,0.28,10486,0.136181575,0,3,6,9
2,1,1048576,320,1,3,0.29,10485,0.157081545,0,4,6,9
2,1,1048576,320,1,3,0.3,10486,0.171371352,0,3,7,9
2,1,1048576,320,1,3,0.31,10486,0.183578104,0,4,8,17
2,1,1048576,320,1,3,0.32,10486,0.211329392,0,4,8,16
2,1,1048576,320,1,3,0.33,10485,0.226323319,0,4,9,20
2,1,1048576,320,1,3,0.34,10486,0.270265115,0,5,10,16
2,1,1048576,320,1,3,0.35,10486,0.289719626,0,5,12,17
2,1,1048576,320,1,3,0.36,10486,0.310127789,0,6,10,21
2,1,1048576,320,1,3,0.37,10485,0.340867907,0,6,12,25
2,1,1048576,320,1,3,0.38,10486,0.370684722,0,6,14,20
2,1,1048576,320,1,3,0.39,10486,0.392523364,0,7,13,22
2,1,1048576,320,1,3,0.4,10486,0.466526798,0,8,16,24
2,1,1048576,320,1,3,0.41,10485,0.483166428,0,8,17,22
2,1,1048576,320,1,3,0.42,10486,0.551687965,0,10,19,35
2,1,1048576,320,1,3,0.43,10486,0.629219912,0,10,20,48
2,1,1048576,320,1,3,0.44,10486,0.664505054,0,11,22,36
2,1,1048576,320,1,3,0.45,10485,0.811158798,0,14,28,39
2,1,1048576,320,1,3,0.46,10486,0.90787717,0,15,30,50
2,1,1048576,320,1,3,0.47,10486,1.05254625,0,17,47,93
2,1,1048576,320,1,3,0.48,10486,1.24279992,0,22,51,86
2,1,1048576,320,1,3,0.49,10485,1.51406772,0,26,69,150
2,1,1048576,320,1,3,0.5,9693,2.4115341,0,49,189,295
2,1,1048576,320,1,4,0,10486,0,0,0,0,0
2,1,1048576,320,1,4,0.01,10486,0.000476826245,0,0,0,1
2,1,1048576,320,1,4,0.02,10486,0.000572191493,0,0,0,2
2,1,1048576,320,1,4,0.03,10486,0.00209803548,0,0,1,3
2,1,1048576,320,1,4,0.04,10485,0.00228898426,0,0,1,1
2,1,1048576,320,1,4,0.05,10486,0.00295632272,0,0,1,1
2,1,1048576,320,1,4,0.06,10486,0.00457753195,0,0,1,2
2,1,1048576,320,1,4,0.07,10486,0.00629410643,0,0,1,2
2,1,1048576,320,1,4,0.08,10485,0.00696232713,0,0,1,2
2,1,1048576,320,1,4,0.09,10486,0.0125882129,0,1,2,4
2,1,1048576,320,1,4,0.1,10486,0.0135418653,0,1,2,4
2,1,1048576,320,1,4,0.11,10486,0.0156399008,0,1,2,4
2,1,1048576,320,1,4,0.12,10485,0.0192656175,0,1,2,5
2,1,1048576,320,1,4,0.13,10486,0.0238413122,0,1,3,5
2,1,1048576,320,1,4,0.14,10486,0.0235552165,0,1,2,5
2,1,1048576,320,1,4,0.15,10486,0.0304215144,0,1,3,4
2,1,1048576,320,1,4,0.16,10485,0.0335717692,0,1,3,5
2,1,1048576,320,1,4,0.17,10486,0.0458706847,0,1,3,5
2,1,1048576,320,1,4,0.18,10486,0.0490177379,0,1,3,5
2,1,1048576,320,1,4,0.19,10486,0.0524508869,0,2,3,5
2,1,1048576,320,1,4,0.2,10485,0.0590367191,0,2,4,6
2,1,1048576,320,1,4,0.21,10486,0.069330536,0,2,4,6
2,1,1048576,320,1,4,0.22,10486,0.0704749189,0,2,5,9
2,1,1048576,320,1,4,0.23,10486,0.0849704368,0,2,5,7
2,1,1048576,320,1,4,0.24,10485,0.0946113495,0,2,5,9
2,1,1048576,320,1,4,0.25,10486,0.113484646,0,3,6,9
2,1,1048576,320,1,4,0.26,10486,0.118443639,0,3,5,7
2,1,1048576,320,1,4,0.27,10486,0.127312607,0,3,5,15
2,1,1048576,320,1,4,0.28,10486,0.137993515,0,3,6,11
2,1,1048576,320,1,4,0.29,10485,0.162136385,0,3,7,10
2,1,1048576,320,1,4,0.3,10486,0.168510395,0,3,7,10
2,1,1048576,320,1,4,0.31,10486,0.187774175,0,4,8,10
2,1,1048576,320,1,4,0.32,10486,0.208277704,0,4,8,12
2,1,1048576,320,1,4,0.33,10485,0.235193133,0,4,10,19
2,1,1048576,320,1,4,0.34,10486,0.257676903,0,5,8,14
2,1,1048576,320,1,4,0.35,10486,0.274175091,0,5,10,14
2,1,1048576,320,1,4,0.36,10486,0.318901392,0,5,10,29
2,1,1048576,320,1,4,0.37,10485,0.356413925,0,6,13,31
2,1,1048576,320,1,4,0.38,10486,0.358001144,0,6,17,24
2,1,1048576,320,1,4,0.39,10486,0.430764829,0,8,14,31
2,1,1048576,320,1,4,0.4,10486,0.491703223,0,8,16,29
2,1,1048576,320,1,4,0.41,10485,0.514926085,0,8,18,27
2,1,1048576,320,1,4,0.42,10486,0.565706656,0,10,19,28
2,1,1048576,320,1,4,0.43,10486,0.658592409,0,11,21,37
2,1,1048576,320,1,4,0.44,10486,0.764257105,0,13,27,33
2,1,1048576,320,1,4,0.45,10485,0.827944683,0,14,31,46
2,1,1048576,320,1,4,0.46,10486,1.01106237,0,17,45,92
2,1,1048576,320,1,4,0.47,10486,1.16231165,0,19,42,66
2,1,1048576,320,1,4,0.48,10486,1.44630936,0,27,58,81
2,1,1048576,320,1,4,0.49,10485,1.85770148,0,36,125,233
2,1,1048576,320,1,4,0.5,3475,2.93122302,0,56,225,255
2,1,1048576,320,1,5,0,10486,0,0,0,0,0
2,1,1048576,320,1,5,0.01,10486,0.000190730498,0,0,0,1
2,1,1048576,320,1,5,0.02,10486,0.000286095747,0,0,0,1
2,1,1048576,320,1,5,0.03,10486,0.00114438299,0,0,0,3
2,1,1048576,320,1,5,0.04,10485,0.0025751073,0,0,1,3
2,1,1048576,320,1,5,0.05,10486,0.00314705321,0,0,1,2
2,1,1048576,320,1,5,0.06,10486,0.00486362769,0,0,1,2
2,1,1048576,320,1,5,0.07,10486,0.00572191493,0,0,1,2
2,1,1048576,320,1,5,0.08,10485,0.0103958035,0,0,2,3
2,1,1048576,320,1,5,0.09,10486,0.0123974824,0,0,2,5
2,1,1048576,320,1,5,0.1,10486,0.0131604043,0,1,2,4
2,1,1048576,320,1,5,0.11,10486,0.0149723441,0,1,2,5
2,1,1048576,320,1,5,0.12,10485,0.0191702432,0,1,2,4
2,1,1048576,320,1,5,0.13,10486,0.0216479115,0,1,2,4
2,1,1048576,320,1,5,0.14,10486,0.0255578867,0,1,2,4
2,1,1048576,320,1,5,0.15,10486,0.0301354187,0,1,3,5
2,1,1048576,320,1,5,0.16,10485,0.03490701,0,1,3,5
2,1,1048576,320,1,5,0.17,10486,0.045203128,0,1,3,5
2,1,1048576,320,1,5,0.18,10486,0.0494945642,0,2,4,5
2,1,1048576,320,1,5,0.19,10486,0.0522601564,0,2,4,6
2,1,1048576,320,1,5,0.2,10485,0.0599904626,0,2,4,6
2,1,1048576,320,1,5,0.21,10486,0.068186153,0,2,4,7
2,1,1048576,320,1,5,0.22,10486,0.0720961282,0,2,4,5
2,1,1048576,320,1,5,0.23,10486,0.0918367347,0,2,5,6
2,1,1048576,320,1,5,0.24,10485,0.0945159752,0,2,5,8
2,1,1048576,320,1,5,0.25,10486,0.110528323,0,2,6,8
2,1,1048576,320,1,5,0.26,10486,0.119206561,0,3,5,8
2,1,1048576,320,1,5,0.27,10486,0.136753767,0,3,6,10
2,1,1048576,320,1,5,0.28,10486,0.141522029,0,3,6,10
2,1,1048576,320,1,5,0.29,10485,0.153934192,0,3,7,9
2,1,1048576,320,1,5,0.3,10486,0.184341026,0,4,7,13
2,1,1048576,320,1,5,0.31,10486,0.198455083,0,4,8,17
2,1,1048576,320,1,5,0.32,10486,0.19912264,0,4,8,14
2,1,1048576,320,1,5,0.33,10485,0.232522651,0,5,9,13
2,1,1048576,320,1,5,0.34,10486,0.267690254,0,5,9,20
2,1,1048576,320,1,5,0.35,10486,0.293915697,0,5,10,24
2,1,1048576,320,1,5,0.36,10486,0.330345222,0,6,11,15
2,1,1048576,320,1,5,0.37,10485,0.354029566,0,6,13,25
2,1,1048576,320,1,5,0.38,10486,0.379839786,0,7,14,19
2,1,1048576,320,1,5,0.39,10486,0.401392333,0,7,13,20
2,1,1048576,320,1,5,0.4,10486,0.46366584,0,8,16,30
2,1,1048576,320,1,5,0.41,10485,0.488316643,0,8,16,23
2,1,1048576,320,1,5,0.42,10486,0.554548922,0,9,20,42
2,1,1048576,320,1,5,0.43,10486,0.642761778,0,10,25,36
2,1,1048576,320,1,5,0.44,10486,0.748712569,0,13,29,40
2,1,1048576,320,1,5,0.45,10485,0.898044826,0,15,37,67
2,1,1048576,320,1,5,0.46,10486,0.960423422,0,16,37,60
2,1,1048576,320,1,5,0.47,10486,1.15639901,0,20,56,120
2,1,1048576,320,1,5,0.48,10486,1.41703223,0,27,70,98
2,1,1048576,320,1,5,0.49,10485,2.22479733,0,51,130,205
2,1,1048576,320,1,5,0.5,6335,3.90749803,0,115,245,306
2,1,1048576,320,1,6,0,10486,9.53652489e-05,0,0,0,1
2,1,1048576,320,1,6,0.01,10486,0.000381460996,0,0,0,2
2,1,1048576,320,1,6,0.02,10486,0.000572191493,0,0,0,2
2,1,1048576,320,1,6,0.03,10486,0.00114438299,0,0,1,2
2,1,1048576,320,1,6,0.04,10485,0.00200286123,0,0,1,3
2,1,1048576,320,1,6,0.05,10486,0.00276559222,0,0,1,3
2,1,1048576,320,1,6,0.06,10486,0.00476826245,0,0,1,2
2,1,1048576,320,1,6,0.07,10486,0.00600801068,0,0,1,2
2,1,1048576,320,1,6,0.08,10485,0.00715307582,0,0,1,2
2,1,1048576,320,1,6,0.09,10486,0.00982262064,0,0,1,3
2,1,1048576,320,1,6,0.1,10486,0.0112530994,0,1,2,3
2,1,1048576,320,1,6,0.11,10486,0.0134465001,0,1,2,2
2,1,1048576,320,1,6,0.12,10485,0.0183118741,0,1,2,3
2,1,1048576,320,1,6,0.13,10486,0.024508869,0,1,2,4
2,1,1048576,320,1,6,0.14,10486,0.0291817662,0,1,3,5
2,1,1048576,320,1,6,0.15,10486,0.0290864009,0,1,3,4
2,1,1048576,320,1,6,0.16,10485,0.0348116357,0,1,3,5
2,1,1048576,320,1,6,0.17,10486,0.0391951173,0,1,4,6
2,1,1048576,320,1,6,0.18,10486,0.0445355712,0,1,4,8
2,1,1048576,320,1,6,0.19,10486,0.0508296777,0,2,3,8
2,1,1048576,320,1,6,0.2,10485,0.0608488317,0,2,4,6
2,1,1048576,320,1,6,0.21,10486,0.0722868587,0,2,5,10
2,1,1048576,320,1,6,0.22,10486,0.0817280183,0,2,5,8
2,1,1048576,320,1,6,0.23,10486,0.0876406637,0,2,5,9
2,1,1048576,320,1,6,0.24,10485,0.0962327134,0,2,5,9
2,1,1048576,320,1,6,0.25,10486,0.105092504,0,2,5,13
2,1,1048576,320,1,6,0.26,10486,0.115678047,0,2,6,9
2,1,1048576,320,1,6,0.27,10486,0.133988175,0,3,5,16
2,1,1048576,320,1,6,0.28,10486,0.142952508,0,3,7,9
2,1,1048576,320,1,6,0.29,10485,0.159179781,0,3,8,19
2,1,1048576,320,1,6,0.3,10486,0.176807171,0,3,8,14
2,1,1048576,320,1,6,0.31,10486,0.195212665,0,4,8,15
2,1,1048576,320,1,6,0.32,10486,0.210947931,0,4,10,13
2,1,1048576,320,1,6,0.33,10485,0.218311874,0,4,9,12
2,1,1048576,320,1,6,0.34,10486,0.260156399,0,5,9,13
2,1,1048576,320,1,6,0.35,10486,0.283711615,0,5,11,22
2,1,1048576,320,1,6,0.36,10486,0.306027084,0,5,11,18
2,1,1048576,320,1,6,0.37,10485,0.34115403,0,6,12,22
2,1,1048576,320,1,6,0.38,10486,0.37373641,0,6,12,20
2,1,1048576,320,1,6,0.39,10486,0.409116918,0,7,14,25
2,1,1048576,320,1,6,0.4,10486,0.429906542,0,7,16,22
2,1,1048576,320,1,6,0.41,10485,0.548974726,0,9,20,37
2,1,1048576,320,1,6,0.42,10486,0.604520313,0,10,19,46
2,1,1048576,320,1,6,0.43,10486,0.690158306,0,12,24,35
2,1,1048576,320,1,6,0.44,10486,0.698455083,0,11,25,50
2,1,1048576,320,1,6,0.45,10485,0.787029089,0,13,27,64
2,1,1048576,320,1,6,0.46,10486,0.969101659,0,17,34,59
2,1,1048576,320,1,6,0.47,10486,1.12092314,0,19,39,56
2,1,1048576,320,1,6,0.48,10486,1.2535762,0,22,49,88
2,1,1048576,320,1,6,0.49,10485,1.80696233,0,36,89,156
2,1,1048576,320,1,6,0.5,9472,2.7265625,0,61,187,288
2,1,1048576,320,1,7,0,10486,0,0,0,0,0
2,1,1048576,320,1,7,0.01,10486,0.000190730498,0,0,0,1
2,1,1048576,320,1,7,0.02,10486,0.00085828724,0,0,0,2
2,1,1048576,320,1,7,0.03,10486,0.000762921991,0,0,0,1
2,1,1048576,320,1,7,0.04,10485,0.0017167382,0,0,1,1
2,1,1048576,320,1,7,0.05,10486,0.00343314896,0,0,1,3
2,1,1048576,320,1,7,0.06,10486,0.0046728972,0,0,1,2
2,1,1048576,320,1,7,0.07,10486,0.00638947168,0,0,1,3
2,1,1048576,320,1,7,0.08,10485,0.00829756795,0,0,1,3
2,1,1048576,320,1,7,0.09,10486,0.0107762731,0,0,2,3
2,1,1048576,320,1,7,0.1,10486,0.0126835781,0,1,2,4
2,1,1048576,320,1,7,0.11,10486,0.0186915888,0,1,2,4
2,1,1048576,320,1,7,0.12,10485,0.0184072485,0,1,2,5
2,1,1048576,320,1,7,0.13,10486,0.025653252,0,1,3,5
2,1,1048576,320,1,7,0.14,10486,0.0269883654,0,1,3,4
2,1,1048576,320,1,7,0.15,10486,0.0286095747,0,1,2,5
2,1,1048576,320,1,7,0.16,10485,0.0395803529,0,1,3,6
2,1,1048576,320,1,7,0.17,10486,0.045203128,0,1,3,7
2,1,1048576,320,1,7,0.18,10486,0.0502574862,0,2,4,6
2,1,1048576,320,1,7,0.19,10486,0.0534045394,0,2,4,8
2,1,1048576,320,1,7,0.2,10485,0.0610395804,0,2,4,5
2,1,1048576,320,1,7,0.21,10486,0.0682815182,0,2,4,8
2,1,1048576,320,1,7,0.22,10486,0.0741941636,0,2,4,9
2,1,1048576,320,1,7,0.23,10486,0.090787717,0,2,5,7
2,1,1048576,320,1,7,0.24,10485,0.09527897,0,2,5,9
2,1,1048576,320,1,7,0.25,10486,0.113866107,0,3,5,13
2,1,1048576,320,1,7,0.26,10486,0.123688728,0,3,6,17
2,1,1048576,320,1,7,0.27,10486,0.144192256,0,3,7,11
2,1,1048576,320,1,7,0.28,10486,0.14953271,0,3,6,10
2,1,1048576,320,1,7,0.29,10485,0.165665236,0,3,7,13
2,1,1048576,320,1,7,0.3,10486,0.182910547,0,4,8,11
2,1,1048576,320,1,7,0.31,10486,0.197024604,0,4,8,12
2,1,1048576,320,1,7,0.32,10486,0.214762541,0,4,8,13
2,1,1048576,320,1,7,0.33,10485,0.237482117,0,4,10,18
2,1,1048576,320,1,7,0.34,10486,0.25472058,0,5,10,18
2,1,1048576,320,1,7,0.35,10486,0.28561892,0,5,11,16
2,1,1048576,320,1,7,0.36,10486,0.32939157,0,6,12,20
2,1,1048576,320,1,7,0.37,10485,0.329899857,0,6,12,17
2,1,1048576,320,1,7,0.38,10486,0.386896815,0,7,13,21
2,1,1048576,320,1,7,0.39,10486,0.39862674,0,7,14,27
2,1,1048576,320,1,7,0.4,10486,0.476349418,0,8,18,33
2,1,1048576,320,1,7,0.41,10485,0.543538388,0,9,22,38
2,1,1048576,320,1,7,0.42,10486,0.555502575,0,9,20,33
2,1,1048576,320,1,7,0.43,10486,0.688823193,0,12,27,40
2,1,1048576,320,1,7,0.44,10486,0.734789243,0,12,33,51
2,1,1048576,320,1,7,0.45,10485,0.852551264,0,14,36,83
2,1,1048576,320,1,7,0.46,10486,0.945737173,0,15,41,83
2,1,1048576,320,1,7,0.47,10486,1.22811368,0,22,69,109
2,1,1048576,320,1,7,0.48,10486,1.61539195,0,29,107,208
2,1,1048576,320,1,7,0.49,1481,2.22889939,0,42,185,236
2,1,1048576,320,1,8,0,10486,0,0,0,0,0
2,1,1048576,320,1,8,0.01,10486,9.53652489e-05,0,0,0,1
2,1,1048576,320,1,8,0.02,10486,0.000476826245,0,0,0,1
2,1,1048576,320,1,8,0.03,10486,0.00133511348,0,0,1,2
2,1,1048576,320,1,8,0.04,10485,0.00143061516,0,0,1,1
2,1,1048576,320,1,8,0.05,10486,0.00267022697,0,0,1,2
2,1,1048576,320,1,8,0.06,10486,0.0046728972,0,0,1,3
2,1,1048576,320,1,8,0.07,10486,0.00610337593,0,0,1,2
2,1,1048576,320,1,8,0.08,10485,0.00867906533,0,0,1,3
2,1,1048576,320,1,8,0.09,10486,0.0104901774,0,0,2,5
2,1,1048576,320,1,8,0.1,10486,0.0130650391,0,1,2,4
2,1,1048576,320,1,8,0.11,10486,0.0140186916,0,1,2,4
2,1,1048576,320,1,8,0.12,10485,0.0206008584,0,1,2,5
2,1,1048576,320,1,8,0.13,10486,0.0254625215,0,1,3,5
2,1,1048576,320,1,8,0.14,10486,0.0261300782,0,1,3,6
2,1,1048576,320,1,8,0.15,10486,0.0313751669,0,1,2,3
2,1,1048576,320,1,8,0.16,10485,0.0408202194,0,1,3,5
2,1,1048576,320,1,8,0.17,10486,0.042532901,0,1,4,8
2,1,1048576,320,1,8,0.18,10486,0.0534045394,0,2,4,7
2,1,1048576,320,1,8,0.19,10486,0.0541674614,0,2,4,6
2,1,1048576,320,1,8,0.2,10485,0.0595135908,0,2,5,8
2,1,1048576,320,1,8,0.21,10486,0.0679000572,0,2,4,7
2,1,1048576,320,1,8,0.22,10486,0.0663742132,0,2,4,6
2,1,1048576,320,1,8,0.23,10486,0.0797253481,0,2,5,8
2,1,1048576,320,1,8,0.24,10485,0.0933714831,0,2,5,6
2,1,1048576,320,1,8,0.25,10486,0.107953462,0,2,5,8
2,1,1048576,320,1,8,0.26,10486,0.115868777,0,3,6,13
2,1,1048576,320,1,8,0.27,10486,0.123784093,0,3,6,12
2,1,1048576,320,1,8,0.28,10486,0.140473012,0,3,6,11
2,1,1048576,320,1,8,0.29,10485,0.158989032,0,3,6,12
2,1,1048576,320,1,8,0.3,10486,0.17823765,0,3,9,14
2,1,1048576,320,1,8,0.31,10486,0.196452413,0,4,8,15
2,1,1048576,320,1,8,0.32,10486,0.201792867,0,4,8,12
2,1,1048576,320,1,8,0.33,10485,0.237005246,0,4,9,12
2,1,1048576,320,1,8,0.34,10486,0.229544154,0,4,9,31
2,1,1048576,320,1,8,0.35,10486,0.288479878,0,5,11,21
2,1,1048576,320,1,8,0.36,10486,0.305931718,0,5,12,23
2,1,1048576,320,1,8,0.37,10485,0.331711969,0,6,12,16
2,1,1048576,320,1,8,0.38,10486,0.355330917,0,6,12,18
2,1,1048576,320,1,8,0.39,10486,0.436105283,0,7,15,31
2,1,1048576,320,1,8,0.4,10486,0.459374404,0,7,17,26
2,1,1048576,320,1,8,0.41,10485,0.508249881,0,8,19,37
2,1,1048576,320,1,8,0.42,10486,0.568949075,0,9,19,36
2,1,1048576,320,1,8,0.43,10486,0.642189586,0,10,21,68
2,1,1048576,320,1,8,0.44,10486,0.770837307,0,12,28,80
2,1,1048576,320,1,8,0.45,10485,0.836623748,0,14,29,48
2,1,1048576,320,1,8,0.46,10486,0.944020599,0,16,40,80
2,1,1048576,320,1,8,0.47,10486,1.05884036,0,18,40,50
2,1,1048576,320,1,8,0.48,10486,1.28437917,0,22,58,80
2,1,1048576,320,1,8,0.49,10485,1.67257988,0,30,79,165
2,1,1048576,320,1,8,0.5,6088,2.34494087,0,40,173,286
2,1,1048576,320,1,9,0,10486,0,0,0,0,0
2,1,1048576,320,1,9,0.01,10486,0.000381460996,0,0,0,2
2,1,1048576,320,1,9,0.02,10486,0.000667556742,0,0,0,2
2,1,1048576,320,1,9,0.03,10486,0.000953652489,0,0,0,1
2,1,1048576,320,1,9,0.04,10485,0.00247973295,0,0,1,2
2,1,1048576,320,1,9,0.05,10486,0.00362387946,0,0,1,2
2,1,1048576,320,1,9,0.06,10486,0.0041007057,0,0,1,3
2,1,1048576,320,1,9,0.07,10486,0.00591264543,0,0,1,2
2,1,1048576,320,1,9,0.08,10485,0.00810681927,0,0,2,2
2,1,1048576,320,1,9,0.09,10486,0.0105855426,0,0,2,2
2,1,1048576,320,1,9,0.1,10486,0.0136372306,0,1,2,3
2,1,1048576,320,1,9,0.11,10486,0.0133511348,0,1,2,4
2,1,1048576,320,1,9,0.12,10485,0.0179303767,0,1,2,4
2,1,1048576,320,1,9,0.13,10486,0.0242227732,0,1,3,8
2,1,1048576,320,1,9,0.14,10486,0.0262254434,0,1,2,5
2,1,1048576,320,1,9,0.15,10486,0.0336639329,0,1,3,6
2,1,1048576,320,1,9,0.16,10485,0.0403433476,0,1,3,6
2,1,1048576,320,1,9,0.17,10486,0.04215144,0,1,3,4
2,1,1048576,320,1,9,0.18,10486,0.0451077627,0,1,3,5
2,1,1048576,320,1,9,0.19,10486,0.0530230784,0,2,3,6
2,1,1048576,320,1,9,0.2,10485,0.0618025751,0,2,4,8
2,1,1048576,320,1,9,0.21,10486,0.0738127027,0,2,4,8
2,1,1048576,320,1,9,0.22,10486,0.0759107381,0,2,5,9
2,1,1048576,320,1,9,0.23,10486,0.08811749,0,2,5,10
2,1,1048576,320,1,9,0.24,10485,0.0970910825,0,2,5,8
2,1,1048576,320,1,9,0.25,10486,0.111577341,0,3,5,10
2,1,1048576,320,1,9,0.26,10486,0.11701316,0,3,6,11
2,1,1048576,320,1,9,0.27,10486,0.133797444,0,3,6,11
2,1,1048576,320,1,9,0.28,10486,0.144096891,0,3,8,13
2,1,1048576,320,1,9,0.29,10485,0.160991893,0,3,6,10
2,1,1048576,320,1,9,0.3,10486,0.191970246,0,4,8,14
2,1,1048576,320,1,9,0.31,10486,0.20293725,0,4,8,10
2,1,1048576,320,1,9,0.32,10486,0.19149342,0,4,8,10
2,1,1048576,320,1,9,0.33,10485,0.238817358,0,4,10,15
2,1,1048576,320,1,9,0.34,10486,0.254148388,0,5,10,33
2,1,1048576,320,1,9,0.35,10486,0.312988747,0,6,11,21
2,1,1048576,320,1,9,0.36,10486,0.315563609,0,6,11,18
2,1,1048576,320,1,9,0.37,10485,0.351454459,0,7,13,35
2,1,1048576,320,1,9,0.38,10486,0.380125882,0,7,14,25
2,1,1048576,320,1,9,0.39,10486,0.395002861,0,7,16,24
2,1,1048576,320,1,9,0.4,10486,0.48273889,0,8,17,33
2,1,1048576,320,1,9,0.41,10485,0.513781593,0,9,18,26
2,1,1048576,320,1,9,0.42,10486,0.591550639,0,9,19,31
2,1,1048576,320,1,9,0.43,10486,0.661548732,0,11,24,39
2,1,1048576,320,1,9,0.44,10486,0.701220675,0,11,24,62
2,1,1048576,320,1,9,0.45,10485,0.891845494,0,16,32,73
2,1,1048576,320,1,9,0.46,10486,1.01468625,0,17,41,107
2,1,1048576,320,1,9,0.47,10486,1.14285714,0,19,48,137
2,1,1048576,320,1,9,0.48,10486,1.41550639,0,25,66,140
2,1,1048576,320,1,9,0.49,10485,2.00114449,0,40,137,266
2,1,1048576,320,1,9,0.5,4702,3.02190557,0,74,236,307
2,1,1048576,320,1,10,0,10486,0,0,0,0,0
2,1,1048576,320,1,10,0.01,10486,0.000286095747,0,0,0,1
2,1,1048576,320,1,10,0.02,10486,0.000190730498,0,0,0,1
2,1,1048576,320,1,10,0.03,10486,0.00152584398,0,0,1,1
2,1,1048576,320,1,10,0.04,10485,0.00200286123,0,0,1,1
2,1,1048576,320,1,10,0.05,10486,0.00324241846,0,0,1,2
2,1,1048576,320,1,10,0.06,10486,0.00524508869,0,0,1,3
2,1,1048576,320,1,10,0.07,10486,0.00686629792,0,0,1,4
2,1,1048576,320,1,10,0.08,10485,0.0092513114,0,0,2,3
2,1,1048576,320,1,10,0.09,10486,0.0114438299,0,1,2,4
2,1,1048576,320,1,10,0.1,10486,0.0135418653,0,1,2,5
2,1,1048576,320,1,10,0.11,10486,0.0170703796,0,1,2,4
2,1,1048576,320,1,10,0.12,10485,0.0214592275,0,1,2,3
2,1,1048576,320,1,10,0.13,10486,0.0284188442,0,1,3,5
2,1,1048576,320,1,10,0.14,10486,0.0246042342,0,1,3,5
2,1,1048576,320,1,10,0.15,10486,0.0289910357,0,1,3,4
2,1,1048576,320,1,10,0.16,10485,0.0395803529,0,1,3,6
2,1,1048576,320,1,10,0.17,10486,0.0404348655,0,1,3,6
2,1,1048576,320,1,10,0.18,10486,0.0460614152,0,1,3,5
2,1,1048576,320,1,10,0.19,10486,0.0545489224,0,1,3,5
2,1,1048576,320,1,10,0.2,10485,0.0597997139,0,2,4,7
2,1,1048576,320,1,10,0.21,10486,0.0743848941,0,2,4,7
2,1,1048576,320,1,10,0.22,10486,0.0762921991,0,2,4,8
2,1,1048576,320,1,10,0.23,10486,0.0866870113,0,2,5,8
2,1,1048576,320,1,10,0.24,10485,0.0973772055,0,2,5,8
2,1,1048576,320,1,10,0.25,10486,0.114056838,0,3,6,8
2,1,1048576,320,1,10,0.26,10486,0.122258249,0,3,6,9
2,1,1048576,320,1,10,0.27,10486,0.13608621,0,3,6,10
2,1,1048576,320,1,10,0.28,10486,0.129410643,0,3,6,13
2,1,1048576,320,1,10,0.29,10485,0.163948498,0,3,7,10
2,1,1048576,320,1,10,0.3,10486,0.171657448,0,4,8,15
2,1,1048576,320,1,10,0.31,10486,0.199218005,0,4,8,16
2,1,1048576,320,1,10,0.32,10486,0.219340072,0,4,9,15
2,1,1048576,320,1,10,0.33,10485,0.242823081,0,5,9,17
2,1,1048576,320,1,10,0.34,10486,0.285046729,0,5,10,26
2,1,1048576,320,1,10,0.35,10486,0.290768644,0,6,11,17
2,1,1048576,320,1,10,0.36,10486,0.316517261,0,6,12,27
2,1,1048576,320,1,10,0.37,10485,0.355555556,0,6,14,25
2,1,1048576,320,1,10,0.38,10486,0.38880412,0,7,14,24
2,1,1048576,320,1,10,0.39,10486,0.404730116,0,7,15,28
2,1,1048576,320,1,10,0.4,10486,0.45002861,0,8,18,33
2,1,1048576,320,1,10,0.41,10485,0.50910825,0,8,19,32
2,1,1048576,320,1,10,0.42,10486,0.602708373,0,10,21,27
2,1,1048576,320,1,10,0.43,10486,0.678142285,0,11,22,42
2,1,1048576,320,1,10,0.44,10486,0.785046729,0,13,30,46
2,1,1048576,320,1,10,0.45,10485,0.880972818,0,16,33,58
2,1,1048576,320,1,10,0.46,10486,1.06427618,0,18,43,64
2,1,1048576,320,1,10,0.47,10486,1.20379554,0,20,56,123
2,1,1048576,320,1,10,0.48,10486,1.54587068,0,29,95,128
2,1,1048576,320,1,10,0.49,7736,1.99108066,0,38,108,191
2,1,1048576,320,1,11,0,10486,0,0,0,0,0
2,1,1048576,320,1,11,0.01,10486,0.000190730498,0,0,0,1
2,1,1048576,320,1,11,0.02,10486,0.000953652489,0,0,0,3
2,1,1048576,320,1,11,0.03,10486,0.00104901774,0,0,0,2
2,1,1048576,320,1,11,0.04,10485,0.00133524082,0,0,1,1
2,1,1048576,320,1,11,0.05,10486,0.00305168796,0,0,1,2
2,1,1048576,320,1,11,0.06,10486,0.00343314896,0,0,1,2
2,1,1048576,320,1,11,0.07,10486,0.00562654969,0,0,1,2
2,1,1048576,320,1,11,0.08,10485,0.00772532189,0,0,1,4
2,1,1048576,320,1,11,0.09,10486,0.0115391951,0,0,2,4
2,1,1048576,320,1,11,0.1,10486,0.0141140568,0,1,2,4
2,1,1048576,320,1,11,0.11,10486,0.0133511348,0,1,2,4
2,1,1048576,320,1,11,0.12,10485,0.0186933715,0,1,2,5
2,1,1048576,320,1,11,0.13,10486,0.0246995995,0,1,2,4
2,1,1048576,320,1,11,0.14,10486,0.0272744612,0,1,2,5
2,1,1048576,320,1,11,0.15,10486,0.0282281137,0,1,3,5
2,1,1048576,320,1,11,0.16,10485,0.0385312351,0,1,3,4
2,1,1048576,320,1,11,0.17,10486,0.0391951173,0,1,3,4
2,1,1048576,320,1,11,0.18,10486,0.0498760252,0,1,4,6
2,1,1048576,320,1,11,0.19,10486,0.0529277131,0,2,4,5
2,1,1048576,320,1,11,0.2,10485,0.0550309967,0,2,3,6
2,1,1048576,320,1,11,0.21,10486,0.0645622735,0,2,4,8
2,1,1048576,320,1,11,0.22,10486,0.0832538623,0,2,4,9
2,1,1048576,320,1,11,0.23,10486,0.0898340645,0,2,5,10
2,1,1048576,320,1,11,0.24,10485,0.105007153,0,3,6,9
2,1,1048576,320,1,11,0.25,10486,0.110051497,0,2,5,8
2,1,1048576,320,1,11,0.26,10486,0.119397292,0,3,6,10
2,1,1048576,320,1,11,0.27,10486,0.129792104,0,3,6,10
2,1,1048576,320,1,11,0.28,10486,0.144764448,0,3,6,9
2,1,1048576,320,1,11,0.29,10485,0.159847401,0,3,7,15
2,1,1048576,320,1,11,0.3,10486,0.183959565,0,4,8,10
2,1,1048576,320,1,11,0.31,10486,0.210185009,0,4,9,13
2,1,1048576,320,1,11,0.32,10486,0.219053977,0,4,9,16
2,1,1048576,320,1,11,0.33,10485,0.249594659,0,5,9,16
2,1,1048576,320,1,11,0.34,10486,0.269883654,0,5,9,16
2,1,1048576,320,1,11,0.35,10486,0.288765974,0,5,10,19
2,1,1048576,320,1,11,0.36,10486,0.328628648,0,6,13,23
2,1,1048576,320,1,11,0.37,10485,0.379780639,0,7,14,23
2,1,1048576,320,1,11,0.38,10486,0.385752432,0,7,13,23
2,1,1048576,320,1,11,0.39,10486,0.458802212,0,7,16,24
2,1,1048576,320,1,11,0.4,10486,0.503909975,0,8,18,29
2,1,1048576,320,1,11,0.41,10485,0.525035765,0,9,20,30
2,1,1048576,320,1,11,0.42,10486,0.610814419,0,10,21,40
2,1,1048576,320,1,11,0.43,10486,0.66278848,0,11,23,43
2,1,1048576,320,1,11,0.44,10486,0.746519168,0,12,28,62
2,1,1048576,320,1,11,0.45,10485,0.887076776,0,14,33,73
2,1,1048576,320,1,11,0.46,10486,1.02336449,0,18,42,60
2,1,1048576,320,1,11,0.47,10486,1.14514591,0,20,44,77
2,1,1048576,320,1,11,0.48,10486,1.54043487,0,30,69,114
2,1,1048576,320,1,11,0.49,10485,2.02260372,0,40,131,235
2,1,1048576,320,1,11,0.5,771,2.86251621,0,79,179,179
2,1,1048576,320,1,12,0,10486,0,0,0,0,0
2,1,1048576,320,1,12,0.01,10486,0.000476826245,0,0,0,1
2,1,1048576,320,1,12,0.02,10486,0.000476826245,0,0,0,1
2,1,1048576,320,1,12,0.03,10486,0.00162120923,0,0,1,2
2,1,1048576,320,1,12,0.04,10485,0.00133524082,0,0,1,1
2,1,1048576,320,1,12,0.05,10486,0.00247949647,0,0,1,1
2,1,1048576,320,1,12,0.06,10486,0.0042914362,0,0,1,2
2,1,1048576,320,1,12,0.07,10486,0.00648483693,0,0,1,2
2,1,1048576,320,1,12,0.08,10485,0.00886981402,0,0,1,3
2,1,1048576,320,1,12,0.09,10486,0.0122067519,0,1,2,3
2,1,1048576,320,1,12,0.1,10486,0.0115391951,0,0,2,3
2,1,1048576,320,1,12,0.11,10486,0.0157352661,0,1,2,4
2,1,1048576,320,1,12,0.12,10485,0.017167382,0,1,2,3
2,1,1048576,320,1,12,0.13,10486,0.0216479115,0,1,3,4
2,1,1048576,320,1,12,0.14,10486,0.0278466527,0,1,3,5
2,1,1048576,320,1,12,0.15,10486,0.0304215144,0,1,3,10
2,1,1048576,320,1,12,0.16,10485,0.0329995231,0,1,3,5
2,1,1048576,320,1,12,0.17,10486,0.04215144,0,1,3,7
2,1,1048576,320,1,12,0.18,10486,0.0473965287,0,1,3,5
2,1,1048576,320,1,12,0.19,10486,0.0515925997,0,2,3,6
2,1,1048576,320,1,12,0.2,10485,0.0648545541,0,2,4,6
2,1,1048576,320,1,12,0.21,10486,0.0713332062,0,2,5,7
2,1,1048576,320,1,12,0.22,10486,0.0724775892,0,2,5,7
2,1,1048576,320,1,12,0.23,10486,0.087354568,0,2,4,7
2,1,1048576,320,1,12,0.24,10485,0.0998569385,0,2,5,11
2,1,1048576,320,1,12,0.25,10486,0.110814419,0,3,6,7
2,1,1048576,320,1,12,0.26,10486,0.12063704,0,3,6,15
2,1,1048576,320,1,12,0.27,10486,0.133511348,0,3,6,11
2,1,1048576,320,1,12,0.28,10486,0.145336639,0,3,6,17
2,1,1048576,320,1,12,0.29,10485,0.157749165,0,3,7,14
2,1,1048576,320,1,12,0.3,10486,0.169750143,0,3,7,12
2,1,1048576,320,1,12,0.31,10486,0.1973107,0,4,8,18
2,1,1048576,320,1,12,0.32,10486,0.207037955,0,4,9,13
2,1,1048576,320,1,12,0.33,10485,0.239771102,0,4,9,14
2,1,1048576,320,1,12,0.34,10486,0.274556552,0,5,9,25
2,1,1048576,320,1,12,0.35,10486,0.29105474,0,5,12,17
2,1,1048576,320,1,12,0.36,10486,0.320999428,0,6,11,15
2,1,1048576,320,1,12,0.37,10485,0.355078684,0,6,12,24
2,1,1048576,320,1,12,0.38,10486,0.396051879,0,7,14,25
2,1,1048576,320,1,12,0.39,10486,0.431337021,0,7,15,38
2,1,1048576,320,1,12,0.4,10486,0.462044631,0,8,16,33
2,1,1048576,320,1,12,0.41,10485,0.514258464,0,9,17,27
2,1,1048576,320,1,12,0.42,10486,0.590406256,0,10,21,29
2,1,1048576,320,1,12,0.43,10486,0.628075529,0,10,22,32
2,1,1048576,320,1,12,0.44,10486,0.735742895,0,12,26,41
2,1,1048576,320,1,12,0.45,10485,0.856747735,0,15,32,50
2,1,1048576,320,1,12,0.46,10486,0.934293344,0,16,30,66
2,1,1048576,320,1,12,0.47,10486,1.17356475,0,20,42,75
2,1,1048576,320,1,12,0.48,10486,1.48331108,0,27,79,178
2,1,1048576,320,1,12,0.49,10485,2.0360515,0,39,149,272
2,1,1048576,320,1,12,0.5,3135,2.81435407,0,56,189,277
2,1,1048576,320,1,13,0,10486,9.53652489e-05,0,0,0,1
2,1,1048576,320,1,13,0.01,10486,0.000190730498,0,0,0,1
2,1,1048576,320,1,13,0.02,10486,0.000381460996,0,0,0,1
2,1,1048576,320,1,13,0.03,10486,0.00133511348,0,0,1,1
2,1,1048576,320,1,13,0.04,10485,0.00276585598,0,0,1,2
2,1,1048576,320,1,13,0.05,10486,0.00495899294,0,0,1,2
2,1,1048576,320,1,13,0.06,10486,0.00600801068,0,0,1,3
2,1,1048576,320,1,13,0.07,10486,0.00677093267,0,0,1,3
2,1,1048576,320,1,13,0.08,10485,0.00734382451,0,0,2,3
2,1,1048576,320,1,13,0.09,10486,0.0109670036,0,0,2,4
2,1,1048576,320,1,13,0.1,10486,0.0139233263,0,1,2,4
2,1,1048576,320,1,13,0.11,10486,0.0163074576,0,1,2,3
2,1,1048576,320,1,13,0.12,10485,0.0188841202,0,1,2,4
2,1,1048576,320,1,13,0.13,10486,0.0231737555,0,1,3,5
2,1,1048576,320,1,13,0.14,10486,0.0282281137,0,1,3,5
2,1,1048576,320,1,13,0.15,10486,0.0287049399,0,1,3,4
2,1,1048576,320,1,13,0.16,10485,0.0324272771,0,1,3,8
2,1,1048576,320,1,13,0.17,10486,0.0387182911,0,1,3,5
2,1,1048576,320,1,13,0.18,10486,0.0472057982,0,1,3,7
2,1,1048576,320,1,13,0.19,10486,0.0518786954,0,2,4,6
2,1,1048576,320,1,13,0.2,10485,0.0586552217,0,2,3,5
2,1,1048576,320,1,13,0.21,10486,0.0768643906,0,2,5,8
2,1,1048576,320,1,13,0.22,10486,0.0759107381,0,2,4,7
2,1,1048576,320,1,13,0.23,10486,0.0880221247,0,2,5,7
2,1,1048576,320,1,13,0.24,10485,0.0917501192,0,2,5,7
2,1,1048576,320,1,13,0.25,10486,0.11501049,0,3,6,11
2,1,1048576,320,1,13,0.26,10486,0.121590692,0,3,6,8
2,1,1048576,320,1,13,0.27,10486,0.127884799,0,3,6,13
2,1,1048576,320,1,13,0.28,10486,0.148197597,0,3,7,9
2,1,1048576,320,1,13,0.29,10485,0.159370529,0,4,7,12
2,1,1048576,320,1,13,0.3,10486,0.171085257,0,4,7,12
2,1,1048576,320,1,13,0.31,10486,0.209040626,0,4,8,18
2,1,1048576,320,1,13,0.32,10486,0.228399771,0,4,8,16
2,1,1048576,320,1,13,0.33,10485,0.226800191,0,4,9,14
2,1,1048576,320,1,13,0.34,10486,0.251954988,0,5,10,16
2,1,1048576,320,1,13,0.35,10486,0.29506008,0,5,11,23
2,1,1048576,320,1,13,0.36,10486,0.309650963,0,6,11,26
2,1,1048576,320,1,13,0.37,10485,0.330472103,0,6,12,26
2,1,1048576,320,1,13,0.38,10486,0.391283616,0,7,16,20
2,1,1048576,320,1,13,0.39,10486,0.431909212,0,7,16,27
2,1,1048576,320,1,13,0.4,10486,0.461472439,0,8,16,30
2,1,1048576,320,1,13,0.41,10485,0.536289938,0,9,17,36
2,1,1048576,320,1,13,0.42,10486,0.585447263,0,10,22,34
2,1,1048576,320,1,13,0.43,10486,0.629410643,0,10,22,38
2,1,1048576,320,1,13,0.44,10486,0.746614534,0,13,27,34
2,1,1048576,320,1,13,0.45,10485,0.843586075,0,14,31,46
2,1,1048576,320,1,13,0.46,10486,0.996280755,0,17,37,67
2,1,1048576,320,1,13,0.47,10486,1.11510586,0,20,46,67
2,1,1048576,320,1,13,0.48,10486,1.41531566,0,25,61,111
2,1,1048576,320,1,13,0.49,10485,2.08240343,0,41,120,187
2,1,1048576,320,1,13,0.5,1406,2.9886202,0,78,199,213
2,1,1048576,320,1,14,0,10486,0,0,0,0,0
2,1,1048576,320,1,14,0.01,10486,0.000476826245,0,0,0,1
2,1,1048576,320,1,14,0.02,10486,0.000762921991,0,0,0,1
2,1,1048576,320,1,14,0.03,10486,0.00114438299,0,0,1,1
2,1,1048576,320,1,14,0.04,10485,0.00200286123,0,0,1,3
2,1,1048576,320,1,14,0.05,10486,0.00314705321,0,0,1,2
2,1,1048576,320,1,14,0.06,10486,0.00505435819,0,0,1,2
2,1,1048576,320,1,14,0.07,10486,0.00667556742,0,0,1,3
2,1,1048576,320,1,14,0.08,10485,0.00829756795,0,0,1,2
2,1,1048576,320,1,14,0.09,10486,0.0121113866,0,0,2,4
2,1,1048576,320,1,14,0.1,10486,0.0123974824,0,1,2,4
2,1,1048576,320,1,14,0.11,10486,0.0144955178,0,1,2,3
2,1,1048576,320,1,14,0.12,10485,0.0198378636,0,1,2,3
2,1,1048576,320,1,14,0.13,10486,0.022983025,0,1,2,4
2,1,1048576,320,1,14,0.14,10486,0.0250810605,0,1,2,3
2,1,1048576,320,1,14,0.15,10486,0.0316612626,0,1,3,5
2,1,1048576,320,1,14,0.16,10485,0.0371959943,0,1,3,6
2,1,1048576,320,1,14,0.17,10486,0.0431050925,0,1,3,5
2,1,1048576,320,1,14,0.18,10486,0.0456799542,0,1,3,5
2,1,1048576,320,1,14,0.19,10486,0.0546442876,0,2,4,6
2,1,1048576,320,1,14,0.2,10485,0.0635193133,0,2,4,6
2,1,1048576,320,1,14,0.21,10486,0.0645622735,0,2,4,8
2,1,1048576,320,1,14,0.22,10486,0.0806790006,0,2,5,7
2,1,1048576,320,1,14,0.23,10486,0.0885943162,0,2,5,9
2,1,1048576,320,1,14,0.24,10485,0.0920362423,0,2,5,10
2,1,1048576,320,1,14,0.25,10486,0.108716384,0,2,5,10
2,1,1048576,320,1,14,0.26,10486,0.111768072,0,3,6,9
2,1,1048576,320,1,14,0.27,10486,0.126645051,0,3,6,8
2,1,1048576,320,1,14,0.28,10486,0.146957849,0,3,6,11
2,1,1048576,320,1,14,0.29,10485,0.181211254,0,4,8,11
2,1,1048576,320,1,14,0.3,10486,0.179382033,0,3,8,13
2,1,1048576,320,1,14,0.31,10486,0.189776845,0,4,8,10
2,1,1048576,320,1,14,0.32,10486,0.219149342,0,4,8,13
2,1,1048576,320,1,14,0.33,10485,0.243776824,0,5,9,14
2,1,1048576,320,1,14,0.34,10486,0.280946023,0,5,10,16
2,1,1048576,320,1,14,0.35,10486,0.278561892,0,5,9,17
2,1,1048576,320,1,14,0.36,10486,0.314037765,0,6,12,34
2,1,1048576,320,1,14,0.37,10485,0.331902718,0,6,13,25
2,1,1048576,320,1,14,0.38,10486,0.39280946,0,7,16,31
2,1,1048576,320,1,14,0.39,10486,0.415792485,0,7,14,22
2,1,1048576,320,1,14,0.4,10486,0.451459088,0,8,14,22
2,1,1048576,320,1,14,0.41,10485,0.498330949,0,9,18,23
2,1,1048576,320,1,14,0.42,10486,0.580869731,0,10,19,33
2,1,1048576,320,1,14,0.43,10486,0.661358001,0,11,22,44
2,1,1048576,320,1,14,0.44,10486,0.718767881,0,12,23,46
2,1,1048576,320,1,14,0.45,10485,0.836433,0,13,33,47
2,1,1048576,320,1,14,0.46,10486,1.01144383,0,18,40,76
2,1,1048576,320,1,14,0.47,10486,1.17985886,0,20,60,115
2,1,1048576,320,1,14,0.48,10486,1.56370399,0,29,75,96
2,1,1048576,320,1,14,0.49,5696,1.92169944,0,37,171,271
2,1,1048576,320,1,15,0,10486,0.000190730498,0,0,0,1
2,1,1048576,320,1,15,0.01,10486,0.000286095747,0,0,0,1
2,1,1048576,320,1,15,0.02,10486,0.00085828724,0,0,0,1
2,1,1048576,320,1,15,0.03,10486,0.00162120923,0,0,1,2
2,1,1048576,320,1,15,0.04,10485,0.00228898426,0,0,1,2
2,1,1048576,320,1,15,0.05,10486,0.00295632272,0,0,1,2
2,1,1048576,320,1,15,0.06,10486,0.00505435819,0,0,1,2
2,1,1048576,320,1,15,0.07,10486,0.00629410643,0,0,1,3
2,1,1048576,320,1,15,0.08,10485,0.00772532189,0,0,1,2
2,1,1048576,320,1,15,0.09,10486,0.0102040816,0,0,2,3
2,1,1048576,320,1,15,0.1,10486,0.0123021171,0,1,2,4
2,1,1048576,320,1,15,0.11,10486,0.0144955178,0,1,2,3
2,1,1048576,320,1,15,0.12,10485,0.0193609919,0,1,2,6
2,1,1048576,320,1,15,0.13,10486,0.0226969292,0,1,2,4
2,1,1048576,320,1,15,0.14,10486,0.0246995995,0,1,2,4
2,1,1048576,320,1,15,0.15,10486,0.0312798016,0,1,2,4
2,1,1048576,320,1,15,0.16,10485,0.0362422508,0,1,3,6
2,1,1048576,320,1,15,0.17,10486,0.0437726492,0,1,3,5
2,1,1048576,320,1,15,0.18,10486,0.0525462521,0,2,3,6
2,1,1048576,320,1,15,0.19,10486,0.0605569331,0,2,4,6
2,1,1048576,320,1,15,0.2,10485,0.0593228422,0,2,4,6
2,1,1048576,320,1,15,0.21,10486,0.0652298302,0,2,4,6
2,1,1048576,320,1,15,0.22,10486,0.0751478161,0,2,4,7
2,1,1048576,320,1,15,0.23,10486,0.08430288,0,2,5,10
2,1,1048576,320,1,15,0.24,10485,0.0988078207,0,2,5,7
2,1,1048576,320,1,15,0.25,10486,0.106046157,0,3,5,9
2,1,1048576,320,1,15,0.26,10486,0.120923136,0,3,6,10
2,1,1048576,320,1,15,0.27,10486,0.129887469,0,3,6,12
2,1,1048576,320,1,15,0.28,10486,0.13589548,0,3,6,9
2,1,1048576,320,1,15,0.29,10485,0.162708631,0,3,7,10
2,1,1048576,320,1,15,0.3,10486,0.171562083,0,3,7,9
2,1,1048576,320,1,15,0.31,10486,0.194640473,0,4,8,11
2,1,1048576,320,1,15,0.32,10486,0.216669846,0,4,9,12
2,1,1048576,320,1,15,0.33,10485,0.232522651,0,4,9,14
2,1,1048576,320,1,15,0.34,10486,0.256437154,0,5,9,19
2,1,1048576,320,1,15,0.35,10486,0.302880031,0,5,10,18
2,1,1048576,320,1,15,0.36,10486,0.316326531,0,6,11,23
2,1,1048576,320,1,15,0.37,10485,0.365665236,0,6,13,18
2,1,1048576,320,1,15,0.38,10486,0.40625596,0,7,15,25
2,1,1048576,320,1,15,0.39,10486,0.427713141,0,7,16,33
2,1,1048576,320,1,15,0.4,10486,0.468529468,0,8,16,24
2,1,1048576,320,1,15,0.41,10485,0.521697663,0,9,21,32
2,1,1048576,320,1,15,0.42,10486,0.600038146,0,9,20,38
2,1,1048576,320,1,15,0.43,10486,0.661071905,0,11,28,50
2,1,1048576,320,1,15,0.44,10486,0.79887469,0,14,28,53
2,1,1048576,320,1,15,0.45,10485,0.803814974,0,14,29,44
2,1,1048576,320,1,15,0.46,10486,0.977016975,0,16,35,56
2,1,1048576,320,1,15,0.47,10486,1.150391,0,20,45,71
2,1,1048576,320,1,15,0.48,10486,1.36496281,0,24,62,116
2,1,1048576,320,1,15,0.49,10485,1.73199809,0,34,88,137
2,1,1048576,320,1,15,0.5,3943,2.74714684,0,56,192,284
2,1,1048576,320,1,16,0,10486,0,0,0,0,0
2,1,1048576,320,1,16,0.01,10486,0.000190730498,0,0,0,2
2,1,1048576,320,1,16,0.02,10486,0.000667556742,0,0,0,1
2,1,1048576,320,1,16,0.03,10486,0.00104901774,0,0,1,1
2,1,1048576,320,1,16,0.04,10485,0.00305197902,0,0,1,2
2,1,1048576,320,1,16,0.05,10486,0.00305168796,0,0,1,2
2,1,1048576,320,1,16,0.06,10486,0.00524508869,0,0,1,2
2,1,1048576,320,1,16,0.07,10486,0.00724775892,0,0,1,3
2,1,1048576,320,1,16,0.08,10485,0.00991893181,0,0,2,3
2,1,1048576,320,1,16,0.09,10486,0.00982262064,0,0,2,3
2,1,1048576,320,1,16,0.1,10486,0.0129696739,0,1,2,4
2,1,1048576,320,1,16,0.11,10486,0.0142094221,0,1,2,3
2,1,1048576,320,1,16,0.12,10485,0.0185979971,0,1,2,4
2,1,1048576,320,1,16,0.13,10486,0.0269883654,0,1,3,5
2,1,1048576,320,1,16,0.14,10486,0.0250810605,0,1,2,4
2,1,1048576,320,1,16,0.15,10486,0.0316612626,0,1,3,5
2,1,1048576,320,1,16,0.16,10485,0.0305197902,0,1,3,4
2,1,1048576,320,1,16,0.17,10486,0.0422468053,0,1,3,5
2,1,1048576,320,1,16,0.18,10486,0.0539767309,0,1,4,6
2,1,1048576,320,1,16,0.19,10486,0.0537860004,0,2,3,7
2,1,1048576,320,1,16,0.2,10485,0.0632331903,0,2,5,7
2,1,1048576,320,1,16,0.21,10486,0.0660881175,0,2,4,8
2,1,1048576,320,1,16,0.22,10486,0.0792485218,0,2,4,8
2,1,1048576,320,1,16,0.23,10486,0.0897386992,0,2,5,8
2,1,1048576,320,1,16,0.24,10485,0.0969003338,0,2,5,8
2,1,1048576,320,1,16,0.25,10486,0.0963189014,0,2,5,8
2,1,1048576,320,1,16,0.26,10486,0.126931146,0,3,6,11
2,1,1048576,320,1,16,0.27,10486,0.130364295,0,3,7,13
2,1,1048576,320,1,16,0.28,10486,0.145145909,0,3,7,12
2,1,1048576,320,1,16,0.29,10485,0.152503577,0,3,7,10
2,1,1048576,320,1,16,0.3,10486,0.182529086,0,4,7,14
2,1,1048576,320,1,16,0.31,10486,0.199599466,0,4,7,9
2,1,1048576,320,1,16,0.32,10486,0.232309746,0,4,9,16
2,1,1048576,320,1,16,0.33,10485,0.23204578,0,4,9,26
2,1,1048576,320,1,16,0.34,10486,0.271790959,0,5,10,20
2,1,1048576,320,1,16,0.35,10486,0.297158116,0,5,10,17
2,1,1048576,320,1,16,0.36,10486,0.298970055,0,5,11,18
2,1,1048576,320,1,16,0.37,10485,0.344492132,0,6,12,32
2,1,1048576,320,1,16,0.38,10486,0.421991226,0,7,16,35
2,1,1048576,320,1,16,0.39,10486,0.429525081,0,7,15,34
2,1,1048576,320,1,16,0.4,10486,0.474823574,0,8,17,28
2,1,1048576,320,1,16,0.41,10485,0.501001431,0,8,19,34
2,1,1048576,320,1,16,0.42,10486,0.562178142,0,10,19,35
2,1,1048576,320,1,16,0.43,10486,0.629315278,0,10,23,35
2,1,1048576,320,1,16,0.44,10486,0.697406065,0,12,23,28
2,1,1048576,320,1,16,0.45,10485,0.832618026,0,13,32,61
2,1,1048576,320,1,16,0.46,10486,0.963856571,0,16,35,57
2,1,1048576,320,1,16,0.47,10486,1.08458898,0,18,42,110
2,1,1048576,320,1,16,0.48,10486,1.28809842,0,23,64,130
2,1,1048576,320,1,16,0.49,10485,1.72112542,0,33,102,152
2,1,1048576,320,1,16,0.5,9148,2.97595103,0,67,224,315
2,1,1048576,320,1,17,0,10486,0,0,0,0,0
2,1,1048576,320,1,17,0.01,10486,0.000381460996,0,0,0,1
2,1,1048576,320,1,17,0.02,10486,0.000953652489,0,0,0,2
2,1,1048576,320,1,17,0.03,10486,0.000572191493,0,0,0,1
2,1,1048576,320,1,17,0.04,10485,0.00133524082,0,0,1,1
2,1,1048576,320,1,17,0.05,10486,0.00276559222,0,0,1,1
2,1,1048576,320,1,17,0.06,10486,0.00562654969,0,0,1,2
2,1,1048576,320,1,17,0.07,10486,0.00648483693,0,0,1,3
2,1,1048576,320,1,17,0.08,10485,0.00848831664,0,0,1,6
2,1,1048576,320,1,17,0.09,10486,0.0113484646,0,0,2,4
2,1,1048576,320,1,17,0.1,10486,0.0144001526,0,1,2,3
2,1,1048576,320,1,17,0.11,10486,0.0168796491,0,1,2,4
2,1,1048576,320,1,17,0.12,10485,0.0217453505,0,1,3,6
2,1,1048576,320,1,17,0.13,10486,0.0230783902,0,1,2,4
2,1,1048576,320,1,17,0.14,10486,0.0269883654,0,1,3,4
2,1,1048576,320,1,17,0.15,10486,0.0328056456,0,1,3,7
2,1,1048576,320,1,17,0.16,10485,0.0371959943,0,1,3,6
2,1,1048576,320,1,17,0.17,10486,0.046347511,0,2,3,5
2,1,1048576,320,1,17,0.18,10486,0.0484455464,0,1,3,7
2,1,1048576,320,1,17,0.19,10486,0.0528323479,0,2,3,5
2,1,1048576,320,1,17,0.2,10485,0.060944206,0,2,4,5
2,1,1048576,320,1,17,0.21,10486,0.068567614,0,2,4,6
2,1,1048576,320,1,17,0.22,10486,0.0819187488,0,2,5,8
2,1,1048576,320,1,17,0.23,10486,0.0883082205,0,2,5,7
2,1,1048576,320,1,17,0.24,10485,0.107010014,0,3,6,9
2,1,1048576,320,1,17,0.25,10486,0.102613008,0,2,6,8
2,1,1048576,320,1,17,0.26,10486,0.115296586,0,3,5,10
2,1,1048576,320,1,17,0.27,10486,0.129982834,0,3,6,8
2,1,1048576,320,1,17,0.28,10486,0.140186916,0,3,7,10
2,1,1048576,320,1,17,0.29,10485,0.160133524,0,3,7,11
2,1,1048576,320,1,17,0.3,10486,0.170513065,0,3,7,13
2,1,1048576,320,1,17,0.31,10486,0.186725157,0,4,8,11
2,1,1048576,320,1,17,0.32,10486,0.217242037,0,4,9,12
2,1,1048576,320,1,17,0.33,10485,0.24587506,0,5,10,17
2,1,1048576,320,1,17,0.34,10486,0.261300782,0,5,9,15
2,1,1048576,320,1,17,0.35,10486,0.291626931,0,5,11,23
2,1,1048576,320,1,17,0.36,10486,0.336162502,0,6,12,18
2,1,1048576,320,1,17,0.37,10485,0.334000954,0,6,12,18
2,1,1048576,320,1,17,0.38,10486,0.389948503,0,7,14,21
2,1,1048576,320,1,17,0.39,10486,0.446214,0,7,15,24
2,1,1048576,320,1,17,0.4,10486,0.486839596,0,8,17,22
2,1,1048576,320,1,17,0.41,10485,0.480019075,0,8,17,37
2,1,1048576,320,1,17,0.42,10486,0.569807362,0,9,21,44
2,1,1048576,320,1,17,0.43,10486,0.668224299,0,12,24,48
2,1,1048576,320,1,17,0.44,10486,0.716669846,0,12,33,53
2,1,1048576,320,1,17,0.45,10485,0.856938484,0,15,33,103
2,1,1048576,320,1,17,0.46,10486,0.993133702,0,18,39,79
2,1,1048576,320,1,17,0.47,10486,1.40291818,0,23,84,213
2,1,1048576,320,1,17,0.48,10486,1.69206561,0,32,138,209
2,1,1048576,320,1,17,0.49,10485,2.32551264,0,45,197,256
2,1,1048576,320,1,17,0.5,1378,3.44992743,0,92,247,315
2,1,1048576,320,1,18,0,10486,9.53652489e-05,0,0,0,1
2,1,1048576,320,1,18,0.01,10486,0.000190730498,0,0,0,1
2,1,1048576,320,1,18,0.02,10486,0.000476826245,0,0,0,1
2,1,1048576,320,1,18,0.03,10486,0.000953652489,0,0,0,1
2,1,1048576,320,1,18,0.04,10485,0.00162136385,0,0,1,2
2,1,1048576,320,1,18,0.05,10486,0.00381460996,0,0,1,3
2,1,1048576,320,1,18,0.06,10486,0.00457753195,0,0,1,1
2,1,1048576,320,1,18,0.07,10486,0.00667556742,0,0,1,2
2,1,1048576,320,1,18,0.08,10485,0.00734382451,0,0,1,3
2,1,1048576,320,1,18,0.09,10486,0.0110623689,0,0,2,3
2,1,1048576,320,1,18,0.1,10486,0.0131604043,0,1,2,4
2,1,1048576,320,1,18,0.11,10486,0.0149723441,0,1,2,4
2,1,1048576,320,1,18,0.12,10485,0.017167382,0,1,2,4
2,1,1048576,320,1,18,0.13,10486,0.0209803548,0,1,2,5
2,1,1048576,320,1,18,0.14,10486,0.0277512874,0,1,3,4
2,1,1048576,320,1,18,0.15,10486,0.0305168796,0,1,3,5
2,1,1048576,320,1,18,0.16,10485,0.0333810205,0,1,3,4
2,1,1048576,320,1,18,0.17,10486,0.0391951173,0,1,3,6
2,1,1048576,320,1,18,0.18,10486,0.0470150677,0,1,3,4
2,1,1048576,320,1,18,0.19,10486,0.0576006103,0,2,4,7
2,1,1048576,320,1,18,0.2,10485,0.0604673343,0,2,4,7
2,1,1048576,320,1,18,0.21,10486,0.0707610147,0,2,4,6
2,1,1048576,320,1,18,0.22,10486,0.0812511921,0,2,5,9
2,1,1048576,320,1,18,0.23,10486,0.0887850467,0,2,4,7
2,1,1048576,320,1,18,0.24,10485,0.0961373391,0,2,5,10
2,1,1048576,320,1,18,0.25,10486,0.103757391,0,2,5,7
2,1,1048576,320,1,18,0.26,10486,0.129315278,0,3,6,9
2,1,1048576,320,1,18,0.27,10486,0.131604043,0,3,6,10
2,1,1048576,320,1,18,0.28,10486,0.150772459,0,3,7,12
2,1,1048576,320,1,18,0.29,10485,0.163185503,0,3,7,13
2,1,1048576,320,1,18,0.3,10486,0.179954225,0,4,8,12
2,1,1048576,320,1,18,0.31,10486,0.191302689,0,4,8,14
2,1,1048576,320,1,18,0.32,10486,0.21275987,0,4,9,14
2,1,1048576,320,1,18,0.33,10485,0.230615165,0,4,9,13
2,1,1048576,320,1,18,0.34,10486,0.25853519,0,5,10,17
2,1,1048576,320,1,18,0.35,10486,0.290101087,0,5,11,14
2,1,1048576,320,1,18,0.36,10486,0.313847034,0,6,12,19
2,1,1048576,320,1,18,0.37,10485,0.317310443,0,6,11,17
2,1,1048576,320,1,18,0.38,10486,0.401201602,0,7,13,24
2,1,1048576,320,1,18,0.39,10486,0.40987984,0,6,13,32
2,1,1048576,320,1,18,0.4,10486,0.465573145,0,8,16,27
2,1,1048576,320,1,18,0.41,10485,0.525226514,0,9,17,29
2,1,1048576,320,1,18,0.42,10486,0.577913408,0,10,21,41
2,1,1048576,320,1,18,0.43,10486,0.642380317,0,10,23,42
2,1,1048576,320,1,18,0.44,10486,0.723059317,0,11,25,35
2,1,1048576,320,1,18,0.45,10485,0.838149738,0,14,31,54
2,1,1048576,320,1,18,0.46,10486,0.915983216,0,15,36,50
2,1,1048576,320,1,18,0.47,10486,1.09794011,0,19,44,69
2,1,1048576,320,1,18,0.48,10486,1.40692352,0,23,63,107
2,1,1048576,320,1,18,0.49,10485,1.60963281,0,29,95,145
2,1,1048576,320,1,18,0.5,10486,2.4777799,0,50,178,280
2,1,1048576,320,1,18,0.51,871,4.02755454,0,105,240,240
2,1,1048576,320,1,19,0,10486,9.53652489e-05,0,0,0,1
2,1,1048576,320,1,19,0.01,10486,0.000476826245,0,0,0,2
2,1,1048576,320,1,19,0.02,10486,0.000476826245,0,0,0,1
2,1,1048576,320,1,19,0.03,10486,0.00114438299,0,0,0,3
2,1,1048576,320,1,19,0.04,10485,0.0025751073,0,0,1,2
2,1,1048576,320,1,19,0.05,10486,0.00276559222,0,0,1,2
2,1,1048576,320,1,19,0.06,10486,0.00438680145,0,0,1,2
2,1,1048576,320,1,19,0.07,10486,0.00658020217,0,0,1,3
2,1,1048576,320,1,19,0.08,10485,0.0075345732,0,0,1,2
2,1,1048576,320,1,19,0.09,10486,0.0120160214,0,0,2,4
2,1,1048576,320,1,19,0.1,10486,0.0143047873,0,1,2,4
2,1,1048576,320,1,19,0.11,10486,0.0164028228,0,1,2,5
2,1,1048576,320,1,19,0.12,10485,0.0211731044,0,1,2,5
2,1,1048576,320,1,19,0.13,10486,0.021457181,0,1,2,6
2,1,1048576,320,1,19,0.14,10486,0.0257486172,0,1,3,4
2,1,1048576,320,1,19,0.15,10486,0.0289910357,0,1,2,4
2,1,1048576,320,1,19,0.16,10485,0.0399618503,0,1,3,4
2,1,1048576,320,1,19,0.17,10486,0.0427236315,0,1,3,7
2,1,1048576,320,1,19,0.18,10486,0.0546442876,0,2,4,8
2,1,1048576,320,1,19,0.19,10486,0.0513065039,0,2,4,7
2,1,1048576,320,1,19,0.2,10485,0.0617072008,0,2,4,10
2,1,1048576,320,1,19,0.21,10486,0.0741941636,0,2,4,9
2,1,1048576,320,1,19,0.22,10486,0.0760061034,0,2,4,9
2,1,1048576,320,1,19,0.23,10486,0.0914552737,0,2,5,7
2,1,1048576,320,1,19,0.24,10485,0.0980448259,0,2,5,7
2,1,1048576,320,1,19,0.25,10486,0.112244898,0,3,5,8
2,1,1048576,320,1,19,0.26,10486,0.121113866,0,3,6,8
2,1,1048576,320,1,19,0.27,10486,0.140091551,0,3,7,9
2,1,1048576,320,1,19,0.28,10486,0.153633416,0,3,7,10
2,1,1048576,320,1,19,0.29,10485,0.167572723,0,4,7,13
2,1,1048576,320,1,19,0.3,10486,0.172897196,0,4,7,15
2,1,1048576,320,1,19,0.31,10486,0.198073622,0,4,7,13
2,1,1048576,320,1,19,0.32,10486,0.210661835,0,4,8,10
2,1,1048576,320,1,19,0.33,10485,0.242632332,0,5,10,20
2,1,1048576,320,1,19,0.34,10486,0.265306122,0,5,10,13
2,1,1048576,320,1,19,0.35,10486,0.293343506,0,5,11,16
2,1,1048576,320,1,19,0.36,10486,0.336830059,0,6,12,17
2,1,1048576,320,1,19,0.37,10485,0.342107773,0,6,12,22
2,1,1048576,320,1,19,0.38,10486,0.395861148,0,7,13,26
2,1,1048576,320,1,19,0.39,10486,0.416078581,0,7,12,18
2,1,1048576,320,1,19,0.4,10486,0.487793248,0,8,17,36
2,1,1048576,320,1,19,0.41,10485,0.506819266,0,8,16,31
2,1,1048576,320,1,19,0.42,10486,0.552641617,0,9,19,30
2,1,1048576,320,1,19,0.43,10486,0.664218959,0,11,23,43
2,1,1048576,320,1,19,0.44,10486,0.760919321,0,13,30,49
2,1,1048576,320,1,19,0.45,10485,0.928278493,0,16,40,67
2,1,1048576,320,1,19,0.46,10486,1.03671562,0,17,41,58
2,1,1048576,320,1,19,0.47,10486,1.22134274,0,22,61,76
2,1,1048576,320,1,19,0.48,10486,1.49637612,0,25,90,163
2,1,1048576,320,1,19,0.49,7095,2.19351656,0,45,147,309
2,1,1048576,320,1,20,0,10486,0,0,0,0,0
2,1,1048576,320,1,20,0.01,10486,0.000476826245,0,0,0,2
2,1,1048576,320,1,20,0.02,10486,0.00143047873,0,0,1,2
2,1,1048576,320,1,20,0.03,10486,0.00114438299,0,0,1,1
2,1,1048576,320,1,20,0.04,10485,0.00133524082,0,0,1,2
2,1,1048576,320,1,20,0.05,10486,0.00343314896,0,0,1,3
2,1,1048576,320,1,20,0.06,10486,0.0041007057,0,0,1,2
2,1,1048576,320,1,20,0.07,10486,0.00724775892,0,0,1,3
2,1,1048576,320,1,20,0.08,10485,0.00782069623,0,0,1,4
2,1,1048576,320,1,20,0.09,10486,0.00944115964,0,0,2,3
2,1,1048576,320,1,20,0.1,10486,0.0121113866,0,0,2,4
2,1,1048576,320,1,20,0.11,10486,0.019168415,0,1,2,4
2,1,1048576,320,1,20,0.12,10485,0.0206962327,0,1,2,4
2,1,1048576,320,1,20,0.13,10486,0.0246995995,0,1,2,3
2,1,1048576,320,1,20,0.14,10486,0.0258439825,0,1,2,4
2,1,1048576,320,1,20,0.15,10486,0.0281327484,0,1,2,5
2,1,1048576,320,1,20,0.16,10485,0.0347162613,0,1,3,5
2,1,1048576,320,1,20,0.17,10486,0.0464428762,0,1,3,5
2,1,1048576,320,1,20,0.18,10486,0.0478733549,0,1,4,12
2,1,1048576,320,1,20,0.19,10486,0.0534999046,0,2,4,6
2,1,1048576,320,1,20,0.2,10485,0.0636146876,0,2,4,6
2,1,1048576,320,1,20,0.21,10486,0.0715239367,0,2,5,9
2,1,1048576,320,1,20,0.22,10486,0.0726683197,0,2,4,7
2,1,1048576,320,1,20,0.23,10486,0.0946023269,0,2,5,8
2,1,1048576,320,1,20,0.24,10485,0.0987124464,0,2,5,13
2,1,1048576,320,1,20,0.25,10486,0.107095175,0,3,6,10
2,1,1048576,320,1,20,0.26,10486,0.123211902,0,3,6,12
2,1,1048576,320,1,20,0.27,10486,0.135800114,0,3,7,13
2,1,1048576,320,1,20,0.28,10486,0.150963189,0,3,7,13
2,1,1048576,320,1,20,0.29,10485,0.160991893,0,3,7,16
2,1,1048576,320,1,20,0.3,10486,0.161834827,0,3,7,11
2,1,1048576,320,1,20,0.31,10486,0.204749189,0,4,7,14
2,1,1048576,320,1,20,0.32,10486,0.21457181,0,4,8,13
2,1,1048576,320,1,20,0.33,10485,0.234334764,0,5,9,16
2,1,1048576,320,1,20,0.34,10486,0.250333778,0,4,11,15
2,1,1048576,320,1,20,0.35,10486,0.274270456,0,5,10,19
2,1,1048576,320,1,20,0.36,10486,0.306408545,0,6,11,18
2,1,1048576,320,1,20,0.37,10485,0.370529328,0,6,15,24
2,1,1048576,320,1,20,0.38,10486,0.370303261,0,6,13,20
2,1,1048576,320,1,20,0.39,10486,0.420942209,0,7,14,23
2,1,1048576,320,1,20,0.4,10486,0.453461759,0,8,15,23
2,1,1048576,320,1,20,0.41,10485,0.510920362,0,9,17,29
2,1,1048576,320,1,20,0.42,10486,0.562559603,0,10,19,47
2,1,1048576,320,1,20,0.43,10486,0.690921228,0,11,23,44
2,1,1048576,320,1,20,0.44,10486,0.738127027,0,12,26,50
2,1,1048576,320,1,20,0.45,10485,0.860944206,0,14,33,52
2,1,1048576,320,1,20,0.46,10486,0.935628457,0,17,40,57
2,1,1048576,320,1,20,0.47,10486,1.16631699,0,20,50,105
2,1,1048576,320,1,20,0.48,10486,1.40902155,0,26,67,124
2,1,1048576,320,1,20,0.49,10485,1.95488794,0,39,121,202
2,1,1048576,320,1,20,0.5,9849,3.08833384,0,81,222,266
2,1,1048576,1280,4,1,0,10486,9.53652489e-05,0,0,0,1
2,1,1048576,1280,4,1,0.01,10486,0.000190730498,0,0,0,1
2,1,1048576,1280,4,1,0.02,10486,0.000762921991,0,0,0,2
2,1,1048576,1280,4,1,0.03,10486,0.00085828724,0,0,0,1
2,1,1048576,1280,4,1,0.04,10485,0.00238435861,0,0,1,2
2,1,1048576,1280,4,1,0.05,10486,0.00286095747,0,0,1,2
2,1,1048576,1280,4,1,0.06,10486,0.0046728972,0,0,1,2
2,1,1048576,1280,4,1,0.07,10486,0.00534045394,0,0,1,2
2,1,1048576,1280,4,1,0.08,10485,0.00791607058,0,0,1,2
2,1,1048576,1280,4,1,0.09,10486,0.00829677665,0,0,1,2
2,1,1048576,1280,4,1,0.1,10486,0.0126835781,0,1,2,5
2,1,1048576,1280,4,1,0.11,10486,0.0152584398,0,1,2,3
2,1,1048576,1280,4,1,0.12,10485,0.0195517406,0,1,2,4
2,1,1048576,1280,4,1,0.13,10486,0.0235552165,0,1,2,5
2,1,1048576,1280,4,1,0.14,10486,0.0303261492,0,1,3,4
2,1,1048576,1280,4,1,0.15,10486,0.0308983406,0,1,3,5
2,1,1048576,1280,4,1,0.16,10485,0.0354792561,0,1,3,6
2,1,1048576,1280,4,1,0.17,10486,0.0397673088,0,1,3,5
2,1,1048576,1280,4,1,0.18,10486,0.0453938585,0,1,3,5
2,1,1048576,1280,4,1,0.19,10486,0.0521647912,0,1,4,7
2,1,1048576,1280,4,1,0.2,10485,0.060944206,0,2,4,9
2,1,1048576,1280,4,1,0.21,10486,0.0718100324,0,2,5,6
2,1,1048576,1280,4,1,0.22,10486,0.0740034331,0,2,4,9
2,1,1048576,1280,4,1,0.23,10486,0.0952698837,0,2,4,8
2,1,1048576,1280,4,1,0.24,10485,0.0948974726,0,2,5,10
2,1,1048576,1280,4,1,0.25,10486,0.111481976,0,3,6,13
2,1,1048576,1280,4,1,0.26,10486,0.110909784,0,3,5,8
2,1,1048576,1280,4,1,0.27,10486,0.119301926,0,3,5,9
2,1,1048576,1280,4,1,0.28,10486,0.141998856,0,3,5,10
2,1,1048576,1280,4,1,0.29,10485,0.157558417,0,3,6,9
2,1,1048576,1280,4,1,0.3,10486,0.183578104,0,4,7,12
2,1,1048576,1280,4,1,0.31,10486,0.19549876,0,4,8,12
2,1,1048576,1280,4,1,0.32,10486,0.2242037,0,4,8,15
2,1,1048576,1280,4,1,0.33,10485,0.231855031,0,4,9,17
2,1,1048576,1280,4,1,0.34,10486,0.262063704,0,5,9,13
2,1,1048576,1280,4,1,0.35,10486,0.281995041,0,5,11,15
2,1,1048576,1280,4,1,0.36,10486,0.312893382,0,6,11,22
2,1,1048576,1280,4,1,0.37,10485,0.336957558,0,6,13,30
2,1,1048576,1280,4,1,0.38,10486,0.382891474,0,6,13,20
2,1,1048576,1280,4,1,0.39,10486,0.4327675,0,7,16,20
2,1,1048576,1280,4,1,0.4,10486,0.480164028,0,8,18,26
2,1,1048576,1280,4,1,0.41,10485,0.542870768,0,9,17,31
2,1,1048576,1280,4,1,0.42,10486,0.571714667,0,10,20,39
2,1,1048576,1280,4,1,0.43,10486,0.650009537,0,11,23,33
2,1,1048576,1280,4,1,0.44,10486,0.746423803,0,12,31,39
2,1,1048576,1280,4,1,0.45,10485,0.855030997,0,15,38,54
2,1,1048576,1280,4,1,0.46,10486,0.997615869,0,18,40,55
2,1,1048576,1280,4,1,0.47,10486,1.15334732,0,19,64,87
2,1,1048576,1280,4,1,0.48,10486,1.54072096,0,27,78,230
2,1,1048576,1280,4,1,0.49,9185,2.05574306,0,36,176,302
2,1,1048576,1280,4,2,0,10486,0,0,0,0,0
2,1,1048576,1280,4,2,0.01,10486,0.000381460996,0,0,0,2
2,1,1048576,1280,4,2,0.02,10486,0.000572191493,0,0,0,1
2,1,1048576,1280,4,2,0.03,10486,0.00114438299,0,0,1,1
2,1,1048576,1280,4,2,0.04,10485,0.00181211254,0,0,1,2
2,1,1048576,1280,4,2,0.05,10486,0.00352851421,0,0,1,2
2,1,1048576,1280,4,2,0.06,10486,0.0042914362,0,0,1,2
2,1,1048576,1280,4,2,0.07,10486,0.00724775892,0,0,1,3
2,1,1048576,1280,4,2,0.08,10485,0.00705770148,0,0,1,4
2,1,1048576,1280,4,2,0.09,10486,0.00905969865,0,0,1,3
2,1,1048576,1280,4,2,0.1,10486,0.0142094221,0,1,2,3
2,1,1048576,1280,4,2,0.11,10486,0.0126835781,0,1,2,2
2,1,1048576,1280,4,2,0.12,10485,0.0195517406,0,1,2,3
2,1,1048576,1280,4,2,0.13,10486,0.0209803548,0,1,2,4
2,1,1048576,1280,4,2,0.14,10486,0.0270837307,0,1,2,4
2,1,1048576,1280,4,2,0.15,10486,0.0329010109,0,1,3,6
2,1,1048576,1280,4,2,0.16,10485,0.037386743,0,1,3,5
2,1,1048576,1280,4,2,0.17,10486,0.0392904825,0,1,3,5
2,1,1048576,1280,4,2,0.18,10486,0.0466336067,0,2,3,5
2,1,1048576,1280,4,2,0.19,10486,0.0554072096,0,2,4,6
2,1,1048576,1280,4,2,0.2,10485,0.0592274678,0,2,4,7
2,1,1048576,1280,4,2,0.21,10486,0.0723822239,0,2,4,8
2,1,1048576,1280,4,2,0.22,10486,0.0780087736,0,2,4,9
2,1,1048576,1280,4,2,0.23,10486,0.0884035857,0,2,5,9
2,1,1048576,1280,4,2,0.24,10485,0.0901287554,0,2,4,7
2,1,1048576,1280,4,2,0.25,10486,0.111958802,0,3,6,7
2,1,1048576,1280,4,2,0.26,10486,0.119874118,0,3,6,13
2,1,1048576,1280,4,2,0.27,10486,0.125786763,0,3,6,8
2,1,1048576,1280,4,2,0.28,10486,0.145145909,0,3,6,8
2,1,1048576,1280,4,2,0.29,10485,0.154506438,0,3,7,12
2,1,1048576,1280,4,2,0.3,10486,0.173374023,0,3,7,13
2,1,1048576,1280,4,2,0.31,10486,0.199980927,0,4,8,13
2,1,1048576,1280,4,2,0.32,10486,0.23164219,0,5,9,14
2,1,1048576,1280,4,2,0.33,10485,0.247019552,0,5,10,17
2,1,1048576,1280,4,2,0.34,10486,0.260442495,0,5,10,18
2,1,1048576,1280,4,2,0.35,10486,0.284474537,0,5,10,16
2,1,1048576,1280,4,2,0.36,10486,0.336639329,0,6,12,18
2,1,1048576,1280,4,2,0.37,10485,0.340581784,0,6,13,19
2,1,1048576,1280,4,2,0.38,10486,0.380507343,0,6,14,24
2,1,1048576,1280,4,2,0.39,10486,0.412740797,0,7,14,19
2,1,1048576,1280,4,2,0.4,10486,0.467957276,0,8,17,52
2,1,1048576,1280,4,2,0.41,10485,0.526371006,0,9,18,31
2,1,1048576,1280,4,2,0.42,10486,0.598607667,0,10,20,45
2,1,1048576,1280,4,2,0.43,10486,0.63026893,0,10,21,67
2,1,1048576,1280,4,2,0.44,10486,0.805359527,0,13,29,39
2,1,1048576,1280,4,2,0.45,10485,0.85970434,0,15,34,61
2,1,1048576,1280,4,2,0.46,10486,1.0249857,0,18,46,62
2,1,1048576,1280,4,2,0.47,10486,1.21790959,0,22,62,126
2,1,1048576,1280,4,2,0.48,10486,1.4868396,0,26,77,120
2,1,1048576,1280,4,2,0.49,8290,2.09095296,0,42,127,163
2,1,1048576,1280,4,3,0,10486,9.53652489e-05,0,0,0,1
2,1,1048576,1280,4,3,0.01,10486,0.000286095747,0,0,0,1
2,1,1048576,1280,4,3,0.02,10486,0.000667556742,0,0,0,1
2,1,1048576,1280,4,3,0.03,10486,0.00209803548,0,0,1,1
2,1,1048576,1280,4,3,0.04,10485,0.00209823557,0,0,1,2
2,1,1048576,1280,4,3,0.05,10486,0.00324241846,0,0,1,3
2,1,1048576,1280,4,3,0.06,10486,0.00400534045,0,0,1,2
2,1,1048576,1280,4,3,0.07,10486,0.0046728972,0,0,1,2
2,1,1048576,1280,4,3,0.08,10485,0.0105865522,0,0,2,4
2,1,1048576,1280,4,3,0.09,10486,0.0104901774,0,0,2,3
2,1,1048576,1280,4,3,0.1,10486,0.0141140568,0,1,2,4
2,1,1048576,1280,4,3,0.11,10486,0.0163074576,0,1,2,5
2,1,1048576,1280,4,3,0.12,10485,0.0168812589,0,1,2,4
2,1,1048576,1280,4,3,0.13,10486,0.0223154682,0,1,2,4
2,1,1048576,1280,4,3,0.14,10486,0.0267976349,0,1,2,4
2,1,1048576,1280,4,3,0.15,10486,0.0300400534,0,1,3,5
2,1,1048576,1280,4,3,0.16,10485,0.0363376252,0,1,3,5
2,1,1048576,1280,4,3,0.17,10486,0.041007057,0,1,3,5
2,1,1048576,1280,4,3,0.18,10486,0.0464428762,0,1,3,6
2,1,1048576,1280,4,3,0.19,10486,0.0634178905,0,2,3,9
2,1,1048576,1280,4,3,0.2,10485,0.0599904626,0,2,4,6
2,1,1048576,1280,4,3,0.21,10486,0.0701888232,0,2,4,6
2,1,1048576,1280,4,3,0.22,10486,0.0786763303,0,2,5,7
2,1,1048576,1280,4,3,0.23,10486,0.0828724013,0,2,4,9
2,1,1048576,1280,4,3,0.24,10485,0.0954697186,0,2,5,7
2,1,1048576,1280,4,3,0.25,10486,0.10156399,0,2,5,9
2,1,1048576,1280,4,3,0.26,10486,0.123116536,0,3,6,11
2,1,1048576,1280,4,3,0.27,10486,0.130364295,0,3,6,12
2,1,1048576,1280,4,3,0.28,10486,0.136181575,0,3,6,9
2,1,1048576,1280,4,3,0.29,10485,0.157081545,0,4,6,9
2,1,1048576,1280,4,3,0.3,10486,0.171371352,0,3,7,9
2,1,1048576,1280,4,3,0.31,10486,0.183578104,0,4,8,17
2,1,1048576,1280,4,3,0.32,10486,0.211329392,0,4,8,16
2,1,1048576,1280,4,3,0.33,10485,0.226323319,0,4,9,20
2,1,1048576,1280,4,3,0.34,10486,0.270265115,0,5,10,16
2,1,1048576,1280,4,3,0.35,10486,0.289719626,0,5,12,17
2,1,1048576,1280,4,3,0.36,10486,0.310127789,0,6,10,21
2,1,1048576,1280,4,3,0.37,10485,0.340867907,0,6,12,25
2,1,1048576,1280,4,3,0.38,10486,0.370684722,0,6,14,20
2,1,1048576,1280,4,3,0.39,10486,0.392523364,0,7,13,22
2,1,1048576,1280,4,3,0.4,10486,0.466526798,0,8,16,24
2,1,1048576,1280,4,3,0.41,10485,0.483166428,0,8,17,22
2,1,1048576,1280,4,3,0.42,10486,0.551687965,0,10,19,35
2,1,1048576,1280,4,3,0.43,10486,0.629219912,0,10,20,48
2,1,1048576,1280,4,3,0.44,10486,0.664505054,0,11,22,36
2,1,1048576,1280,4,3,0.45,10485,0.811158798,0,14,28,39
2,1,1048576,1280,4,3,0.46,10486,0.90787717,0,15,30,50
2,1,1048576,1280,4,3,0.47,10486,1.05254625,0,17,47,93
2,1,1048576,1280,4,3,0.48,10486,1.24279992,0,22,51,86
2,1,1048576,1280,4,3,0.49,10485,1.51406772,0,26,69,150
2,1,1048576,1280,4,3,0.5,10486,2.50762922,0,50,196,368
2,1,1048576,1280,4,3,0.51,4194,6.57653791,0,280,507,841
2,1,1048576,1280,4,4,0,10486,0,0,0,0,0
2,1,1048576,1280,4,4,0.01,10486,0.000476826245,0,0,0,1
2,1,1048576,1280,4,4,0.02,10486,0.000572191493,0,0,0,2
2,1,1048576,1280,4,4,0.03,10486,0.00209803548,0,0,1,3
2,1,1048576,1280,4,4,0.04,10485,0.00228898426,0,0,1,1
2,1,1048576,1280,4,4,0.05,10486,0.00295632272,0,0,1,1
2,1,1048576,1280,4,4,0.06,10486,0.00457753195,0,0,1,2
2,1,1048576,1280,4,4,0.07,10486,0.00629410643,0,0,1,2
2,1,1048576,1280,4,4,0.08,10485,0.00696232713,0,0,1,2
2,1,1048576,1280,4,4,0.09,10486,0.0125882129,0,1,2,4
2,1,1048576,1280,4,4,0.1,10486,0.0135418653,0,1,2,4
2,1,1048576,1280,4,4,0.11,10486,0.0156399008,0,1,2,4
2,1,1048576,1280,4,4,0.12,10485,0.0192656175,0,1,2,5
2,1,1048576,1280,4,4,0.13,10486,0.0238413122,0,1,3,5
2,1,1048576,1280,4,4,0.14,10486,0.0235552165,0,1,2,5
2,1,1048576,1280,4,4,0.15,10486,0.0304215144,0,1,3,4
2,1,1048576,1280,4,4,0.16,10485,0.0335717692,0,1,3,5
2,1,1048576,1280,4,4,0.17,10486,0.0458706847,0,1,3,5
2,1,1048576,1280,4,4,0.18,10486,0.0490177379,0,1,3,5
2,1,1048576,1280,4,4,0.19,10486,0.0524508869,0,2,3,5
2,1,1048576,1280,4,4,0.2,10485,0.0590367191,0,2,4,6
2,1,1048576,1280,4,4,0.21,10486,0.069330536,0,2,4,6
2,1,1048576,1280,4,4,0.22,10486,0.0704749189,0,2,5,9
2,1,1048576,1280,4,4,0.23,10486,0.0849704368,0,2,5,7
2,1,1048576,1280,4,4,0.24,10485,0.0946113495,0,2,5,9
2,1,1048576,1280,4,4,0.25,10486,0.113484646,0,3,6,9
2,1,1048576,1280,4,4,0.26,10486,0.118443639,0,3,5,7
2,1,1048576,1280,4,4,0.27,10486,0.127312607,0,3,5,15
2,1,1048576,1280,4,4,0.28,10486,0.137993515,0,3,6,11
2,1,1048576,1280,4,4,0.29,10485,0.162136385,0,3,7,10
2,1,1048576,1280,4,4,0.3,10486,0.168510395,0,3,7,10
2,1,1048576,1280,4,4,0.31,10486,0.187774175,0,4,8,10
2,1,1048576,1280,4,4,0.32,10486,0.208277704,0,4,8,12
2,1,1048576,1280,4,4,0.33,10485,0.235193133,0,4,10,19
2,1,1048576,1280,4,4,0.34,10486,0.257676903,0,5,8,14
2,1,1048576,1280,4,4,0.35,10486,0.274175091,0,5,10,14
2,1,1048576,1280,4,4,0.36,10486,0.318901392,0,5,10,29
2,1,1048576,1280,4,4,0.37,10485,0.356413925,0,6,13,31
2,1,1048576,1280,4,4,0.38,10486,0.358001144,0,6,17,24
2,1,1048576,1280,4,4,0.39,10486,0.430764829,0,8,14,31
2,1,1048576,1280,4,4,0.4,10486,0.491703223,0,8,16,29
2,1,1048576,1280,4,4,0.41,10485,0.514926085,0,8,18,27
2,1,1048576,1280,4,4,0.42,10486,0.565706656,0,10,19,28
2,1,1048576,1280,4,4,0.43,10486,0.658592409,0,11,21,37
2,1,1048576,1280,4,4,0.44,10486,0.764257105,0,13,27,33
2,1,1048576,1280,4,4,0.45,10485,0.827944683,0,14,31,46
2,1,1048576,1280,4,4,0.46,10486,1.01106237,0,17,45,92
2,1,1048576,1280,4,4,0.47,10486,1.16231165,0,19,42,66
2,1,1048576,1280,4,4,0.48,10486,1.44630936,0,27,58,81
2,1,1048576,1280,4,4,0.49,10485,1.85770148,0,36,125,233
2,1,1048576,1280,4,4,0.5,6918,4.03136745,0,89,409,492
2,1,1048576,1280,4,5,0,10486,0,0,0,0,0
2,1,1048576,1280,4,5,0.01,10486,0.000190730498,0,0,0,1
2,1,1048576,1280,4,5,0.02,10486,0.000286095747,0,0,0,1
2,1,1048576,1280,4,5,0.03,10486,0.00114438299,0,0,0,3
2,1,1048576,1280,4,5,0.04,10485,0.0025751073,0,0,1,3
2,1,1048576,1280,4,5,0.05,10486,0.00314705321,0,0,1,2
2,1,1048576,1280,4,5,0.06,10486,0.00486362769,0,0,1,2
2,1,1048576,1280,4,5,0.07,10486,0.00572191493,0,0,1,2
2,1,1048576,1280,4,5,0.08,10485,0.0103958035,0,0,2,3
2,1,1048576,1280,4,5,0.09,10486,0.0123974824,0,0,2,5
2,1,1048576,1280,4,5,0.1,10486,0.0131604043,0,1,2,4
2,1,1048576,1280,4,5,0.11,10486,0.0149723441,0,1,2,5
2,1,1048576,1280,4,5,0.12,10485,0.0191702432,0,1,2,4
2,1,1048576,1280,4,5,0.13,10486,0.0216479115,0,1,2,4
2,1,1048576,1280,4,5,0.14,10486,0.0255578867,0,1,2,4
2,1,1048576,1280,4,5,0.15,10486,0.0301354187,0,1,3,5
2,1,1048576,1280,4,5,0.16,10485,0.03490701,0,1,3,5
2,1,1048576,1280,4,5,0.17,10486,0.045203128,0,1,3,5
2,1,1048576,1280,4,5,0.18,10486,0.0494945642,0,2,4,5
2,1,1048576,1280,4,5,0.19,10486,0.0522601564,0,2,4,6
2,1,1048576,1280,4,5,0.2,10485,0.0599904626,0,2,4,6
2,1,1048576,1280,4,5,0.21,10486,0.068186153,0,2,4,7
2,1,1048576,1280,4,5,0.22,10486,0.0720961282,0,2,4,5
2,1,1048576,1280,4,5,0.23,10486,0.0918367347,0,2,5,6
2,1,1048576,1280,4,5,0.24,10485,0.0945159752,0,2,5,8
2,1,1048576,1280,4,5,0.25,10486,0.110528323,0,2,6,8
2,1,1048576,1280,4,5,0.26,10486,0.119206561,0,3,5,8
2,1,1048576,1280,4,5,0.27,10486,0.136753767,0,3,6,10
2,1,1048576,1280,4,5,0.28,10486,0.141522029,0,3,6,10
2,1,1048576,1280,4,5,0.29,10485,0.153934192,0,3,7,9
2,1,1048576,1280,4,5,0.3,10486,0.184341026,0,4,7,13
2,1,1048576,1280,4,5,0.31,10486,0.198455083,0,4,8,17
2,1,1048576,1280,4,5,0.32,10486,0.19912264,0,4,8,14
2,1,1048576,1280,4,5,0.33,10485,0.232522651,0,5,9,13
2,1,1048576,1280,4,5,0.34,10486,0.267690254,0,5,9,20
2,1,1048576,1280,4,5,0.35,10486,0.293915697,0,5,10,24
2,1,1048576,1280,4,5,0.36,10486,0.330345222,0,6,11,15
2,1,1048576,1280,4,5,0.37,10485,0.354029566,0,6,13,25
2,1,1048576,1280,4,5,0.38,10486,0.379839786,0,7,14,19
2,1,1048576,1280,4,5,0.39,10486,0.401392333,0,7,13,20
2,1,1048576,1280,4,5,0.4,10486,0.46366584,0,8,16,30
2,1,1048576,1280,4,5,0.41,10485,0.488316643,0,8,16,23
2,1,1048576,1280,4,5,0.42,10486,0.554548922,0,9,20,42
2,1,1048576,1280,4,5,0.43,10486,0.642761778,0,10,25,36
2,1,1048576,1280,4,5,0.44,10486,0.748712569,0,13,29,40
2,1,1048576,1280,4,5,0.45,10485,0.898044826,0,15,37,67
2,1,1048576,1280,4,5,0.46,10486,0.960423422,0,16,37,60
2,1,1048576,1280,4,5,0.47,10486,1.15639901,0,20,56,120
2,1,1048576,1280,4,5,0.48,10486,1.41703223,0,27,70,98
2,1,1048576,1280,4,5,0.49,10485,2.22479733,0,51,130,205
2,1,1048576,1280,4,5,0.5,6447,4.02078486,0,116,250,523
2,1,1048576,1280,4,6,0,10486,9.53652489e-05,0,0,0,1
2,1,1048576,1280,4,6,0.01,10486,0.000381460996,0,0,0,2
2,1,1048576,1280,4,6,0.02,10486,0.000572191493,0,0,0,2
2,1,1048576,1280,4,6,0.03,10486,0.00114438299,0,0,1,2
2,1,1048576,1280,4,6,0.04,10485,0.00200286123,0,0,1,3
2,1,1048576,1280,4,6,0.05,10486,0.00276559222,0,0,1,3
2,1,1048576,1280,4,6,0.06,10486,0.00476826245,0,0,1,2
2,1,1048576,1280,4,6,0.07,10486,0.00600801068,0,0,1,2
2,1,1048576,1280,4,6,0.08,10485,0.00715307582,0,0,1,2
2,1,1048576,1280,4,6,0.09,10486,0.00982262064,0,0,1,3
2,1,1048576,1280,4,6,0.1,10486,0.0112530994,0,1,2,3
2,1,1048576,1280,4,6,0.11,10486,0.0134465001,0,1,2,2
2,1,1048576,1280,4,6,0.12,10485,0.0183118741,0,1,2,3
2,1,1048576,1280,4,6,0.13,10486,0.024508869,0,1,2,4
2,1,1048576,1280,4,6,0.14,10486,0.0291817662,0,1,3,5
2,1,1048576,1280,4,6,0.15,10486,0.0290864009,0,1,3,4
2,1,1048576,1280,4,6,0.16,10485,0.0348116357,0,1,3,5
2,1,1048576,1280,4,6,0.17,10486,0.0391951173,0,1,4,6
2,1,1048576,1280,4,6,0.18,10486,0.0445355712,0,1,4,8
2,1,1048576,1280,4,6,0.19,10486,0.0508296777,0,2,3,8
2,1,1048576,1280,4,6,0.2,10485,0.0608488317,0,2,4,6
2,1,1048576,1280,4,6,0.21,10486,0.0722868587,0,2,5,10
2,1,1048576,1280,4,6,0.22,10486,0.0817280183,0,2,5,8
2,1,1048576,1280,4,6,0.23,10486,0.0876406637,0,2,5,9
2,1,1048576,1280,4,6,0.24,10485,0.0962327134,0,2,5,9
2,1,1048576,1280,4,6,0.25,10486,0.105092504,0,2,5,13
2,1,1048576,1280,4,6,0.26,10486,0.115678047,0,2,6,9
2,1,1048576,1280,4,6,0.27,10486,0.133988175,0,3,5,16
2,1,1048576,1280,4,6,0.28,10486,0.142952508,0,3,7,9
2,1,1048576,1280,4,6,0.29,10485,0.159179781,0,3,8,19
2,1,1048576,1280,4,6,0.3,10486,0.176807171,0,3,8,14
2,1,1048576,1280,4,6,0.31,10486,0.195212665,0,4,8,15
2,1,1048576,1280,4,6,0.32,10486,0.210947931,0,4,10,13
2,1,1048576,1280,4,6,0.33,10485,0.218311874,0,4,9,12
2,1,1048576,1280,4,6,0.34,10486,0.260156399,0,5,9,13
2,1,1048576,1280,4,6,0.35,10486,0.283711615,0,5,11,22
2,1,1048576,1280,4,6,0.36,10486,0.306027084,0,5,11,18
2,1,1048576,1280,4,6,0.37,10485,0.34115403,0,6,12,22
2,1,1048576,1280,4,6,0.38,10486,0.37373641,0,6,12,20
2,1,1048576,1280,4,6,0.39,10486,0.409116918,0,7,14,25
2,1,1048576,1280,4,6,0.4,10486,0.429906542,0,7,16,22
2,1,1048576,1280,4,6,0.41,10485,0.548974726,0,9,20,37
2,1,1048576,1280,4,6,0.42,10486,0.604520313,0,10,19,46
2,1,1048576,1280,4,6,0.43,10486,0.690158306,0,12,24,35
2,1,1048576,1280,4,6,0.44,10486,0.698455083,0,11,25,50
2,1,1048576,1280,4,6,0.45,10485,0.787029089,0,13,27,64
2,1,1048576,1280,4,6,0.46,10486,0.969101659,0,17,34,59
2,1,1048576,1280,4,6,0.47,10486,1.12092314,0,19,39,56
2,1,1048576,1280,4,6,0.48,10486,1.2535762,0,22,49,88
2,1,1048576,1280,4,6,0.49,10485,1.80696233,0,36,89,156
2,1,1048576,1280,4,6,0.5,9472,2.7265625,0,61,187,288
2,1,1048576,1280,4,7,0,10486,0,0,0,0,0
2,1,1048576,1280,4,7,0.01,10486,0.000190730498,0,0,0,1
2,1,1048576,1280,4,7,0.02,10486,0.00085828724,0,0,0,2
2,1,1048576,1280,4,7,0.03,10486,0.000762921991,0,0,0,1
2,1,1048576,1280,4,7,0.04,10485,0.0017167382,0,0,1,1
2,1,1048576,1280,4,7,0.05,10486,0.00343314896,0,0,1,3
2,1,1048576,1280,4,7,0.06,10486,0.0046728972,0,0,1,2
2,1,1048576,1280,4,7,0.07,10486,0.00638947168,0,0,1,3
2,1,1048576,1280,4,7,0.08,10485,0.00829756795,0,0,1,3
2,1,1048576,1280,4,7,0.09,10486,0.0107762731,0,0,2,3
2,1,1048576,1280,4,7,0.1,10486,0.0126835781,0,1,2,4
2,1,1048576,1280,4,7,0.11,10486,0.0186915888,0,1,2,4
2,1,1048576,1280,4,7,0.12,10485,0.0184072485,0,1,2,5
2,1,1048576,1280,4,7,0.13,10486,0.025653252,0,1,3,5
2,1,1048576,1280,4,7,0.14,10486,0.0269883654,0,1,3,4
2,1,1048576,1280,4,7,0.15,10486,0.0286095747,0,1,2,5
2,1,1048576,1280,4,7,0.16,10485,0.0395803529,0,1,3,6
2,1,1048576,1280,4,7,0.17,10486,0.045203128,0,1,3,7
2,1,1048576,1280,4,7,0.18,10486,0.0502574862,0,2,4,6
2,1,1048576,1280,4,7,0.19,10486,0.0534045394,0,2,4,8
2,1,1048576,1280,4,7,0.2,10485,0.0610395804,0,2,4,5
2,1,1048576,1280,4,7,0.21,10486,0.0682815182,0,2,4,8
2,1,1048576,1280,4,7,0.22,10486,0.0741941636,0,2,4,9
2,1,1048576,1280,4,7,0.23,10486,0.090787717,0,2,5,7
2,1,1048576,1280,4,7,0.24,10485,0.09527897,0,2,5,9
2,1,1048576,1280,4,7,0.25,10486,0.113866107,0,3,5,13
2,1,1048576,1280,4,7,0.26,10486,0.123688728,0,3,6,17
2,1,1048576,1280,4,7,0.27,10486,0.144192256,0,3,7,11
2,1,1048576,1280,4,7,0.28,10486,0.14953271,0,3,6,10
2,1,1048576,1280,4,7,0.29,10485,0.165665236,0,3,7,13
2,1,1048576,1280,4,7,0.3,10486,0.182910547,0,4,8,11
2,1,1048576,1280,4,7,0.31,10486,0.197024604,0,4,8,12
2,1,1048576,1280,4,7,0.32,10486,0.214762541,0,4,8,13
2,1,1048576,1280,4,7,0.33,10485,0.237482117,0,4,10,18
2,1,1048576,1280,4,7,0.34,10486,0.25472058,0,5,10,18
2,1,1048576,1280,4,7,0.35,10486,0.28561892,0,5,11,16
2,1,1048576,1280,4,7,0.36,10486,0.32939157,0,6,12,20
2,1,1048576,1280,4,7,0.37,10485,0.329899857,0,6,12,17
2,1,1048576,1280,4,7,0.38,10486,0.386896815,0,7,13,21
2,1,1048576,1280,4,7,0.39,10486,0.39862674,0,7,14,27
2,1,1048576,1280,4,7,0.4,10486,0.476349418,0,8,18,33
2,1,1048576,1280,4,7,0.41,10485,0.543538388,0,9,22,38
2,1,1048576,1280,4,7,0.42,10486,0.555502575,0,9,20,33
2,1,1048576,1280,4,7,0.43,10486,0.688823193,0,12,27,40
2,1,1048576,1280,4,7,0.44,10486,0.734789243,0,12,33,51
2,1,1048576,1280,4,7,0.45,10485,0.852551264,0,14,36,83
2,1,1048576,1280,4,7,0.46,10486,0.945737173,0,15,41,83
2,1,1048576,1280,4,7,0.47,10486,1.22811368,0,22,69,109
2,1,1048576,1280,4,7,0.48,10486,1.61539195,0,29,107,208
2,1,1048576,1280,4,7,0.49,7847,2.54122595,0,46,236,352
2,1,1048576,1280,4,8,0,10486,0,0,0,0,0
2,1,1048576,1280,4,8,0.01,10486,9.53652489e-05,0,0,0,1
2,1,1048576,1280,4,8,0.02,10486,0.000476826245,0,0,0,1
2,1,1048576,1280,4,8,0.03,10486,0.00133511348,0,0,1,2
2,1,1048576,1280,4,8,0.04,10485,0.00143061516,0,0,1,1
2,1,1048576,1280,4,8,0.05,10486,0.00267022697,0,0,1,2
2,1,1048576,1280,4,8,0.06,10486,0.0046728972,0,0,1,3
2,1,1048576,1280,4,8,0.07,10486,0.00610337593,0,0,1,2
2,1,1048576,1280,4,8,0.08,10485,0.00867906533,0,0,1,3
2,1,1048576,1280,4,8,0.09,10486,0.0104901774,0,0,2,5
2,1,1048576,1280,4,8,0.1,10486,0.0130650391,0,1,2,4
2,1,1048576,1280,4,8,0.11,10486,0.0140186916,0,1,2,4
2,1,1048576,1280,4,8,0.12,10485,0.0206008584,0,1,2,5
2,1,1048576,1280,4,8,0.13,10486,0.0254625215,0,1,3,5
2,1,1048576,1280,4,8,0.14,10486,0.0261300782,0,1,3,6
2,1,1048576,1280,4,8,0.15,10486,0.0313751669,0,1,2,3
2,1,1048576,1280,4,8,0.16,10485,0.0408202194,0,1,3,5
2,1,1048576,1280,4,8,0.17,10486,0.042532901,0,1,4,8
2,1,1048576,1280,4,8,0.18,10486,0.0534045394,0,2,4,7
2,1,1048576,1280,4,8,0.19,10486,0.0541674614,0,2,4,6
2,1,1048576,1280,4,8,0.2,10485,0.0595135908,0,2,5,8
2,1,1048576,1280,4,8,0.21,10486,0.0679000572,0,2,4,7
2,1,1048576,1280,4,8,0.22,10486,0.0663742132,0,2,4,6
2,1,1048576,1280,4,8,0.23,10486,0.0797253481,0,2,5,8
2,1,1048576,1280,4,8,0.24,10485,0.0933714831,0,2,5,6
2,1,1048576,1280,4,8,0.25,10486,0.107953462,0,2,5,8
2,1,1048576,1280,4,8,0.26,10486,0.115868777,0,3,6,13
2,1,1048576,1280,4,8,0.27,10486,0.123784093,0,3,6,12
2,1,1048576,1280,4,8,0.28,10486,0.140473012,0,3,6,11
2,1,1048576,1280,4,8,0.29,10485,0.158989032,0,3,6,12
2,1,1048576,1280,4,8,0.3,10486,0.17823765,0,3,9,14
2,1,1048576,1280,4,8,0.31,10486,0.196452413,0,4,8,15
2,1,1048576,1280,4,8,0.32,10486,0.201792867,0,4,8,12
2,1,1048576,1280,4,8,0.33,10485,0.237005246,0,4,9,12
2,1,1048576,1280,4,8,0.34,10486,0.229544154,0,4,9,31
2,1,1048576,1280,4,8,0.35,10486,0.288479878,0,5,11,21
2,1,1048576,1280,4,8,0.36,10486,0.305931718,0,5,12,23
2,1,1048576,1280,4,8,0.37,10485,0.331711969,0,6,12,16
2,1,1048576,1280,4,8,0.38,10486,0.355330917,0,6,12,18
2,1,1048576,1280,4,8,0.39,10486,0.436105283,0,7,15,31
2,1,1048576,1280,4,8,0.4,10486,0.459374404,0,7,17,26
2,1,1048576,1280,4,8,0.41,10485,0.508249881,0,8,19,37
2,1,1048576,1280,4,8,0.42,10486,0.568949075,0,9,19,36
2,1,1048576,1280,4,8,0.43,10486,0.642189586,0,10,21,68
2,1,1048576,1280,4,8,0.44,10486,0.770837307,0,12,28,80
2,1,1048576,1280,4,8,0.45,10485,0.836623748,0,14,29,48
2,1,1048576,1280,4,8,0.46,10486,0.944020599,0,16,40,80
2,1,1048576,1280,4,8,0.47,10486,1.05884036,0,18,40,50
2,1,1048576,1280,4,8,0.48,10486,1.28437917,0,22,58,80
2,1,1048576,1280,4,8,0.49,10485,1.67257988,0,30,79,165
2,1,1048576,1280,4,8,0.5,10486,2.93047873,0,54,308,479
2,1,1048576,1280,4,8,0.51,245,6.91836735,0,287,320,320
2,1,1048576,1280,4,9,0,10486,0,0,0,0,0
2,1,1048576,1280,4,9,0.01,10486,0.000381460996,0,0,0,2
2,1,1048576,1280,4,9,0.02,10486,0.000667556742,0,0,0,2
2,1,1048576,1280,4,9,0.03,10486,0.000953652489,0,0,0,1
2,1,1048576,1280,4,9,0.04,10485,0.00247973295,0,0,1,2
2,1,1048576,1280,4,9,0.05,10486,0.00362387946,0,0,1,2
2,1,1048576,1280,4,9,0.06,10486,0.0041007057,0,0,1,3
2,1,1048576,1280,4,9,0.07,10486,0.00591264543,0,0,1,2
2,1,1048576,1280,4,9,0.08,10485,0.00810681927,0,0,2,2
2,1,1048576,1280,4,9,0.09,10486,0.0105855426,0,0,2,2
2,1,1048576,1280,4,9,0.1,10486,0.0136372306,0,1,2,3
2,1,1048576,1280,4,9,0.11,10486,0.0133511348,0,1,2,4
2,1,1048576,1280,4,9,0.12,10485,0.0179303767,0,1,2,4
2,1,1048576,1280,4,9,0.13,10486,0.0242227732,0,1,3,8
2,1,1048576,1280,4,9,0.14,10486,0.0262254434,0,1,2,5
2,1,1048576,1280,4,9,0.15,10486,0.0336639329,0,1,3,6
2,1,1048576,1280,4,9,0.16,10485,0.0403433476,0,1,3,6
2,1,1048576,1280,4,9,0.17,10486,0.04215144,0,1,3,4
2,1,1048576,1280,4,9,0.18,10486,0.0451077627,0,1,3,5
2,1,1048576,1280,4,9,0.19,10486,0.0530230784,0,2,3,6
2,1,1048576,1280,4,9,0.2,10485,0.0618025751,0,2,4,8
2,1,1048576,1280,4,9,0.21,10486,0.0738127027,0,2,4,8
2,1,1048576,1280,4,9,0.22,10486,0.0759107381,0,2,5,9
2,1,1048576,1280,4,9,0.23,10486,0.08811749,0,2,5,10
2,1,1048576,1280,4,9,0.24,10485,0.0970910825,0,2,5,8
2,1,1048576,1280,4,9,0.25,10486,0.111577341,0,3,5,10
2,1,1048576,1280,4,9,0.26,10486,0.11701316,0,3,6,11
2,1,1048576,1280,4,9,0.27,10486,0.133797444,0,3,6,11
2,1,1048576,1280,4,9,0.28,10486,0.144096891,0,3,8,13
2,1,1048576,1280,4,9,0.29,10485,0.160991893,0,3,6,10
2,1,1048576,1280,4,9,0.3,10486,0.191970246,0,4,8,14
2,1,1048576,1280,4,9,0.31,10486,0.20293725,0,4,8,10
2,1,1048576,1280,4,9,0.32,10486,0.19149342,0,4,8,10
2,1,1048576,1280,4,9,0.33,10485,0.238817358,0,4,10,15
2,1,1048576,1280,4,9,0.34,10486,0.254148388,0,5,10,33
2,1,1048576,1280,4,9,0.35,10486,0.312988747,0,6,11,21
2,1,1048576,1280,4,9,0.36,10486,0.315563609,0,6,11,18
2,1,1048576,1280,4,9,0.37,10485,0.351454459,0,7,13,35
2,1,1048576,1280,4,9,0.38,10486,0.380125882,0,7,14,25
2,1,1048576,1280,4,9,0.39,10486,0.395002861,0,7,16,24
2,1,1048576,1280,4,9,0.4,10486,0.48273889,0,8,17,33
2,1,1048576,1280,4,9,0.41,10485,0.513781593,0,9,18,26
2,1,1048576,1280,4,9,0.42,10486,0.591550639,0,9,19,31
2,1,1048576,1280,4,9,0.43,10486,0.661548732,0,11,24,39
2,1,1048576,1280,4,9,0.44,10486,0.701220675,0,11,24,62
2,1,1048576,1280,4,9,0.45,10485,0.891845494,0,16,32,73
2,1,1048576,1280,4,9,0.46,10486,1.01468625,0,17,41,107
2,1,1048576,1280,4,9,0.47,10486,1.14285714,0,19,48,137
2,1,1048576,1280,4,9,0.48,10486,1.41550639,0,25,66,140
2,1,1048576,1280,4,9,0.49,10485,2.00114449,0,40,137,266
2,1,1048576,1280,4,9,0.5,4702,3.02190557,0,74,236,307
2,1,1048576,1280,4,10,0,10486,0,0,0,0,0
2,1,1048576,1280,4,10,0.01,10486,0.000286095747,0,0,0,1
2,1,1048576,1280,4,10,0.02,10486,0.000190730498,0,0,0,1
2,1,1048576,1280,4,10,0.03,10486,0.00152584398,0,0,1,1
2,1,1048576,1280,4,10,0.04,10485,0.00200286123,0,0,1,1
2,1,1048576,1280,4,10,0.05,10486,0.00324241846,0,0,1,2
2,1,1048576,1280,4,10,0.06,10486,0.00524508869,0,0,1,3
2,1,1048576,1280,4,10,0.07,10486,0.00686629792,0,0,1,4
2,1,1048576,1280,4,10,0.08,10485,0.0092513114,0,0,2,3
2,1,1048576,1280,4,10,0.09,10486,0.0114438299,0,1,2,4
2,1,1048576,1280,4,10,0.1,10486,0.0135418653,0,1,2,5
2,1,1048576,1280,4,10,0.11,10486,0.0170703796,0,1,2,4
2,1,1048576,1280,4,10,0.12,10485,0.0214592275,0,1,2,3
2,1,1048576,1280,4,10,0.13,10486,0.0284188442,0,1,3,5
2,1,1048576,1280,4,10,0.14,10486,0.0246042342,0,1,3,5
2,1,1048576,1280,4,10,0.15,10486,0.0289910357,0,1,3,4
2,1,1048576,1280,4,10,0.16,10485,0.0395803529,0,1,3,6
2,1,1048576,1280,4,10,0.17,10486,0.0404348655,0,1,3,6
2,1,1048576,1280,4,10,0.18,10486,0.0460614152,0,1,3,5
2,1,1048576,1280,4,10,0.19,10486,0.0545489224,0,1,3,5
2,1,1048576,1280,4,10,0.2,10485,0.0597997139,0,2,4,7
2,1,1048576,1280,4,10,0.21,10486,0.0743848941,0,2,4,7
2,1,1048576,1280,4,10,0.22,10486,0.0762921991,0,2,4,8
2,1,1048576,1280,4,10,0.23,10486,0.0866870113,0,2,5,8
2,1,1048576,1280,4,10,0.24,10485,0.0973772055,0,2,5,8
2,1,1048576,1280,4,10,0.25,10486,0.114056838,0,3,6,8
2,1,1048576,1280,4,10,0.26,10486,0.122258249,0,3,6,9
2,1,1048576,1280,4,10,0.27,10486,0.13608621,0,3,6,10
2,1,1048576,1280,4,10,0.28,10486,0.129410643,0,3,6,13
2,1,1048576,1280,4,10,0.29,10485,0.163948498,0,3,7,10
2,1,1048576,1280,4,10,0.3,10486,0.171657448,0,4,8,15
2,1,1048576,1280,4,10,0.31,10486,0.199218005,0,4,8,16
2,1,1048576,1280,4,10,0.32,10486,0.219340072,0,4,9,15
2,1,1048576,1280,4,10,0.33,10485,0.242823081,0,5,9,17
2,1,1048576,1280,4,10,0.34,10486,0.285046729,0,5,10,26
2,1,1048576,1280,4,10,0.35,10486,0.290768644,0,6,11,17
2,1,1048576,1280,4,10,0.36,10486,0.316517261,0,6,12,27
2,1,1048576,1280,4,10,0.37,10485,0.355555556,0,6,14,25
2,1,1048576,1280,4,10,0.38,10486,0.38880412,0,7,14,24
2,1,1048576,1280,4,10,0.39,10486,0.404730116,0,7,15,28
2,1,1048576,1280,4,10,0.4,10486,0.45002861,0,8,18,33
2,1,1048576,1280,4,10,0.41,10485,0.50910825,0,8,19,32
2,1,1048576,1280,4,10,0.42,10486,0.602708373,0,10,21,27
2,1,1048576,1280,4,10,0.43,10486,0.678142285,0,11,22,42
2,1,1048576,1280,4,10,0.44,10486,0.785046729,0,13,30,46
2,1,1048576,1280,4,10,0.45,10485,0.880972818,0,16,33,58
2,1,1048576,1280,4,10,0.46,10486,1.06427618,0,18,43,64
2,1,1048576,1280,4,10,0.47,10486,1.20379554,0,20,56,123
2,1,1048576,1280,4,10,0.48,10486,1.54587068,0,29,95,128
2,1,1048576,1280,4,10,0.49,10485,2.45932284,0,44,252,402
2,1,1048576,1280,4,10,0.5,3083,4.89166396,0,113,587,665
2,1,1048576,1280,4,11,0,10486,0,0,0,0,0
2,1,1048576,1280,4,11,0.01,10486,0.000190730498,0,0,0,1
2,1,1048576,1280,4,11,0.02,10486,0.000953652489,0,0,0,3
2,1,1048576,1280,4,11,0.03,10486,0.00104901774,0,0,0,2
2,1,1048576,1280,4,11,0.04,10485,0.00133524082,0,0,1,1
2,1,1048576,1280,4,11,0.05,10486,0.00305168796,0,0,1,2
2,1,1048576,1280,4,11,0.06,10486,0.00343314896,0,0,1,2
2,1,1048576,1280,4,11,0.07,10486,0.00562654969,0,0,1,2
2,1,1048576,1280,4,11,0.08,10485,0.00772532189,0,0,1,4
2,1,1048576,1280,4,11,0.09,10486,0.0115391951,0,0,2,4
2,1,1048576,1280,4,11,0.1,10486,0.0141140568,0,1,2,4
2,1,1048576,1280,4,11,0.11,10486,0.0133511348,0,1,2,4
2,1,1048576,1280,4,11,0.12,10485,0.0186933715,0,1,2,5
2,1,1048576,1280,4,11,0.13,10486,0.0246995995,0,1,2,4
2,1,1048576,1280,4,11,0.14,10486,0.0272744612,0,1,2,5
2,1,1048576,1280,4,11,0.15,10486,0.0282281137,0,1,3,5
2,1,1048576,1280,4,11,0.16,10485,0.0385312351,0,1,3,4
2,1,1048576,1280,4,11,0.17,10486,0.0391951173,0,1,3,4
2,1,1048576,1280,4,11,0.18,10486,0.0498760252,0,1,4,6
2,1,1048576,1280,4,11,0.19,10486,0.0529277131,0,2,4,5
2,1,1048576,1280,4,11,0.2,10485,0.0550309967,0,2,3,6
2,1,1048576,1280,4,11,0.21,10486,0.0645622735,0,2,4,8
2,1,1048576,1280,4,11,0.22,10486,0.0832538623,0,2,4,9
2,1,1048576,1280,4,11,0.23,10486,0.0898340645,0,2,5,10
2,1,1048576,1280,4,11,0.24,10485,0.105007153,0,3,6,9
2,1,1048576,1280,4,11,0.25,10486,0.110051497,0,2,5,8
2,1,1048576,1280,4,11,0.26,10486,0.119397292,0,3,6,10
2,1,1048576,1280,4,11,0.27,10486,0.129792104,0,3,6,10
2,1,1048576,1280,4,11,0.28,10486,0.144764448,0,3,6,9
2,1,1048576,1280,4,11,0.29,10485,0.159847401,0,3,7,15
2,1,1048576,1280,4,11,0.3,10486,0.183959565,0,4,8,10
2,1,1048576,1280,4,11,0.31,10486,0.210185009,0,4,9,13
2,1,1048576,1280,4,11,0.32,10486,0.219053977,0,4,9,16
2,1,1048576,1280,4,11,0.33,10485,0.249594659,0,5,9,16
2,1,1048576,1280,4,11,0.34,10486,0.269883654,0,5,9,16
2,1,1048576,1280,4,11,0.35,10486,0.288765974,0,5,10,19
2,1,1048576,1280,4,11,0.36,10486,0.328628648,0,6,13,23
2,1,1048576,1280,4,11,0.37,10485,0.379780639,0,7,14,23
2,1,1048576,1280,4,11,0.38,10486,0.385752432,0,7,13,23
2,1,1048576,1280,4,11,0.39,10486,0.458802212,0,7,16,24
2,1,1048576,1280,4,11,0.4,10486,0.503909975,0,8,18,29
2,1,1048576,1280,4,11,0.41,10485,0.525035765,0,9,20,30
2,1,1048576,1280,4,11,0.42,10486,0.610814419,0,10,21,40
2,1,1048576,1280,4,11,0.43,10486,0.66278848,0,11,23,43
2,1,1048576,1280,4,11,0.44,10486,0.746519168,0,12,28,62
2,1,1048576,1280,4,11,0.45,10485,0.887076776,0,14,33,73
2,1,1048576,1280,4,11,0.46,10486,1.02336449,0,18,42,60
2,1,1048576,1280,4,11,0.47,10486,1.14514591,0,20,44,77
2,1,1048576,1280,4,11,0.48,10486,1.54043487,0,30,69,114
2,1,1048576,1280,4,11,0.49,10485,2.02260372,0,40,131,235
2,1,1048576,1280,4,11,0.5,5513,4.91801197,0,145,487,546
2,1,1048576,1280,4,12,0,10486,0,0,0,0,0
2,1,1048576,1280,4,12,0.01,10486,0.000476826245,0,0,0,1
2,1,1048576,1280,4,12,0.02,10486,0.000476826245,0,0,0,1
2,1,1048576,1280,4,12,0.03,10486,0.00162120923,0,0,1,2
2,1,1048576,1280,4,12,0.04,10485,0.00133524082,0,0,1,1
2,1,1048576,1280,4,12,0.05,10486,0.00247949647,0,0,1,1
2,1,1048576,1280,4,12,0.06,10486,0.0042914362,0,0,1,2
2,1,1048576,1280,4,12,0.07,10486,0.00648483693,0,0,1,2
2,1,1048576,1280,4,12,0.08,10485,0.00886981402,0,0,1,3
2,1,1048576,1280,4,12,0.09,10486,0.0122067519,0,1,2,3
2,1,1048576,1280,4,12,0.1,10486,0.0115391951,0,0,2,3
2,1,1048576,1280,4,12,0.11,10486,0.0157352661,0,1,2,4
2,1,1048576,1280,4,12,0.12,10485,0.017167382,0,1,2,3
2,1,1048576,1280,4,12,0.13,10486,0.0216479115,0,1,3,4
2,1,1048576,1280,4,12,0.14,10486,0.0278466527,0,1,3,5
2,1,1048576,1280,4,12,0.15,10486,0.0304215144,0,1,3,10
2,1,1048576,1280,4,12,0.16,10485,0.0329995231,0,1,3,5
2,1,1048576,1280,4,12,0.17,10486,0.04215144,0,1,3,7
2,1,1048576,1280,4,12,0.18,10486,0.0473965287,0,1,3,5
2,1,1048576,1280,4,12,0.19,10486,0.0515925997,0,2,3,6
2,1,1048576,1280,4,12,0.2,10485,0.0648545541,0,2,4,6
2,1,1048576,1280,4,12,0.21,10486,0.0713332062,0,2,5,7
2,1,1048576,1280,4,12,0.22,10486,0.0724775892,0,2,5,7
2,1,1048576,1280,4,12,0.23,10486,0.087354568,0,2,4,7
2,1,1048576,1280,4,12,0.24,10485,0.0998569385,0,2,5,11
2,1,1048576,1280,4,12,0.25,10486,0.110814419,0,3,6,7
2,1,1048576,1280,4,12,0.26,10486,0.12063704,0,3,6,15
2,1,1048576,1280,4,12,0.27,10486,0.133511348,0,3,6,11
2,1,1048576,1280,4,12,0.28,10486,0.145336639,0,3,6,17
2,1,1048576,1280,4,12,0.29,10485,0.157749165,0,3,7,14
2,1,1048576,1280,4,12,0.3,10486,0.169750143,0,3,7,12
2,1,1048576,1280,4,12,0.31,10486,0.1973107,0,4,8,18
2,1,1048576,1280,4,12,0.32,10486,0.207037955,0,4,9,13
2,1,1048576,1280,4,12,0.33,10485,0.239771102,0,4,9,14
2,1,1048576,1280,4,12,0.34,10486,0.274556552,0,5,9,25
2,1,1048576,1280,4,12,0.35,10486,0.29105474,0,5,12,17
2,1,1048576,1280,4,12,0.36,10486,0.320999428,0,6,11,15
2,1,1048576,1280,4,12,0.37,10485,0.355078684,0,6,12,24
2,1,1048576,1280,4,12,0.38,10486,0.396051879,0,7,14,25
2,1,1048576,1280,4,12,0.39,10486,0.431337021,0,7,15,38
2,1,1048576,1280,4,12,0.4,10486,0.462044631,0,8,16,33
2,1,1048576,1280,4,12,0.41,10485,0.514258464,0,9,17,27
2,1,1048576,1280,4,12,0.42,10486,0.590406256,0,10,21,29
2,1,1048576,1280,4,12,0.43,10486,0.628075529,0,10,22,32
2,1,1048576,1280,4,12,0.44,10486,0.735742895,0,12,26,41
2,1,1048576,1280,4,12,0.45,10485,0.856747735,0,15,32,50
2,1,1048576,1280,4,12,0.46,10486,0.934293344,0,16,30,66
2,1,1048576,1280,4,12,0.47,10486,1.17356475,0,20,42,75
2,1,1048576,1280,4,12,0.48,10486,1.48331108,0,27,79,178
2,1,1048576,1280,4,12,0.49,10485,2.0360515,0,39,149,272
2,1,1048576,1280,4,12,0.5,6947,3.79415575,0,93,351,578
2,1,1048576,1280,4,13,0,10486,9.53652489e-05,0,0,0,1
2,1,1048576,1280,4,13,0.01,10486,0.000190730498,0,0,0,1
2,1,1048576,1280,4,13,0.02,10486,0.000381460996,0,0,0,1
2,1,1048576,1280,4,13,0.03,10486,0.00133511348,0,0,1,1
2,1,1048576,1280,4,13,0.04,10485,0.00276585598,0,0,1,2
2,1,1048576,1280,4,13,0.05,10486,0.00495899294,0,0,1,2
2,1,1048576,1280,4,13,0.06,10486,0.00600801068,0,0,1,3
2,1,1048576,1280,4,13,0.07,10486,0.00677093267,0,0,1,3
2,1,1048576,1280,4,13,0.08,10485,0.00734382451,0,0,2,3
2,1,1048576,1280,4,13,0.09,10486,0.0109670036,0,0,2,4
2,1,1048576,1280,4,13,0.1,10486,0.0139233263,0,1,2,4
2,1,1048576,1280,4,13,0.11,10486,0.0163074576,0,1,2,3
2,1,1048576,1280,4,13,0.12,10485,0.0188841202,0,1,2,4
2,1,1048576,1280,4,13,0.13,10486,0.0231737555,0,1,3,5
2,1,1048576,1280,4,13,0.14,10486,0.0282281137,0,1,3,5
2,1,1048576,1280,4,13,0.15,10486,0.0287049399,0,1,3,4
2,1,1048576,1280,4,13,0.16,10485,0.0324272771,0,1,3,8
2,1,1048576,1280,4,13,0.17,10486,0.0387182911,0,1,3,5
2,1,1048576,1280,4,13,0.18,10486,0.0472057982,0,1,3,7
2,1,1048576,1280,4,13,0.19,10486,0.0518786954,0,2,4,6
2,1,1048576,1280,4,13,0.2,10485,0.0586552217,0,2,3,5
2,1,1048576,1280,4,13,0.21,10486,0.0768643906,0,2,5,8
2,1,1048576,1280,4,13,0.22,10486,0.0759107381,0,2,4,7
2,1,1048576,1280,4,13,0.23,10486,0.0880221247,0,2,5,7
2,1,1048576,1280,4,13,0.24,10485,0.0917501192,0,2,5,7
2,1,1048576,1280,4,13,0.25,10486,0.11501049,0,3,6,11
2,1,1048576,1280,4,13,0.26,10486,0.121590692,0,3,6,8
2,1,1048576,1280,4,13,0.27,10486,0.127884799,0,3,6,13
2,1,1048576,1280,4,13,0.28,10486,0.148197597,0,3,7,9
2,1,1048576,1280,4,13,0.29,10485,0.159370529,0,4,7,12
2,1,1048576,1280,4,13,0.3,10486,0.171085257,0,4,7,12
2,1,1048576,1280,4,13,0.31,10486,0.209040626,0,4,8,18
2,1,1048576,1280,4,13,0.32,10486,0.228399771,0,4,8,16
2,1,1048576,1280,4,13,0.33,10485,0.226800191,0,4,9,14
2,1,1048576,1280,4,13,0.34,10486,0.251954988,0,5,10,16
2,1,1048576,1280,4,13,0.35,10486,0.29506008,0,5,11,23
2,1,1048576,1280,4,13,0.36,10486,0.309650963,0,6,11,26
2,1,1048576,1280,4,13,0.37,10485,0.330472103,0,6,12,26
2,1,1048576,1280,4,13,0.38,10486,0.391283616,0,7,16,20
2,1,1048576,1280,4,13,0.39,10486,0.431909212,0,7,16,27
2,1,1048576,1280,4,13,0.4,10486,0.461472439,0,8,16,30
2,1,1048576,1280,4,13,0.41,10485,0.536289938,0,9,17,36
2,1,1048576,1280,4,13,0.42,10486,0.585447263,0,10,22,34
2,1,1048576,1280,4,13,0.43,10486,0.629410643,0,10,22,38
2,1,1048576,1280,4,13,0.44,10486,0.746614534,0,13,27,34
2,1,1048576,1280,4,13,0.45,10485,0.843586075,0,14,31,46
2,1,1048576,1280,4,13,0.46,10486,0.996280755,0,17,37,67
2,1,1048576,1280,4,13,0.47,10486,1.11510586,0,20,46,67
2,1,1048576,1280,4,13,0.48,10486,1.41531566,0,25,61,111
2,1,1048576,1280,4,13,0.49,10485,2.08240343,0,41,120,187
2,1,1048576,1280,4,13,0.5,8809,4.26518334,0,102,456,540
2,1,1048576,1280,4,14,0,10486,0,0,0,0,0
2,1,1048576,1280,4,14,0.01,10486,0.000476826245,0,0,0,1
2,1,1048576,1280,4,14,0.02,10486,0.000762921991,0,0,0,1
2,1,1048576,1280,4,14,0.03,10486,0.00114438299,0,0,1,1
2,1,1048576,1280,4,14,0.04,10485,0.00200286123,0,0,1,3
2,1,1048576,1280,4,14,0.05,10486,0.00314705321,0,0,1,2
2,1,1048576,1280,4,14,0.06,10486,0.00505435819,0,0,1,2
2,1,1048576,1280,4,14,0.07,10486,0.00667556742,0,0,1,3
2,1,1048576,1280,4,14,0.08,10485,0.00829756795,0,0,1,2
2,1,1048576,1280,4,14,0.09,10486,0.0121113866,0,0,2,4
2,1,1048576,1280,4,14,0.1,10486,0.0123974824,0,1,2,4
2,1,1048576,1280,4,14,0.11,10486,0.0144955178,0,1,2,3
2,1,1048576,1280,4,14,0.12,10485,0.0198378636,0,1,2,3
2,1,1048576,1280,4,14,0.13,10486,0.022983025,0,1,2,4
2,1,1048576,1280,4,14,0.14,10486,0.0250810605,0,1,2,3
2,1,1048576,1280,4,14,0.15,10486,0.0316612626,0,1,3,5
2,1,1048576,1280,4,14,0.16,10485,0.0371959943,0,1,3,6
2,1,1048576,1280,4,14,0.17,10486,0.0431050925,0,1,3,5
2,1,1048576,1280,4,14,0.18,10486,0.0456799542,0,1,3,5
2,1,1048576,1280,4,14,0.19,10486,0.0546442876,0,2,4,6
2,1,1048576,1280,4,14,0.2,10485,0.0635193133,0,2,4,6
2,1,1048576,1280,4,14,0.21,10486,0.0645622735,0,2,4,8
2,1,1048576,1280,4,14,0.22,10486,0.0806790006,0,2,5,7
2,1,1048576,1280,4,14,0.23,10486,0.0885943162,0,2,5,9
2,1,1048576,1280,4,14,0.24,10485,0.0920362423,0,2,5,10
2,1,1048576,1280,4,14,0.25,10486,0.108716384,0,2,5,10
2,1,1048576,1280,4,14,0.26,10486,0.111768072,0,3,6,9
2,1,1048576,1280,4,14,0.27,10486,0.126645051,0,3,6,8
2,1,1048576,1280,4,14,0.28,10486,0.146957849,0,3,6,11
2,1,1048576,1280,4,14,0.29,10485,0.181211254,0,4,8,11
2,1,1048576,1280,4,14,0.3,10486,0.179382033,0,3,8,13
2,1,1048576,1280,4,14,0.31,10486,0.189776845,0,4,8,10
2,1,1048576,1280,4,14,0.32,10486,0.219149342,0,4,8,13
2,1,1048576,1280,4,14,0.33,10485,0.243776824,0,5,9,14
2,1,1048576,1280,4,14,0.34,10486,0.280946023,0,5,10,16
2,1,1048576,1280,4,14,0.35,10486,0.278561892,0,5,9,17
2,1,1048576,1280,4,14,0.36,10486,0.314037765,0,6,12,34
2,1,1048576,1280,4,14,0.37,10485,0.331902718,0,6,13,25
2,1,1048576,1280,4,14,0.38,10486,0.39280946,0,7,16,31
2,1,1048576,1280,4,14,0.39,10486,0.415792485,0,7,14,22
2,1,1048576,1280,4,14,0.4,10486,0.451459088,0,8,14,22
2,1,1048576,1280,4,14,0.41,10485,0.498330949,0,9,18,23
2,1,1048576,1280,4,14,0.42,10486,0.580869731,0,10,19,33
2,1,1048576,1280,4,14,0.43,10486,0.661358001,0,11,22,44
2,1,1048576,1280,4,14,0.44,10486,0.718767881,0,12,23,46
2,1,1048576,1280,4,14,0.45,10485,0.836433,0,13,33,47
2,1,1048576,1280,4,14,0.46,10486,1.01144383,0,18,40,76
2,1,1048576,1280,4,14,0.47,10486,1.17985886,0,20,60,115
2,1,1048576,1280,4,14,0.48,10486,1.56370399,0,29,75,96
2,1,1048576,1280,4,14,0.49,5696,1.92169944,0,37,171,271
2,1,1048576,1280,4,15,0,10486,0.000190730498,0,0,0,1
2,1,1048576,1280,4,15,0.01,10486,0.000286095747,0,0,0,1
2,1,1048576,1280,4,15,0.02,10486,0.00085828724,0,0,0,1
2,1,1048576,1280,4,15,0.03,10486,0.00162120923,0,0,1,2
2,1,1048576,1280,4,15,0.04,10485,0.00228898426,0,0,1,2
2,1,1048576,1280,4,15,0.05,10486,0.00295632272,0,0,1,2
2,1,1048576,1280,4,15,0.06,10486,0.00505435819,0,0,1,2
2,1,1048576,1280,4,15,0.07,10486,0.00629410643,0,0,1,3
2,1,1048576,1280,4,15,0.08,10485,0.00772532189,0,0,1,2
2,1,1048576,1280,4,15,0.09,10486,0.0102040816,0,0,2,3
2,1,1048576,1280,4,15,0.1,10486,0.0123021171,0,1,2,4
2,1,1048576,1280,4,15,0.11,10486,0.0144955178,0,1,2,3
2,1,1048576,1280,4,15,0.12,10485,0.0193609919,0,1,2,6
2,1,1048576,1280,4,15,0.13,10486,0.0226969292,0,1,2,4
2,1,1048576,1280,4,15,0.14,10486,0.0246995995,0,1,2,4
2,1,1048576,1280,4,15,0.15,10486,0.0312798016,0,1,2,4
2,1,1048576,1280,4,15,0.16,10485,0.0362422508,0,1,3,6
2,1,1048576,1280,4,15,0.17,10486,0.0437726492,0,1,3,5
2,1,1048576,1280,4,15,0.18,10486,0.0525462521,0,2,3,6
2,1,1048576,1280,4,15,0.19,10486,0.0605569331,0,2,4,6
2,1,1048576,1280,4,15,0.2,10485,0.0593228422,0,2,4,6
2,1,1048576,1280,4,15,0.21,10486,0.0652298302,0,2,4,6
2,1,1048576,1280,4,15,0.22,10486,0.0751478161,0,2,4,7
2,1,1048576,1280,4,15,0.23,10486,0.08430288,0,2,5,10
2,1,1048576,1280,4,15,0.24,10485,0.0988078207,0,2,5,7
2,1,1048576,1280,4,15,0.25,10486,0.106046157,0,3,5,9
2,1,1048576,1280,4,15,0.26,10486,0.120923136,0,3,6,10
2,1,1048576,1280,4,15,0.27,10486,0.129887469,0,3,6,12
2,1,1048576,1280,4,15,0.28,10486,0.13589548,0,3,6,9
2,1,1048576,1280,4,15,0.29,10485,0.162708631,0,3,7,10
2,1,1048576,1280,4,15,0.3,10486,0.171562083,0,3,7,9
2,1,1048576,1280,4,15,0.31,10486,0.194640473,0,4,8,11
2,1,1048576,1280,4,15,0.32,10486,0.216669846,0,4,9,12
2,1,1048576,1280,4,15,0.33,10485,0.232522651,0,4,9,14
2,1,1048576,1280,4,15,0.34,10486,0.256437154,0,5,9,19
2,1,1048576,1280,4,15,0.35,10486,0.302880031,0,5,10,18
2,1,1048576,1280,4,15,0.36,10486,0.316326531,0,6,11,23
2,1,1048576,1280,4,15,0.37,10485,0.365665236,0,6,13,18
2,1,1048576,1280,4,15,0.38,10486,0.40625596,0,7,15,25
2,1,1048576,1280,4,15,0.39,10486,0.427713141,0,7,16,33
2,1,1048576,1280,4,15,0.4,10486,0.468529468,0,8,16,24
2,1,1048576,1280,4,15,0.41,10485,0.521697663,0,9,21,32
2,1,1048576,1280,4,15,0.42,10486,0.600038146,0,9,20,38
2,1,1048576,1280,4,15,0.43,10486,0.661071905,0,11,28,50
2,1,1048576,1280,4,15,0.44,10486,0.79887469,0,14,28,53
2,1,1048576,1280,4,15,0.45,10485,0.803814974,0,14,29,44
2,1,1048576,1280,4,15,0.46,10486,0.977016975,0,16,35,56
2,1,1048576,1280,4,15,0.47,10486,1.150391,0,20,45,71
2,1,1048576,1280,4,15,0.48,10486,1.36496281,0,24,62,116
2,1,1048576,1280,4,15,0.49,10485,1.73199809,0,34,88,137
2,1,1048576,1280,4,15,0.5,7586,5.60796204,0,75,1040,1161
2,1,1048576,1280,4,16,0,10486,0,0,0,0,0
2,1,1048576,1280,4,16,0.01,10486,0.000190730498,0,0,0,2
2,1,1048576,1280,4,16,0.02,10486,0.000667556742,0,0,0,1
2,1,1048576,1280,4,16,0.03,10486,0.00104901774,0,0,1,1
2,1,1048576,1280,4,16,0.04,10485,0.00305197902,0,0,1,2
2,1,1048576,1280,4,16,0.05,10486,0.00305168796,0,0,1,2
2,1,1048576,1280,4,16,0.06,10486,0.00524508869,0,0,1,2
2,1,1048576,1280,4,16,0.07,10486,0.00724775892,0,0,1,3
2,1,1048576,1280,4,16,0.08,10485,0.00991893181,0,0,2,3
2,1,1048576,1280,4,16,0.09,10486,0.00982262064,0,0,2,3
2,1,1048576,1280,4,16,0.1,10486,0.0129696739,0,1,2,4
2,1,1048576,1280,4,16,0.11,10486,0.0142094221,0,1,2,3
2,1,1048576,1280,4,16,0.12,10485,0.0185979971,0,1,2,4
2,1,1048576,1280,4,16,0.13,10486,0.0269883654,0,1,3,5
2,1,1048576,1280,4,16,0.14,10486,0.0250810605,0,1,2,4
2,1,1048576,1280,4,16,0.15,10486,0.0316612626,0,1,3,5
2,1,1048576,1280,4,16,0.16,10485,0.0305197902,0,1,3,4
2,1,1048576,1280,4,16,0.17,10486,0.0422468053,0,1,3,5
2,1,1048576,1280,4,16,0.18,10486,0.0539767309,0,1,4,6
2,1,1048576,1280,4,16,0.19,10486,0.0537860004,0,2,3,7
2,1,1048576,1280,4,16,0.2,10485,0.0632331903,0,2,5,7
2,1,1048576,1280,4,16,0.21,10486,0.0660881175,0,2,4,8
2,1,1048576,1280,4,16,0.22,10486,0.0792485218,0,2,4,8
2,1,1048576,1280,4,16,0.23,10486,0.0897386992,0,2,5,8
2,1,1048576,1280,4,16,0.24,10485,0.0969003338,0,2,5,8
2,1,1048576,1280,4,16,0.25,10486,0.0963189014,0,2,5,8
2,1,1048576,1280,4,16,0.26,10486,0.126931146,0,3,6,11
2,1,1048576,1280,4,16,0.27,10486,0.130364295,0,3,7,13
2,1,1048576,1280,4,16,0.28,10486,0.145145909,0,3,7,12
2,1,1048576,1280,4,16,0.29,10485,0.152503577,0,3,7,10
2,1,1048576,1280,4,16,0.3,10486,0.182529086,0,4,7,14
2,1,1048576,1280,4,16,0.31,10486,0.199599466,0,4,7,9
2,1,1048576,1280,4,16,0.32,10486,0.232309746,0,4,9,16
2,1,1048576,1280,4,16,0.33,10485,0.23204578,0,4,9,26
2,1,1048576,1280,4,16,0.34,10486,0.271790959,0,5,10,20
2,1,1048576,1280,4,16,0.35,10486,0.297158116,0,5,10,17
2,1,1048576,1280,4,16,0.36,10486,0.298970055,0,5,11,18
2,1,1048576,1280,4,16,0.37,10485,0.344492132,0,6,12,32
2,1,1048576,1280,4,16,0.38,10486,0.421991226,0,7,16,35
2,1,1048576,1280,4,16,0.39,10486,0.429525081,0,7,15,34
2,1,1048576,1280,4,16,0.4,10486,0.474823574,0,8,17,28
2,1,1048576,1280,4,16,0.41,10485,0.501001431,0,8,19,34
2,1,1048576,1280,4,16,0.42,10486,0.562178142,0,10,19,35
2,1,1048576,1280,4,16,0.43,10486,0.629315278,0,10,23,35
2,1,1048576,1280,4,16,0.44,10486,0.697406065,0,12,23,28
2,1,1048576,1280,4,16,0.45,10485,0.832618026,0,13,32,61
2,1,1048576,1280,4,16,0.46,10486,0.963856571,0,16,35,57
2,1,1048576,1280,4,16,0.47,10486,1.08458898,0,18,42,110
2,1,1048576,1280,4,16,0.48,10486,1.28809842,0,23,64,130
2,1,1048576,1280,4,16,0.49,10485,1.72112542,0,33,102,152
2,1,1048576,1280,4,16,0.5,10486,3.23211902,0,70,252,359
2,1,1048576,1280,4,16,0.51,1379,9.29079043,0,418,778,851
2,1,1048576,1280,4,17,0,10486,0,0,0,0,0
2,1,1048576,1280,4,17,0.01,10486,0.000381460996,0,0,0,1
2,1,1048576,1280,4,17,0.02,10486,0.000953652489,0,0,0,2
2,1,1048576,1280,4,17,0.03,10486,0.000572191493,0,0,0,1
2,1,1048576,1280,4,17,0.04,10485,0.00133524082,0,0,1,1
2,1,1048576,1280,4,17,0.05,10486,0.00276559222,0,0,1,1
2,1,1048576,1280,4,17,0.06,10486,0.00562654969,0,0,1,2
2,1,1048576,1280,4,17,0.07,10486,0.00648483693,0,0,1,3
2,1,1048576,1280,4,17,0.08,10485,0.00848831664,0,0,1,6
2,1,1048576,1280,4,17,0.09,10486,0.0113484646,0,0,2,4
2,1,1048576,1280,4,17,0.1,10486,0.0144001526,0,1,2,3
2,1,1048576,1280,4,17,0.11,10486,0.0168796491,0,1,2,4
2,1,1048576,1280,4,17,0.12,10485,0.0217453505,0,1,3,6
2,1,1048576,1280,4,17,0.13,10486,0.0230783902,0,1,2,4
2,1,1048576,1280,4,17,0.14,10486,0.0269883654,0,1,3,4
2,1,1048576,1280,4,17,0.15,10486,0.0328056456,0,1,3,7
2,1,1048576,1280,4,17,0.16,10485,0.0371959943,0,1,3,6
2,1,1048576,1280,4,17,0.17,10486,0.046347511,0,2,3,5
2,1,1048576,1280,4,17,0.18,10486,0.0484455464,0,1,3,7
2,1,1048576,1280,4,17,0.19,10486,0.0528323479,0,2,3,5
2,1,1048576,1280,4,17,0.2,10485,0.060944206,0,2,4,5
2,1,1048576,1280,4,17,0.21,10486,0.068567614,0,2,4,6
2,1,1048576,1280,4,17,0.22,10486,0.0819187488,0,2,5,8
2,1,1048576,1280,4,17,0.23,10486,0.0883082205,0,2,5,7
2,1,1048576,1280,4,17,0.24,10485,0.107010014,0,3,6,9
2,1,1048576,1280,4,17,0.25,10486,0.102613008,0,2,6,8
2,1,1048576,1280,4,17,0.26,10486,0.115296586,0,3,5,10
2,1,1048576,1280,4,17,0.27,10486,0.129982834,0,3,6,8
2,1,1048576,1280,4,17,0.28,10486,0.140186916,0,3,7,10
2,1,1048576,1280,4,17,0.29,10485,0.160133524,0,3,7,11
2,1,1048576,1280,4,17,0.3,10486,0.170513065,0,3,7,13
2,1,1048576,1280,4,17,0.31,10486,0.186725157,0,4,8,11
2,1,1048576,1280,4,17,0.32,10486,0.217242037,0,4,9,12
2,1,1048576,1280,4,17,0.33,10485,0.24587506,0,5,10,17
2,1,1048576,1280,4,17,0.34,10486,0.261300782,0,5,9,15
2,1,1048576,1280,4,17,0.35,10486,0.291626931,0,5,11,23
2,1,1048576,1280,4,17,0.36,10486,0.336162502,0,6,12,18
2,1,1048576,1280,4,17,0.37,10485,0.334000954,0,6,12,18
2,1,1048576,1280,4,17,0.38,10486,0.389948503,0,7,14,21
2,1,1048576,1280,4,17,0.39,10486,0.446214,0,7,15,24
2,1,1048576,1280,4,17,0.4,10486,0.486839596,0,8,17,22
2,1,1048576,1280,4,17,0.41,10485,0.480019075,0,8,17,37
2,1,1048576,1280,4,17,0.42,10486,0.569807362,0,9,21,44
2,1,1048576,1280,4,17,0.43,10486,0.668224299,0,12,24,48
2,1,1048576,1280,4,17,0.44,10486,0.716669846,0,12,33,53
2,1,1048576,1280,4,17,0.45,10485,0.856938484,0,15,33,103
2,1,1048576,1280,4,17,0.46,10486,0.993133702,0,18,39,79
2,1,1048576,1280,4,17,0.47,10486,1.40291818,0,23,84,213
2,1,1048576,1280,4,17,0.48,10486,1.69206561,0,32,138,209
2,1,1048576,1280,4,17,0.49,10485,2.32551264,0,45,197,256
2,1,1048576,1280,4,17,0.5,1378,3.44992743,0,92,247,315
2,1,1048576,1280,4,18,0,10486,9.53652489e-05,0,0,0,1
2,1,1048576,1280,4,18,0.01,10486,0.000190730498,0,0,0,1
2,1,1048576,1280,4,18,0.02,10486,0.000476826245,0,0,0,1
2,1,1048576,1280,4,18,0.03,10486,0.000953652489,0,0,0,1
2,1,1048576,1280,4,18,0.04,10485,0.00162136385,0,0,1,2
2,1,1048576,1280,4,18,0.05,10486,0.00381460996,0,0,1,3
2,1,1048576,1280,4,18,0.06,10486,0.00457753195,0,0,1,1
2,1,1048576,1280,4,18,0.07,10486,0.00667556742,0,0,1,2
2,1,1048576,1280,4,18,0.08,10485,0.00734382451,0,0,1,3
2,1,1048576,1280,4,18,0.09,10486,0.0110623689,0,0,2,3
2,1,1048576,1280,4,18,0.1,10486,0.0131604043,0,1,2,4
2,1,1048576,1280,4,18,0.11,10486,0.0149723441,0,1,2,4
2,1,1048576,1280,4,18,0.12,10485,0.017167382,0,1,2,4
2,1,1048576,1280,4,18,0.13,10486,0.0209803548,0,1,2,5
2,1,1048576,1280,4,18,0.14,10486,0.0277512874,0,1,3,4
2,1,1048576,1280,4,18,0.15,10486,0.0305168796,0,1,3,5
2,1,1048576,1280,4,18,0.16,10485,0.0333810205,0,1,3,4
2,1,1048576,1280,4,18,0.17,10486,0.0391951173,0,1,3,6
2,1,1048576,1280,4,18,0.18,10486,0.0470150677,0,1,3,4
2,1,1048576,1280,4,18,0.19,10486,0.0576006103,0,2,4,7
2,1,1048576,1280,4,18,0.2,10485,0.0604673343,0,2,4,7
2,1,1048576,1280,4,18,0.21,10486,0.0707610147,0,2,4,6
2,1,1048576,1280,4,18,0.22,10486,0.0812511921,0,2,5,9
2,1,1048576,1280,4,18,0.23,10486,0.0887850467,0,2,4,7
2,1,1048576,1280,4,18,0.24,10485,0.0961373391,0,2,5,10
2,1,1048576,1280,4,18,0.25,10486,0.103757391,0,2,5,7
2,1,1048576,1280,4,18,0.26,10486,0.129315278,0,3,6,9
2,1,1048576,1280,4,18,0.27,10486,0.131604043,0,3,6,10
2,1,1048576,1280,4,18,0.28,10486,0.150772459,0,3,7,12
2,1,1048576,1280,4,18,0.29,10485,0.163185503,0,3,7,13
2,1,1048576,1280,4,18,0.3,10486,0.179954225,0,4,8,12
2,1,1048576,1280,4,18,0.31,10486,0.191302689,0,4,8,14
2,1,1048576,1280,4,18,0.32,10486,0.21275987,0,4,9,14
2,1,1048576,1280,4,18,0.33,10485,0.230615165,0,4,9,13
2,1,1048576,1280,4,18,0.34,10486,0.25853519,0,5,10,17
2,1,1048576,1280,4,18,0.35,10486,0.290101087,0,5,11,14
2,1,1048576,1280,4,18,0.36,10486,0.313847034,0,6,12,19
2,1,1048576,1280,4,18,0.37,10485,0.317310443,0,6,11,17
2,1,1048576,1280,4,18,0.38,10486,0.401201602,0,7,13,24
2,1,1048576,1280,4,18,0.39,10486,0.40987984,0,6,13,32
2,1,1048576,1280,4,18,0.4,10486,0.465573145,0,8,16,27
2,1,1048576,1280,4,18,0.41,10485,0.525226514,0,9,17,29
2,1,1048576,1280,4,18,0.42,10486,0.577913408,0,10,21,41
2,1,1048576,1280,4,18,0.43,10486,0.642380317,0,10,23,42
2,1,1048576,1280,4,18,0.44,10486,0.723059317,0,11,25,35
2,1,1048576,1280,4,18,0.45,10485,0.838149738,0,14,31,54
2,1,1048576,1280,4,18,0.46,10486,0.915983216,0,15,36,50
2,1,1048576,1280,4,18,0.47,10486,1.09794011,0,19,44,69
2,1,1048576,1280,4,18,0.48,10486,1.40692352,0,23,63,107
2,1,1048576,1280,4,18,0.49,10485,1.60963281,0,29,95,145
2,1,1048576,1280,4,18,0.5,10486,2.4777799,0,50,178,280
2,1,1048576,1280,4,18,0.51,1782,4.47418631,0,147,299,321
2,1,1048576,1280,4,19,0,10486,9.53652489e-05,0,0,0,1
2,1,1048576,1280,4,19,0.01,10486,0.000476826245,0,0,0,2
2,1,1048576,1280,4,19,0.02,10486,0.000476826245,0,0,0,1
2,1,1048576,1280,4,19,0.03,10486,0.00114438299,0,0,0,3
2,1,1048576,1280,4,19,0.04,10485,0.0025751073,0,0,1,2
2,1,1048576,1280,4,19,0.05,10486,0.00276559222,0,0,1,2
2,1,1048576,1280,4,19,0.06,10486,0.00438680145,0,0,1,2
2,1,1048576,1280,4,19,0.07,10486,0.00658020217,0,0,1,3
2,1,1048576,1280,4,19,0.08,10485,0.0075345732,0,0,1,2
2,1,1048576,1280,4,19,0.09,10486,0.0120160214,0,0,2,4
2,1,1048576,1280,4,19,0.1,10486,0.0143047873,0,1,2,4
2,1,1048576,1280,4,19,0.11,10486,0.0164028228,0,1,2,5
2,1,1048576,1280,4,19,0.12,10485,0.0211731044,0,1,2,5
2,1,1048576,1280,4,19,0.13,10486,0.021457181,0,1,2,6
2,1,1048576,1280,4,19,0.14,10486,0.0257486172,0,1,3,4
2,1,1048576,1280,4,19,0.15,10486,0.0289910357,0,1,2,4
2,1,1048576,1280,4,19,0.16,10485,0.0399618503,0,1,3,4
2,1,1048576,1280,4,19,0.17,10486,0.0427236315,0,1,3,7
2,1,1048576,1280,4,19,0.18,10486,0.0546442876,0,2,4,8
2,1,1048576,1280,4,19,0.19,10486,0.0513065039,0,2,4,7
2,1,1048576,1280,4,19,0.2,10485,0.0617072008,0,2,4,10
2,1,1048576,1280,4,19,0.21,10486,0.0741941636,0,2,4,9
2,1,1048576,1280,4,19,0.22,10486,0.0760061034,0,2,4,9
2,1,1048576,1280,4,19,0.23,10486,0.0914552737,0,2,5,7
2,1,1048576,1280,4,19,0.24,10485,0.0980448259,0,2,5,7
2,1,1048576,1280,4,19,0.25,10486,0.112244898,0,3,5,8
2,1,1048576,1280,4,19,0.26,10486,0.121113866,0,3,6,8
2,1,1048576,1280,4,19,0.27,10486,0.140091551,0,3,7,9
2,1,1048576,1280,4,19,0.28,10486,0.153633416,0,3,7,10
2,1,1048576,1280,4,19,0.29,10485,0.167572723,0,4,7,13
2,1,1048576,1280,4,19,0.3,10486,0.172897196,0,4,7,15
2,1,1048576,1280,4,19,0.31,10486,0.198073622,0,4,7,13
2,1,1048576,1280,4,19,0.32,10486,0.210661835,0,4,8,10
2,1,1048576,1280,4,19,0.33,10485,0.242632332,0,5,10,20
2,1,1048576,1280,4,19,0.34,10486,0.265306122,0,5,10,13
2,1,1048576,1280,4,19,0.35,10486,0.293343506,0,5,11,16
2,1,1048576,1280,4,19,0.36,10486,0.336830059,0,6,12,17
2,1,1048576,1280,4,19,0.37,10485,0.342107773,0,6,12,22
2,1,1048576,1280,4,19,0.38,10486,0.395861148,0,7,13,26
2,1,1048576,1280,4,19,0.39,10486,0.416078581,0,7,12,18
2,1,1048576,1280,4,19,0.4,10486,0.487793248,0,8,17,36
2,1,1048576,1280,4,19,0.41,10485,0.506819266,0,8,16,31
2,1,1048576,1280,4,19,0.42,10486,0.552641617,0,9,19,30
2,1,1048576,1280,4,19,0.43,10486,0.664218959,0,11,23,43
2,1,1048576,1280,4,19,0.44,10486,0.760919321,0,13,30,49
2,1,1048576,1280,4,19,0.45,10485,0.928278493,0,16,40,67
2,1,1048576,1280,4,19,0.46,10486,1.03671562,0,17,41,58
2,1,1048576,1280,4,19,0.47,10486,1.22134274,0,22,61,76
2,1,1048576,1280,4,19,0.48,10486,1.49637612,0,25,90,163
2,1,1048576,1280,4,19,0.49,8724,2.53278313,0,48,250,382
2,1,1048576,1280,4,20,0,10486,0,0,0,0,0
2,1,1048576,1280,4,20,0.01,10486,0.000476826245,0,0,0,2
2,1,1048576,1280,4,20,0.02,10486,0.00143047873,0,0,1,2
2,1,1048576,1280,4,20,0.03,10486,0.00114438299,0,0,1,1
2,1,1048576,1280,4,20,0.04,10485,0.00133524082,0,0,1,2
2,1,1048576,1280,4,20,0.05,10486,0.00343314896,0,0,1,3
2,1,1048576,1280,4,20,0.06,10486,0.0041007057,0,0,1,2
2,1,1048576,1280,4,20,0.07,10486,0.00724775892,0,0,1,3
2,1,1048576,1280,4,20,0.08,10485,0.00782069623,0,0,1,4
2,1,1048576,1280,4,20,0.09,10486,0.00944115964,0,0,2,3
2,1,1048576,1280,4,20,0.1,10486,0.0121113866,0,0,2,4
2,1,1048576,1280,4,20,0.11,10486,0.019168415,0,1,2,4
2,1,1048576,1280,4,20,0.12,10485,0.0206962327,0,1,2,4
2,1,1048576,1280,4,20,0.13,10486,0.0246995995,0,1,2,3
2,1,1048576,1280,4,20,0.14,10486,0.0258439825,0,1,2,4
2,1,1048576,1280,4,20,0.15,10486,0.0281327484,0,1,2,5
2,1,1048576,1280,4,20,0.16,10485,0.0347162613,0,1,3,5
2,1,1048576,1280,4,20,0.17,10486,0.0464428762,0,1,3,5
2,1,1048576,1280,4,20,0.18,10486,0.0478733549,0,1,4,12
2,1,1048576,1280,4,20,0.19,10486,0.0534999046,0,2,4,6
2,1,1048576,1280,4,20,0.2,10485,0.0636146876,0,2,4,6
2,1,1048576,1280,4,20,0.21,10486,0.0715239367,0,2,5,9
2,1,1048576,1280,4,20,0.22,10486,0.0726683197,0,2,4,7
2,1,1048576,1280,4,20,0.23,10486,0.0946023269,0,2,5,8
2,1,1048576,1280,4,20,0.24,10485,0.0987124464,0,2,5,13
2,1,1048576,1280,4,20,0.25,10486,0.107095175,0,3,6,10
2,1,1048576,1280,4,20,0.26,10486,0.123211902,0,3,6,12
2,1,1048576,1280,4,20,0.27,10486,0.135800114,0,3,7,13
2,1,1048576,1280,4,20,0.28,10486,0.150963189,0,3,7,13
2,1,1048576,1280,4,20,0.29,10485,0.160991893,0,3,7,16
2,1,1048576,1280,4,20,0.3,10486,0.161834827,0,3,7,11
2,1,1048576,1280,4,20,0.31,10486,0.204749189,0,4,7,14
2,1,1048576,1280,4,20,0.32,10486,0.21457181,0,4,8,13
2,1,1048576,1280,4,20,0.33,10485,0.234334764,0,5,9,16
2,1,1048576,1280,4,20,0.34,10486,0.250333778,0,4,11,15
2,1,1048576,1280,4,20,0.35,10486,0.274270456,0,5,10,19
2,1,1048576,1280,4,20,0.36,10486,0.306408545,0,6,11,18
2,1,1048576,1280,4,20,0.37,10485,0.370529328,0,6,15,24
2,1,1048576,1280,4,20,0.38,10486,0.370303261,0,6,13,20
2,1,1048576,1280,4,20,0.39,10486,0.420942209,0,7,14,23
2,1,1048576,1280,4,20,0.4,10486,0.453461759,0,8,15,23
2,1,1048576,1280,4,20,0.41,10485,0.510920362,0,9,17,29
2,1,1048576,1280,4,20,0.42,10486,0.562559603,0,10,19,47
2,1,1048576,1280,4,20,0.43,10486,0.690921228,0,11,23,44
2,1,1048576,1280,4,20,0.44,10486,0.738127027,0,12,26,50
2,1,1048576,1280,4,20,0.45,10485,0.860944206,0,14,33,52
2,1,1048576,1280,4,20,0.46,10486,0.935628457,0,17,40,57
2,1,1048576,1280,4,20,0.47,10486,1.16631699,0,20,50,105
2,1,1048576,1280,4,20,0.48,10486,1.40902155,0,26,67,124
2,1,1048576,1280,4,20,0.49,10485,1.95488794,0,39,121,202
2,1,1048576,1280,4,20,0.5,10352,3.34795209,0,88,234,858
2,4,1048576,320,1,1,0,10486,0,0,0,0,0
2,4,1048576,320,1,1,0.01,10486,0,0,0,0,0
2,4,1048576,320,1,1,0.02,10486,0,0,0,0,0
2,4,1048576,320,1,1,0.03,10486,0,0,0,0,0
2,4,1048576,320,1,1,0.04,10485,0,0,0,0,0
2,4,1048576,320,1,1,0.05,10486,0,0,0,0,0
2,4,1048576,320,1,1,0.06,10486,0,0,0,0,0
2,4,1048576,320,1,1,0.07,10486,0,0,0,0,0
2,4,1048576,320,1,1,0.08,10485,0,0,0,0,0
2,4,1048576,320,1,1,0.09,10486,0,0,0,0,0
2,4,1048576,320,1,1,0.1,10486,0,0,0,0,0
2,4,1048576,320,1,1,0.11,10486,0,0,0,0,0
2,4,1048576,320,1,1,0.12,10485,0,0,0,0,0
2,4,1048576,320,1,1,0.13,10486,0,0,0,0,0
2,4,1048576,320,1,1,0.14,10486,0,0,0,0,0
2,4,1048576,320,1,1,0.15,10486,0,0,0,0,0
2,4,1048576,320,1,1,0.16,10485,9.53743443e-05,0,0,0,1
2,4,1048576,320,1,1,0.17,10486,0,0,0,0,0
2,4,1048576,320,1,1,0.18,10486,0,0,0,0,0
2,4,1048576,320,1,1,0.19,10486,9.53652489e-05,0,0,0,1
2,4,1048576,320,1,1,0.2,10485,9.53743443e-05,0,0,0,1
2,4,1048576,320,1,1,0.21,10486,9.53652489e-05,0,0,0,1
2,4,1048576,320,1,1,0.22,10486,0.000286095747,0,0,0,1
2,4,1048576,320,1,1,0.23,10486,0,0,0,0,0
2,4,1048576,320,1,1,0.24,10485,0.000381497377,0,0,0,1
2,4,1048576,320,1,1,0.25,10486,0.000190730498,0,0,0,1
2,4,1048576,320,1,1,0.26,10486,0.000381460996,0,0,0,1
2,4,1048576,320,1,1,0.27,10486,0.00085828724,0,0,0,1
2,4,1048576,320,1,1,0.28,10486,0.000572191493,0,0,0,1
2,4,1048576,320,1,1,0.29,10485,0.00133524082,0,0,1,2
2,4,1048576,320,1,1,0.3,10486,0.00114438299,0,0,1,1
2,4,1048576,320,1,1,0.31,10486,0.00333778371,0,0,1,3
2,4,1048576,320,1,1,0.32,10486,0.00133511348,0,0,1,1
2,4,1048576,320,1,1,0.33,10485,0.00276585598,0,0,1,2
2,4,1048576,320,1,1,0.34,10486,0.00343314896,0,0,1,2
2,4,1048576,320,1,1,0.35,10486,0.00305168796,0,0,1,3
2,4,1048576,320,1,1,0.36,10486,0.00495899294,0,0,1,3
2,4,1048576,320,1,1,0.37,10485,0.00524558894,0,0,1,2
2,4,1048576,320,1,1,0.38,10486,0.00524508869,0,0,1,3
2,4,1048576,320,1,1,0.39,10486,0.00486362769,0,0,1,2
2,4,1048576,320,1,1,0.4,10486,0.0083921419,0,0,1,3
2,4,1048576,320,1,1,0.41,10485,0.0110634239,0,1,1,3
2,4,1048576,320,1,1,0.42,10486,0.0129696739,0,1,2,3
2,4,1048576,320,1,1,0.43,10486,0.0119206561,0,1,2,3
2,4,1048576,320,1,1,0.44,10486,0.0124928476,0,1,2,3
2,4,1048576,320,1,1,0.45,10485,0.017167382,0,1,2,3
2,4,1048576,320,1,1,0.46,10486,0.021838642,0,1,2,4
2,4,1048576,320,1,1,0.47,10486,0.0202174328,0,1,2,3
2,4,1048576,320,1,1,0.48,10486,0.0281327484,0,1,2,4
2,4,1048576,320,1,1,0.49,10485,0.0308059132,0,1,2,5
2,4,1048576,320,1,1,0.5,10486,0.0321380889,0,1,2,4
2,4,1048576,320,1,1,0.51,10486,0.0357619683,0,1,3,6
2,4,1048576,320,1,1,0.52,10486,0.0422468053,0,1,3,4
2,4,1048576,320,1,1,0.53,10486,0.0469197025,0,1,3,6
2,4,1048576,320,1,1,0.54,10485,0.0577968526,0,2,3,5
2,4,1048576,320,1,1,0.55,10486,0.063608621,0,2,3,6
2,4,1048576,320,1,1,0.56,10486,0.0692351707,0,2,4,6
2,4,1048576,320,1,1,0.57,10486,0.0775319474,0,2,3,9
2,4,1048576,320,1,1,0.58,10485,0.0947067239,0,2,4,7
2,4,1048576,320,1,1,0.59,10486,0.0960328056,0,2,5,7
2,4,1048576,320,1,1,0.6,10486,0.117489987,0,2,4,10
2,4,1048576,320,1,1,0.61,10486,0.122258249,0,3,5,7
2,4,1048576,320,1,1,0.62,10485,0.141630901,0,3,5,6
2,4,1048576,320,1,1,0.63,10486,0.159736792,0,3,5,7
2,4,1048576,320,1,1,0.64,10486,0.159259966,0,3,5,10
2,4,1048576,320,1,1,0.65,10486,0.198455083,0,3,5,8
2,4,1048576,320,1,1,0.66,10485,0.199523128,0,3,6,8
2,4,1048576,320,1,1,0.67,10486,0.255292771,0,4,6,11
2,4,1048576,320,1,1,0.68,10486,0.263875644,0,4,8,13
2,4,1048576,320,1,1,0.69,10486,0.283520885,0,4,7,11
2,4,1048576,320,1,1,0.7,10485,0.318931807,0,4,8,10
2,4,1048576,320,1,1,0.71,10486,0.366488652,0,5,8,11
2,4,1048576,320,1,1,0.72,10486,0.384703414,0,5,9,12
2,4,1048576,320,1,1,0.73,10486,0.449551783,0,6,9,15
2,4,1048576,320,1,1,0.74,10485,0.508726753,0,6,11,14
2,4,1048576,320,1,1,0.75,10486,0.558268167,0,7,12,15
2,4,1048576,320,1,1,0.76,10486,0.6591646,0,7,12,23
2,4,1048576,320,1,1,0.77,10486,0.735075339,0,8,13,19
2,4,1048576,320,1,1,0.78,10486,0.855903109,0,9,16,24
2,4,1048576,320,1,1,0.79,10485,0.892703863,0,9,15,31
2,4,1048576,320,1,1,0.8,10486,1.04634751,0,10,15,24
2,4,1048576,320,1,1,0.81,10486,1.16221629,0,11,17,27
2,4,1048576,320,1,1,0.82,10486,1.39967576,0,12,21,29
2,4,1048576,320,1,1,0.83,10485,1.57463042,0,14,23,49
2,4,1048576,320,1,1,0.84,10486,1.84293344,0,16,24,42
2,4,1048576,320,1,1,0.85,10486,2.0963189,0,17,28,36
2,4,1048576,320,1,1,0.86,10486,2.57276368,0,20,30,39
2,4,1048576,320,1,1,0.87,10485,2.98197425,0,23,36,50
2,4,1048576,320,1,1,0.88,10486,3.58783139,1,26,40,56
2,4,1048576,320,1,1,0.89,10486,4.44688156,1,32,50,77
2,4,1048576,320,1,1,0.9,10486,5.48960519,2,37,64,73
2,4,1048576,320,1,1,0.91,10485,7.11807344,3,46,74,104
2,4,1048576,320,1,1,0.92,10486,9.35523555,4,58,95,135
2,4,1048576,320,1,1,0.93,10486,13.4028228,6,85,134,185
2,4,1048576,320,1,1,0.94,10486,20.2801831,11,119,183,246
2,4,1048576,320,1,1,0.95,2336,26.5967466,14,162,241,268
2,4,1048576,320,1,2,0,10486,0,0,0,0,0
2,4,1048576,320,1,2,0.01,10486,0,0,0,0,0
2,4,1048576,320,1,2,0.02,10486,0,0,0,0,0
2,4,1048576,320,1,2,0.03,10486,0,0,0,0,0
2,4,1048576,320,1,2,0.04,10485,0,0,0,0,0
2,4,1048576,320,1,2,0.05,10486,0,0,0,0,0
2,4,1048576,320,1,2,0.06,10486,0,0,0,0,0
2,4,1048576,320,1,2,0.07,10486,0,0,0,0,0
2,4,1048576,320,1,2,0.08,10485,0,0,0,0,0
2,4,1048576,320,1,2,0.09,10486,0,0,0,0,0
2,4,1048576,320,1,2,0.1,10486,0,0,0,0,0
2,4,1048576,320,1,2,0.11,10486,0,0,0,0,0
2,4,1048576,320,1,2,0.12,10485,0,0,0,0,0
2,4,1048576,320,1,2,0.13,10486,0,0,0,0,0
2,4,1048576,320,1,2,0.14,10486,0,0,0,0,0
2,4,1048576,320,1,2,0.15,10486,0,0,0,0,0
2,4,1048576,320,1,2,0.16,10485,0,0,0,0,0
2,4,1048576,320,1,2,0.17,10486,9.53652489e-05,0,0,0,1
2,4,1048576,320,1,2,0.18,10486,9.53652489e-05,0,0,0,1
2,4,1048576,320,1,2,0.19,10486,9.53652489e-05,0,0,0,1
2,4,1048576,320,1,2,0.2,10485,9.53743443e-05,0,0,0,1
2,4,1048576,320,1,2,0.21,10486,0,0,0,0,0
2,4,1048576,320,1,2,0.22,10486,0.000572191493,0,0,0,1
2,4,1048576,320,1,2,0.23,10486,0.000572191493,0,0,0,2
2,4,1048576,320,1,2,0.24,10485,0.000476871722,0,0,0,1
2,4,1048576,320,1,2,0.25,10486,9.53652489e-05,0,0,0,1
2,4,1048576,320,1,2,0.26,10486,0.000190730498,0,0,0,1
2,4,1048576,320,1,2,0.27,10486,0.000762921991,0,0,0,2
2,4,1048576,320,1,2,0.28,10486,0.000953652489,0,0,0,1
2,4,1048576,320,1,2,0.29,10485,0.000572246066,0,0,0,1
2,4,1048576,320,1,2,0.3,10486,0.00114438299,0,0,1,1
2,4,1048576,320,1,2,0.31,10486,0.00181193973,0,0,1,2
2,4,1048576,320,1,2,0.32,10486,0.00219340072,0,0,1,1
2,4,1048576,320,1,2,0.33,10485,0.00333810205,0,0,1,2
2,4,1048576,320,1,2,0.34,10486,0.00257486172,0,0,1,2
2,4,1048576,320,1,2,0.35,10486,0.0046728972,0,0,1,2
2,4,1048576,320,1,2,0.36,10486,0.00381460996,0,0,1,2
2,4,1048576,320,1,2,0.37,10485,0.0049594659,0,0,1,2
2,4,1048576,320,1,2,0.38,10486,0.00524508869,0,0,1,2
2,4,1048576,320,1,2,0.39,10486,0.00648483693,0,0,1,3
2,4,1048576,320,1,2,0.4,10486,0.00772458516,0,0,2,3
2,4,1048576,320,1,2,0.41,10485,0.0102050548,0,0,2,3
2,4,1048576,320,1,2,0.42,10486,0.0116345604,0,1,1,3
2,4,1048576,320,1,2,0.43,10486,0.0133511348,0,1,2,3
2,4,1048576,320,1,2,0.44,10486,0.0146862483,0,1,2,3
2,4,1048576,320,1,2,0.45,10485,0.0178350024,0,1,2,3
2,4,1048576,320,1,2,0.46,10486,0.0197406065,0,1,2,4
2,4,1048576,320,1,2,0.47,10486,0.021838642,0,1,2,4
2,4,1048576,320,1,2,0.48,10486,0.026034713,0,1,2,5
2,4,1048576,320,1,2,0.49,10485,0.0304244158,0,1,2,5
2,4,1048576,320,1,2,0.5,10486,0.0320427236,0,1,2,4
2,4,1048576,320,1,2,0.51,10486,0.0370017166,0,1,3,4
2,4,1048576,320,1,2,0.52,10486,0.0382414648,0,1,3,5
2,4,1048576,320,1,2,0.53,10486,0.0482548159,0,1,3,5
2,4,1048576,320,1,2,0.54,10485,0.057892227,0,2,3,5
2,4,1048576,320,1,2,0.55,10486,0.0567423231,0,2,3,6
2,4,1048576,320,1,2,0.56,10486,0.0712378409,0,2,4,8
2,4,1048576,320,1,2,0.57,10486,0.0792485218,0,2,4,7
2,4,1048576,320,1,2,0.58,10485,0.0932761087,0,2,5,7
2,4,1048576,320,1,2,0.59,10486,0.0966049971,0,2,4,7
2,4,1048576,320,1,2,0.6,10486,0.104901774,0,2,5,8
2,4,1048576,320,1,2,0.61,10486,0.112912455,0,2,5,9
2,4,1048576,320,1,2,0.62,10485,0.138388174,0,3,5,8
2,4,1048576,320,1,2,0.63,10486,0.159069235,0,3,5,10
2,4,1048576,320,1,2,0.64,10486,0.165172611,0,3,6,10
2,4,1048576,320,1,2,0.65,10486,0.192351707,0,3,6,10
2,4,1048576,320,1,2,0.66,10485,0.219170243,0,4,6,13
2,4,1048576,320,1,2,0.67,10486,0.244039672,0,4,7,10
2,4,1048576,320,1,2,0.68,10486,0.259012016,0,4,6,10
2,4,1048576,320,1,2,0.69,10486,0.296585924,0,4,7,10
2,4,1048576,320,1,2,0.7,10485,0.318359561,0,4,8,10
2,4,1048576,320,1,2,0.71,10486,0.374117871,0,5,9,11
2,4,1048576,320,1,2,0.72,10486,0.397577723,0,5,9,14
2,4,1048576,320,1,2,0.73,10486,0.453461759,0,6,10,14
2,4,1048576,320,1,2,0.74,10485,0.523795899,0,6,11,16
2,4,1048576,320,1,2,0.75,10486,0.561510586,0,7,11,20
2,4,1048576,320,1,2,0.76,10486,0.616345604,0,7,12,15
2,4,1048576,320,1,2,0.77,10486,0.686725157,0,7,12,18
2,4,1048576,320,1,2,0.78,10486,0.843600992,0,8,13,19
2,4,1048576,320,1,2,0.79,10485,0.919980925,0,9,15,21
2,4,1048576,320,1,2,0.8,10486,1.04739653,0,10,16,26
2,4,1048576,320,1,2,0.81,10486,1.18672516,0,10,17,34
2,4,1048576,320,1,2,0.82,10486,1.34875072,0,12,19,30
2,4,1048576,320,1,2,0.83,10485,1.52885074,0,13,21,25
2,4,1048576,320,1,2,0.84,10486,1.85599847,0,16,24,32
2,4,1048576,320,1,2,0.85,10486,2.00524509,0,17,29,39
2,4,1048576,320,1,2,0.86,10486,2.5134465,0,19,31,43
2,4,1048576,320,1,2,0.87,10485,2.98273724,0,22,35,56
2,4,1048576,320,1,2,0.88,10486,3.54358192,1,26,39,49
2,4,1048576,320,1,2,0.89,10486,4.28695403,1,29,47,95
2,4,1048576,320,1,2,0.9,10486,5.43353042,2,37,58,99
2,4,1048576,320,1,2,0.91,10485,7.12055317,3,46,76,104
2,4,1048576,320,1,2,0.92,10486,9.24299065,4,59,89,115
2,4,1048576,320,1,2,0.93,10486,12.9266641,6,82,119,170
2,4,1048576,320,1,2,0.94,10486,19.6896815,10,117,175,270
2,4,1048576,320,1,2,0.95,5354,29.3952185,16,165,226,310
2,4,1048576,320,1,3,0,10486,0,0,0,0,0
2,4,1048576,320,1,3,0.01,10486,0,0,0,0,0
2,4,1048576,320,1,3,0.02,10486,0,0,0,0,0
2,4,1048576,320,1,3,0.03,10486,0,0,0,0,0
2,4,1048576,320,1,3,0.04,10485,0,0,0,0,0
2,4,1048576,320,1,3,0.05,10486,0,0,0,0,0
2,4,1048576,320,1,3,0.06,10486,0,0,0,0,0
2,4,1048576,320,1,3,0.07,10486,0,0,0,0,0
2,4,1048576,320,1,3,0.08,10485,0,0,0,0,0
2,4,1048576,320,1,3,0.09,10486,0,0,0,0,0
2,4,1048576,320,1,3,0.1,10486,0,0,0,0,0
2,4,1048576,320,1,3,0.11,10486,0,0,0,0,0
2,4,1048576,320,1,3,0.12,10485,0,0,0,0,0
2,4,1048576,320,1,3,0.13,10486,0,0,0,0,0
2,4,1048576,320,1,3,0.14,10486,0,0,0,0,0
2,4,1048576,320,1,3,0.15,10486,0,0,0,0,0
2,4,1048576,320,1,3,0.16,10485,0,0,0,0,0
2,4,1048576,320,1,3,0.17,10486,9.53652489e-05,0,0,0,1
2,4,1048576,320,1,3,0.18,10486,0,0,0,0,0
2,4,1048576,320,1,3,0.19,10486,0,0,0,0,0
2,4,1048576,320,1,3,0.2,10485,0.000190748689,0,0,0,1
2,4,1048576,320,1,3,0.21,10486,9.53652489e-05,0,0,0,1
2,4,1048576,320,1,3,0.22,10486,0.000190730498,0,0,0,1
2,4,1048576,320,1,3,0.23,10486,9.53652489e-05,0,0,0,1
2,4,1048576,320,1,3,0.24,10485,0.000953743443,0,0,0,1
2,4,1048576,320,1,3,0.25,10486,9.53652489e-05,0,0,0,1
2,4,1048576,320,1,3,0.26,10486,0.000572191493,0,0,0,1
2,4,1048576,320,1,3,0.27,10486,0.00104901774,0,0,0,2
2,4,1048576,320,1,3,0.28,10486,0.000762921991,0,0,0,1
2,4,1048576,320,1,3,0.29,10485,0.00162136385,0,0,1,1
2,4,1048576,320,1,3,0.3,10486,0.00143047873,0,0,1,2
2,4,1048576,320,1,3,0.31,10486,0.00162120923,0,0,1,1
2,4,1048576,320,1,3,0.32,10486,0.00295632272,0,0,1,2
2,4,1048576,320,1,3,0.33,10485,0.00190748689,0,0,1,1
2,4,1048576,320,1,3,0.34,10486,0.00247949647,0,0,1,2
2,4,1048576,320,1,3,0.35,10486,0.00362387946,0,0,1,2
2,4,1048576,320,1,3,0.36,10486,0.00362387946,0,0,1,1
2,4,1048576,320,1,3,0.37,10485,0.00686695279,0,0,1,3
2,4,1048576,320,1,3,0.38,10486,0.00524508869,0,0,1,2
2,4,1048576,320,1,3,0.39,10486,0.00495899294,0,0,1,2
2,4,1048576,320,1,3,0.4,10486,0.00820141141,0,0,1,3
2,4,1048576,320,1,3,0.41,10485,0.00953743443,0,0,1,2
2,4,1048576,320,1,3,0.42,10486,0.0104901774,0,0,2,2
2,4,1048576,320,1,3,0.43,10486,0.0125882129,0,1,2,3
2,4,1048576,320,1,3,0.44,10486,0.0159259966,0,1,2,4
2,4,1048576,320,1,3,0.45,10485,0.0157367668,0,1,2,4
2,4,1048576,320,1,3,0.46,10486,0.0170703796,0,1,2,3
2,4,1048576,320,1,3,0.47,10486,0.0228876597,0,1,2,4
2,4,1048576,320,1,3,0.48,10486,0.0265115392,0,1,2,3
2,4,1048576,320,1,3,0.49,10485,0.0274678112,0,1,2,5
2,4,1048576,320,1,3,0.5,10486,0.0316612626,0,1,3,3
2,4,1048576,320,1,3,0.51,10486,0.0383368301,0,1,3,5
2,4,1048576,320,1,3,0.52,10486,0.0415792485,0,1,2,5
2,4,1048576,320,1,3,0.53,10486,0.0499713904,0,1,3,6
2,4,1048576,320,1,3,0.54,10485,0.0558893658,0,2,3,5
2,4,1048576,320,1,3,0.55,10486,0.0567423231,0,2,3,4
2,4,1048576,320,1,3,0.56,10486,0.0641808125,0,2,3,5
2,4,1048576,320,1,3,0.57,10486,0.0750524509,0,2,4,5
2,4,1048576,320,1,3,0.58,10485,0.0863137816,0,2,4,6
2,4,1048576,320,1,3,0.59,10486,0.0931718482,0,2,4,6
2,4,1048576,320,1,3,0.6,10486,0.111768072,0,2,4,9
2,4,1048576,320,1,3,0.61,10486,0.12263971,0,2,5,7
2,4,1048576,320,1,3,0.62,10485,0.132188841,0,3,5,7
2,4,1048576,320,1,3,0.63,10486,0.152584398,0,3,5,9
2,4,1048576,320,1,3,0.64,10486,0.178619111,0,3,6,10
2,4,1048576,320,1,3,0.65,10486,0.19168415,0,3,6,12
2,4,1048576,320,1,3,0.66,10485,0.202288984,0,4,6,7
2,4,1048576,320,1,3,0.67,10486,0.230688537,0,4,6,8
2,4,1048576,320,1,3,0.68,10486,0.259012016,0,4,8,11
2,4,1048576,320,1,3,0.69,10486,0.291340835,0,4,7,14
2,4,1048576,320,1,3,0.7,10485,0.315498331,0,4,7,9
2,4,1048576,320,1,3,0.71,10486,0.347129506,0,5,8,10
2,4,1048576,320,1,3,0.72,10486,0.397386992,0,5,9,15
2,4,1048576,320,1,3,0.73,10486,0.467385085,0,6,9,13
2,4,1048576,320,1,3,0.74,10485,0.514544588,0,6,10,20
2,4,1048576,320,1,3,0.75,10486,0.562178142,0,7,10,14
2,4,1048576,320,1,3,0.76,10486,0.640473012,0,7,12,19
2,4,1048576,320,1,3,0.77,10486,0.72601564,0,8,13,19
2,4,1048576,320,1,3,0.78,10486,0.831489605,0,8,14,23
2,4,1048576,320,1,3,0.79,10485,0.931235098,0,9,14,22
2,4,1048576,320,1,3,0.8,10486,1.07715049,0,11,17,22
2,4,1048576,320,1,3,0.81,10486,1.17556742,0,11,18,26
2,4,1048576,320,1,3,0.82,10486,1.35981308,0,12,22,33
2,4,1048576,320,1,3,0.83,10485,1.57300906,0,13,20,45
2,4,1048576,320,1,3,0.84,10486,1.79105474,0,15,23,33
2,4,1048576,320,1,3,0.85,10486,2.12025558,0,17,29,54
2,4,1048576,320,1,3,0.86,10486,2.55016212,0,19,33,49
2,4,1048576,320,1,3,0.87,10485,2.93218884,0,23,38,51
2,4,1048576,320,1,3,0.88,10486,3.62006485,1,26,43,52
2,4,1048576,320,1,3,0.89,10486,4.32529086,1,30,47,67
2,4,1048576,320,1,3,0.9,10486,5.51335113,2,38,67,87
2,4,1048576,320,1,3,0.91,10485,6.8832618,3,46,65,86
2,4,1048576,320,1,3,0.92,10486,9.08697311,4,58,87,130
2,4,1048576,320,1,3,0.93,10486,12.7512874,6,78,132,174
2,4,1048576,320,1,3,0.94,6306,17.8926419,9,101,152,182
2,4,1048576,320,1,4,0,10486,0,0,0,0,0
2,4,1048576,320,1,4,0.01,10486,0,0,0,0,0
2,4,1048576,320,1,4,0.02,10486,0,0,0,0,0
2,4,1048576,320,1,4,0.03,10486,0,0,0,0,0
2,4,1048576,320,1,4,0.04,10485,0,0,0,0,0
2,4,1048576,320,1,4,0.05,10486,0,0,0,0,0
2,4,1048576,320,1,4,0.06,10486,0,0,0,0,0
2,4,1048576,320,1,4,0.07,10486,0,0,0,0,0
2,4,1048576,320,1,4,0.08,10485,0,0,0,0,0
2,4,1048576,320,1,4,0.09,10486,0,0,0,0,0
2,4,1048576,320,1,4,0.1,10486,9.53652489e-05,0,0,0,1
2,4,1048576,320,1,4,0.11,10486,0,0,0,0,0
2,4,1048576,320,1,4,0.12,10485,0,0,0,0,0
2,4,1048576,320,1,4,0.13,10486,0,0,0,0,0
2,4,1048576,320,1,4,0.14,10486,0,0,0,0,0
2,4,1048576,320,1,4,0.15,10486,9.53652489e-05,0,0,0,1
2,4,1048576,320,1,4,0.16,10485,0,0,0,0,0
2,4,1048576,320,1,4,0.17,10486,0,0,0,0,0
2,4,1048576,320,1,4,0.18,10486,0,0,0,0,0
2,4,1048576,320,1,4,0.19,10486,0,0,0,0,0
2,4,1048576,320,1,4,0.2,10485,0.000190748689,0,0,0,1
2,4,1048576,320,1,4,0.21,10486,9.53652489e-05,0,0,0,1
2,4,1048576,320,1,4,0.22,10486,0.000381460996,0,0,0,1
2,4,1048576,320,1,4,0.23,10486,0.000286095747,0,0,0,1
2,4,1048576,320,1,4,0.24,10485,0.000286123033,0,0,0,1
2,4,1048576,320,1,4,0.25,10486,0.000572191493,0,0,0,1
2,4,1048576,320,1,4,0.26,10486,0.000572191493,0,0,0,1
2,4,1048576,320,1,4,0.27,10486,0.000667556742,0,0,0,2
2,4,1048576,320,1,4,0.28,10486,0.000667556742,0,0,0,2
2,4,1048576,320,1,4,0.29,10485,0.00123986648,0,0,1,1
2,4,1048576,320,1,4,0.3,10486,0.000762921991,0,0,0,1
2,4,1048576,320,1,4,0.31,10486,0.00152584398,0,0,1,2
2,4,1048576,320,1,4,0.32,10486,0.00143047873,0,0,1,1
2,4,1048576,320,1,4,0.33,10485,0.0025751073,0,0,1,1
2,4,1048576,320,1,4,0.34,10486,0.00276559222,0,0,1,2
2,4,1048576,320,1,4,0.35,10486,0.00486362769,0,0,1,3
2,4,1048576,320,1,4,0.36,10486,0.00476826245,0,0,1,2
2,4,1048576,320,1,4,0.37,10485,0.00505484025,0,0,1,3
2,4,1048576,320,1,4,0.38,10486,0.00734312417,0,0,2,2
2,4,1048576,320,1,4,0.39,10486,0.00572191493,0,0,1,2
2,4,1048576,320,1,4,0.4,10486,0.00972725539,0,0,1,2
2,4,1048576,320,1,4,0.41,10485,0.01163567,0,1,2,3
2,4,1048576,320,1,4,0.42,10486,0.00915506389,0,0,1,3
2,4,1048576,320,1,4,0.43,10486,0.0125882129,0,1,2,2
2,4,1048576,320,1,4,0.44,10486,0.0151630746,0,1,2,3
2,4,1048576,320,1,4,0.45,10485,0.0161182642,0,1,2,3
2,4,1048576,320,1,4,0.46,10486,0.019549876,0,1,2,4
2,4,1048576,320,1,4,0.47,10486,0.0216479115,0,1,2,4
2,4,1048576,320,1,4,0.48,10486,0.0287049399,0,1,2,4
2,4,1048576,320,1,4,0.49,10485,0.0284215546,0,1,3,4
2,4,1048576,320,1,4,0.5,10486,0.0327102804,0,1,3,4
2,4,1048576,320,1,4,0.51,10486,0.0404348655,0,1,3,5
2,4,1048576,320,1,4,0.52,10486,0.0431050925,0,1,3,5
2,4,1048576,320,1,4,0.53,10486,0.0480640854,0,1,3,5
2,4,1048576,320,1,4,0.54,10485,0.0584644731,0,1,3,4
2,4,1048576,320,1,4,0.55,10486,0.0626549685,0,2,3,5
2,4,1048576,320,1,4,0.56,10486,0.0705702842,0,2,3,6
2,4,1048576,320,1,4,0.57,10486,0.0772458516,0,2,3,9
2,4,1048576,320,1,4,0.58,10485,0.0845970434,0,2,4,5
2,4,1048576,320,1,4,0.59,10486,0.100324242,0,2,4,6
2,4,1048576,320,1,4,0.6,10486,0.109956132,0,2,4,7
2,4,1048576,320,1,4,0.61,10486,0.11319855,0,2,5,6
2,4,1048576,320,1,4,0.62,10485,0.137529804,0,3,5,8
2,4,1048576,320,1,4,0.63,10486,0.161739462,0,3,6,9
2,4,1048576,320,1,4,0.64,10486,0.17442304,0,3,6,12
2,4,1048576,320,1,4,0.65,10486,0.190730498,0,3,6,7
2,4,1048576,320,1,4,0.66,10485,0.210681927,0,4,7,11
2,4,1048576,320,1,4,0.67,10486,0.23164219,0,4,7,10
2,4,1048576,320,1,4,0.68,10486,0.252622544,0,4,7,11
2,4,1048576,320,1,4,0.69,10486,0.305550257,0,5,8,14
2,4,1048576,320,1,4,0.7,10485,0.336385312,0,5,9,12
2,4,1048576,320,1,4,0.71,10486,0.385084875,0,5,9,13
2,4,1048576,320,1,4,0.72,10486,0.411501049,0,6,10,12
2,4,1048576,320,1,4,0.73,10486,0.449742514,0,6,10,15
2,4,1048576,320,1,4,0.74,10485,0.506437768,0,6,10,14
2,4,1048576,320,1,4,0.75,10486,0.606427618,0,7,13,18
2,4,1048576,320,1,4,0.76,10486,0.641998856,0,7,13,20
2,4,1048576,320,1,4,0.77,10486,0.708277704,0,8,12,18
2,4,1048576,320,1,4,0.78,10486,0.853232882,0,9,14,19
2,4,1048576,320,1,4,0.79,10485,0.919408679,0,9,14,18
2,4,1048576,320,1,4,0.8,10486,1.04863628,0,10,16,21
2,4,1048576,320,1,4,0.81,10486,1.20226969,0,11,16,23
2,4,1048576,320,1,4,0.82,10486,1.36830059,0,12,20,28
2,4,1048576,320,1,4,0.83,10485,1.60591321,0,14,22,27
2,4,1048576,320,1,4,0.84,10486,1.80392905,0,15,27,33
2,4,1048576,320,1,4,0.85,10486,2.16221629,0,17,26,41
2,4,1048576,320,1,4,0.86,10486,2.45012397,0,19,29,45
2,4,1048576,320,1,4,0.87,10485,2.96948021,0,22,34,45
2,4,1048576,320,1,4,0.88,10486,3.6119588,1,26,40,63
2,4,1048576,320,1,4,0.89,10486,4.38422659,1,32,49,67
2,4,1048576,320,1,4,0.9,10486,5.4640473,2,37,61,84
2,4,1048576,320,1,4,0.91,10485,7.21773963,3,48,75,114
2,4,1048576,320,1,4,0.92,10486,9.41140568,4,62,94,159
2,4,1048576,320,1,4,0.93,10486,13.3107953,6,84,135,215
2,4,1048576,320,1,4,0.94,10486,20.0512111,10,122,173,270
2,4,1048576,320,1,4,0.95,1365,24.7956044,13,131,185,239
2,4,1048576,320,1,5,0,10486,0,0,0,0,0
2,4,1048576,320,1,5,0.01,10486,0,0,0,0,0
2,4,1048576,320,1,5,0.02,10486,0,0,0,0,0
2,4,1048576,320,1,5,0.03,10486,0,0,0,0,0
2,4,1048576,320,1,5,0.04,10485,0,0,0,0,0
2,4,1048576,320,1,5,0.05,10486,0,0,0,0,0
2,4,1048576,320,1,5,0.06,10486,0,0,0,0,0
2,4,1048576,320,1,5,0.07,10486,0,0,0,0,0
2,4,1048576,320,1,5,0.08,10485,0,0,0,0,0
2,4,1048576,320,1,5,0.09,10486,0,0,0,0,0
2,4,1048576,320,1,5,0.1,10486,0,0,0,0,0
2,4,1048576,320,1,5,0.11,10486,0,0,0,0,0
2,4,1048576,320,1,5,0.12,10485,0,0,0,0,0
2,4,1048576,320,1,5,0.13,10486,0,0,0,0,0
2,4,1048576,320,1,5,0.14,10486,0,0,0,0,0
2,4,1048576,320,1,5,0.15,10486,0,0,0,0,0
2,4,1048576,320,1,5,0.16,10485,9.53743443e-05,0,0,0,1
2,4,1048576,320,1,5,0.17,10486,0,0,0,0,0
2,4,1048576,320,1,5,0.18,10486,0,0,0,0,0
2,4,1048576,320,1,5,0.19,10486,9.53652489e-05,0,0,0,1
2,4,1048576,320,1,5,0.2,10485,0,0,0,0,0
2,4,1048576,320,1,5,0.21,10486,9.53652489e-05,0,0,0,1
2,4,1048576,320,1,5,0.22,10486,0.000190730498,0,0,0,1
2,4,1048576,320,1,5,0.23,10486,0.000381460996,0,0,0,1
2,4,1048576,320,1,5,0.24,10485,0.000286123033,0,0,0,1
2,4,1048576,320,1,5,0.25,10486,0.000286095747,0,0,0,1
2,4,1048576,320,1,5,0.26,10486,0.000381460996,0,0,0,1
2,4,1048576,320,1,5,0.27,10486,0.00085828724,0,0,0,1
2,4,1048576,320,1,5,0.28,10486,0.000762921991,0,0,0,1
2,4,1048576,320,1,5,0.29,10485,0.00104911779,0,0,1,1
2,4,1048576,320,1,5,0.3,10486,0.00123974824,0,0,1,1
2,4,1048576,320,1,5,0.31,10486,0.00171657448,0,0,1,1
2,4,1048576,320,1,5,0.32,10486,0.00200267023,0,0,1,3
2,4,1048576,320,1,5,0.33,10485,0.00190748689,0,0,1,2
2,4,1048576,320,1,5,0.34,10486,0.00314705321,0,0,1,2
2,4,1048576,320,1,5,0.35,10486,0.00343314896,0,0,1,2
2,4,1048576,320,1,5,0.36,10486,0.0044821667,0,0,1,2
2,4,1048576,320,1,5,0.37,10485,0.00314735336,0,0,1,2
2,4,1048576,320,1,5,0.38,10486,0.00753385466,0,0,1,2
2,4,1048576,320,1,5,0.39,10486,0.00705702842,0,0,1,2
2,4,1048576,320,1,5,0.4,10486,0.00829677665,0,0,2,3
2,4,1048576,320,1,5,0.41,10485,0.00953743443,0,0,2,3
2,4,1048576,320,1,5,0.42,10486,0.0105855426,0,0,1,5
2,4,1048576,320,1,5,0.43,10486,0.0107762731,0,0,2,3
2,4,1048576,320,1,5,0.44,10486,0.0154491703,0,1,2,4
2,4,1048576,320,1,5,0.45,10485,0.017739628,0,1,2,5
2,4,1048576,320,1,5,0.46,10486,0.0194545108,0,1,2,4
2,4,1048576,320,1,5,0.47,10486,0.024127408,0,1,2,7
2,4,1048576,320,1,5,0.48,10486,0.02489033,0,1,2,3
2,4,1048576,320,1,5,0.49,10485,0.0296614211,0,1,2,5
2,4,1048576,320,1,5,0.5,10486,0.0317566279,0,1,2,4
2,4,1048576,320,1,5,0.51,10486,0.0369063513,0,1,3,4
2,4,1048576,320,1,5,0.52,10486,0.044058745,0,1,3,7
2,4,1048576,320,1,5,0.53,10486,0.0452984932,0,1,3,5
2,4,1048576,320,1,5,0.54,10485,0.0559847401,0,2,3,4
2,4,1048576,320,1,5,0.55,10486,0.061319855,0,2,3,6
2,4,1048576,320,1,5,0.56,10486,0.0721914934,0,2,4,8
2,4,1048576,320,1,5,0.57,10486,0.0813465573,0,2,4,5
2,4,1048576,320,1,5,0.58,10485,0.0859322842,0,2,4,6
2,4,1048576,320,1,5,0.59,10486,0.103280565,0,2,5,6
2,4,1048576,320,1,5,0.6,10486,0.109956132,0,2,4,7
2,4,1048576,320,1,5,0.61,10486,0.122544345,0,2,4,7
2,4,1048576,320,1,5,0.62,10485,0.144587506,0,3,5,9
2,4,1048576,320,1,5,0.63,10486,0.145336639,0,3,5,9
2,4,1048576,320,1,5,0.64,10486,0.17222964,0,3,6,9
2,4,1048576,320,1,5,0.65,10486,0.181098608,0,3,5,8
2,4,1048576,320,1,5,0.66,10485,0.214973772,0,4,7,9
2,4,1048576,320,1,5,0.67,10486,0.235170704,0,4,7,11
2,4,1048576,320,1,5,0.68,10486,0.267976349,0,4,7,11
2,4,1048576,320,1,5,0.69,10486,0.291626931,0,4,8,15
2,4,1048576,320,1,5,0.7,10485,0.327515498,0,5,7,10
2,4,1048576,320,1,5,0.71,10486,0.372592027,0,5,9,15
2,4,1048576,320,1,5,0.72,10486,0.389662407,0,5,9,11
2,4,1048576,320,1,5,0.73,10486,0.468910929,0,6,11,18
2,4,1048576,320,1,5,0.74,10485,0.51855031,0,6,11,14
2,4,1048576,320,1,5,0.75,10486,0.560556933,0,7,11,13
2,4,1048576,320,1,5,0.76,10486,0.665554072,0,7,12,21
2,4,1048576,320,1,5,0.77,10486,0.747568186,0,8,13,16
2,4,1048576,320,1,5,0.78,10486,0.822429907,0,8,13,22
2,4,1048576,320,1,5,0.79,10485,0.916642823,0,9,15,23
2,4,1048576,320,1,5,0.8,10486,1.08621019,0,10,16,23
2,4,1048576,320,1,5,0.81,10486,1.16584017,0,11,18,21
2,4,1048576,320,1,5,0.82,10486,1.32691207,0,12,21,29
2,4,1048576,320,1,5,0.83,10485,1.52799237,0,14,21,28
2,4,1048576,320,1,5,0.84,10486,1.81966431,0,15,23,29
2,4,1048576,320,1,5,0.85,10486,2.08430288,0,17,28,47
2,4,1048576,320,1,5,0.86,10486,2.45765783,0,19,31,39
2,4,1048576,320,1,5,0.87,10485,3.02794468,0,23,36,52
2,4,1048576,320,1,5,0.88,10486,3.50095365,1,26,40,62
2,4,1048576,320,1,5,0.89,10486,4.37354568,1,30,53,83
2,4,1048576,320,1,5,0.9,10486,5.35847797,2,38,58,86
2,4,1048576,320,1,5,0.91,10485,7.02460658,3,45,76,100
2,4,1048576,320,1,5,0.92,10486,9.31165363,4,60,96,140
2,4,1048576,320,1,5,0.93,10486,12.9395384,6,79,123,180
2,4,1048576,320,1,5,0.94,9293,18.8820618,10,114,183,255
2,4,1048576,320,1,6,0,10486,0,0,0,0,0
2,4,1048576,320,1,6,0.01,10486,0,0,0,0,0
2,4,1048576,320,1,6,0.02,10486,0,0,0,0,0
2,4,1048576,320,1,6,0.03,10486,0,0,0,0,0
2,4,1048576,320,1,6,0.04,10485,0,0,0,0,0
2,4,1048576,320,1,6,0.05,10486,0,0,0,0,0
2,4,1048576,320,1,6,0.06,10486,0,0,0,0,0
2,4,1048576,320,1,6,0.07,10486,0,0,0,0,0
2,4,1048576,320,1,6,0.08,10485,0,0,0,0,0
2,4,1048576,320,1,6,0.09,10486,0,0,0,0,0
2,4,1048576,320,1,6,0.1,10486,0,0,0,0,0
2,4,1048576,320,1,6,0.11,10486,0,0,0,0,0
2,4,1048576,320,1,6,0.12,10485,0,0,0,0,0
2,4,1048576,320,1,6,0.13,10486,0,0,0,0,0
2,4,1048576,320,1,6,0.14,10486,0,0,0,0,0
2,4,1048576,320,1,6,0.15,10486,0,0,0,0,0
2,4,1048576,320,1,6,0.16,10485,0,0,0,0,0
2,4,1048576,320,1,6,0.17,10486,0,0,0,0,0
2,4,1048576,320,1,6,0.18,10486,0,0,0,0,0
2,4,1048576,320,1,6,0.19,10486,9.53652489e-05,0,0,0,1
2,4,1048576,320,1,6,0.2,10485,0.000190748689,0,0,0,1
2,4,1048576,320,1,6,0.21,10486,9.53652489e-05,0,0,0,1
2,4,1048576,320,1,6,0.22,10486,0.000476826245,0,0,0,1
2,4,1048576,320,1,6,0.23,10486,9.53652489e-05,0,0,0,1
2,4,1048576,320,1,6,0.24,10485,0.000476871722,0,0,0,1
2,4,1048576,320,1,6,0.25,10486,0.000190730498,0,0,0,1
2,4,1048576,320,1,6,0.26,10486,0.000667556742,0,0,0,1
2,4,1048576,320,1,6,0.27,10486,0.00085828724,0,0,0,2
2,4,1048576,320,1,6,0.28,10486,0.00104901774,0,0,0,2
2,4,1048576,320,1,6,0.29,10485,0.000858369099,0,0,0,2
2,4,1048576,320,1,6,0.3,10486,0.00143047873,0,0,1,1
2,4,1048576,320,1,6,0.31,10486,0.00200267023,0,0,1,2
2,4,1048576,320,1,6,0.32,10486,0.00190730498,0,0,1,2
2,4,1048576,320,1,6,0.33,10485,0.00286123033,0,0,1,2
2,4,1048576,320,1,6,0.34,10486,0.00305168796,0,0,1,2
2,4,1048576,320,1,6,0.35,10486,0.00381460996,0,0,1,3
2,4,1048576,320,1,6,0.36,10486,0.00362387946,0,0,1,2
2,4,1048576,320,1,6,0.37,10485,0.00505484025,0,0,1,2
2,4,1048576,320,1,6,0.38,10486,0.00829677665,0,0,2,2
2,4,1048576,320,1,6,0.39,10486,0.00638947168,0,0,1,2
2,4,1048576,320,1,6,0.4,10486,0.00867823765,0,0,2,2
2,4,1048576,320,1,6,0.41,10485,0.00944206009,0,0,2,3
2,4,1048576,320,1,6,0.42,10486,0.0131604043,0,1,2,3
2,4,1048576,320,1,6,0.43,10486,0.0123021171,0,1,2,3
2,4,1048576,320,1,6,0.44,10486,0.0148769788,0,1,2,3
2,4,1048576,320,1,6,0.45,10485,0.0159275155,0,1,2,3
2,4,1048576,320,1,6,0.46,10486,0.0205035285,0,1,2,4
2,4,1048576,320,1,6,0.47,10486,0.022601564,0,1,2,4
2,4,1048576,320,1,6,0.48,10486,0.0274651917,0,1,2,5
2,4,1048576,320,1,6,0.49,10485,0.0297567954,0,1,3,3
2,4,1048576,320,1,6,0.5,10486,0.0291817662,0,1,2,4
2,4,1048576,320,1,6,0.51,10486,0.0383368301,0,1,2,4
2,4,1048576,320,1,6,0.52,10486,0.045584589,0,1,3,6
2,4,1048576,320,1,6,0.53,10486,0.0483501812,0,1,3,5
2,4,1048576,320,1,6,0.54,10485,0.055126371,0,2,3,5
2,4,1048576,320,1,6,0.55,10486,0.0618920465,0,2,3,8
2,4,1048576,320,1,6,0.56,10486,0.0729544154,0,2,4,7
2,4,1048576,320,1,6,0.57,10486,0.0740987984,0,2,4,5
2,4,1048576,320,1,6,0.58,10485,0.092513114,0,2,4,9
2,4,1048576,320,1,6,0.59,10486,0.0930764829,0,2,4,7
2,4,1048576,320,1,6,0.6,10486,0.11300782,0,2,5,7
2,4,1048576,320,1,6,0.61,10486,0.117108526,0,2,5,7
2,4,1048576,320,1,6,0.62,10485,0.141440153,0,3,5,9
2,4,1048576,320,1,6,0.63,10486,0.154014877,0,3,5,10
2,4,1048576,320,1,6,0.64,10486,0.167461377,0,3,6,9
2,4,1048576,320,1,6,0.65,10486,0.179954225,0,3,6,10
2,4,1048576,320,1,6,0.66,10485,0.217167382,0,4,7,11
2,4,1048576,320,1,6,0.67,10486,0.237078009,0,4,7,11
2,4,1048576,320,1,6,0.68,10486,0.256913981,0,4,6,10
2,4,1048576,320,1,6,0.69,10486,0.301831013,0,5,8,12
2,4,1048576,320,1,6,0.7,10485,0.319980925,0,5,8,12
2,4,1048576,320,1,6,0.71,10486,0.356761396,0,5,8,13
2,4,1048576,320,1,6,0.72,10486,0.384512684,0,5,9,17
2,4,1048576,320,1,6,0.73,10486,0.446500095,0,6,9,18
2,4,1048576,320,1,6,0.74,10485,0.487172151,0,6,11,16
2,4,1048576,320,1,6,0.75,10486,0.576959756,0,7,11,18
2,4,1048576,320,1,6,0.76,10486,0.653633416,0,7,12,20
2,4,1048576,320,1,6,0.77,10486,0.730307076,0,8,13,20
2,4,1048576,320,1,6,0.78,10486,0.808411215,0,8,14,22
2,4,1048576,320,1,6,0.79,10485,0.929804483,0,9,14,24
2,4,1048576,320,1,6,0.8,10486,0.988842266,0,9,16,21
2,4,1048576,320,1,6,0.81,10486,1.16002289,0,11,18,26
2,4,1048576,320,1,6,0.82,10486,1.36152966,0,12,20,29
2,4,1048576,320,1,6,0.83,10485,1.59647115,0,13,21,43
2,4,1048576,320,1,6,0.84,10486,1.77036048,0,15,24,52
2,4,1048576,320,1,6,0.85,10486,2.07018882,0,17,27,47
2,4,1048576,320,1,6,0.86,10486,2.46166317,0,19,29,39
2,4,1048576,320,1,6,0.87,10485,2.92770625,0,22,40,61
2,4,1048576,320,1,6,0.88,10486,3.49170322,1,26,40,48
2,4,1048576,320,1,6,0.89,10486,4.22868587,1,30,48,63
2,4,1048576,320,1,6,0.9,10486,5.30669464,2,37,56,84
2,4,1048576,320,1,6,0.91,10485,6.91912256,2,46,67,104
2,4,1048576,320,1,6,0.92,10486,9.10890711,4,60,85,124
2,4,1048576,320,1,6,0.93,10486,12.6069998,6,77,123,157
2,4,1048576,320,1,6,0.94,10486,19.1391379,10,116,188,300
2,4,1048576,320,1,6,0.95,7061,28.2706416,15,166,264,317
2,4,1048576,320,1,7,0,10486,0,0,0,0,0
2,4,1048576,320,1,7,0.01,10486,0,0,0,0,0
2,4,1048576,320,1,7,0.02,10486,0,0,0,0,0
2,4,1048576,320,1,7,0.03,10486,0,0,0,0,0
2,4,1048576,320,1,7,0.04,10485,0,0,0,0,0
2,4,1048576,320,1,7,0.05,10486,0,0,0,0,0
2,4,1048576,320,1,7,0.06,10486,0,0,0,0,0
2,4,1048576,320,1,7,0.07,10486,0,0,0,0,0
2,4,1048576,320,1,7,0.08,10485,0,0,0,0,0
2,4,1048576,320,1,7,0.09,10486,0,0,0,0,0
2,4,1048576,320,1,7,0.1,10486,0,0,0,0,0
2,4,1048576,320,1,7,0.11,10486,0,0,0,0,0
2,4,1048576,320,1,7,0.12,10485,0,0,0,0,0
2,4,1048576,320,1,7,0.13,10486,0,0,0,0,0
2,4,1048576,320,1,7,0.14,10486,0,0,0,0,0
2,4,1048576,320,1,7,0.15,10486,0,0,0,0,0
2,4,1048576,320,1,7,0.16,10485,0,0,0,0,0
2,4,1048576,320,1,7,0.17,10486,0,0,0,0,0
2,4,1048576,320,1,7,0.18,10486,9.53652489e-05,0,0,0,1
2,4,1048576,320,1,7,0.19,10486,9.53652489e-05,0,0,0,1
2,4,1048576,320,1,7,0.2,10485,9.53743443e-05,0,0,0,1
2,4,1048576,320,1,7,0.21,10486,0,0,0,0,0
2,4,1048576,320,1,7,0.22,10486,9.53652489e-05,0,0,0,1
2,4,1048576,320,1,7,0.23,10486,0.000572191493,0,0,0,1
2,4,1048576,320,1,7,0.24,10485,0.00066762041,0,0,0,1
2,4,1048576,320,1,7,0.25,10486,0.000476826245,0,0,0,1
2,4,1048576,320,1,7,0.26,10486,0.000476826245,0,0,0,1
2,4,1048576,320,1,7,0.27,10486,0.00123974824,0,0,1,2
2,4,1048576,320,1,7,0.28,10486,0.00143047873,0,0,1,2
2,4,1048576,320,1,7,0.29,10485,0.00152598951,0,0,1,1
2,4,1048576,320,1,7,0.3,10486,0.00257486172,0,0,1,2
2,4,1048576,320,1,7,0.31,10486,0.00219340072,0,0,1,2
2,4,1048576,320,1,7,0.32,10486,0.00162120923,0,0,1,2
2,4,1048576,320,1,7,0.33,10485,0.00190748689,0,0,1,1
2,4,1048576,320,1,7,0.34,10486,0.00352851421,0,0,1,3
2,4,1048576,320,1,7,0.35,10486,0.00286095747,0,0,1,2
2,4,1048576,320,1,7,0.36,10486,0.00457753195,0,0,1,2
2,4,1048576,320,1,7,0.37,10485,0.00467334287,0,0,1,3
2,4,1048576,320,1,7,0.38,10486,0.00781995041,0,0,1,3
2,4,1048576,320,1,7,0.39,10486,0.00658020217,0,0,1,3
2,4,1048576,320,1,7,0.4,10486,0.0087736029,0,0,1,3
2,4,1048576,320,1,7,0.41,10485,0.00963280877,0,0,1,2
2,4,1048576,320,1,7,0.42,10486,0.0114438299,0,1,2,2
2,4,1048576,320,1,7,0.43,10486,0.0126835781,0,1,2,3
2,4,1048576,320,1,7,0.44,10486,0.0138279611,0,1,2,3
2,4,1048576,320,1,7,0.45,10485,0.0181211254,0,1,2,5
2,4,1048576,320,1,7,0.46,10486,0.0209803548,0,1,2,5
2,4,1048576,320,1,7,0.47,10486,0.0225061987,0,1,2,3
2,4,1048576,320,1,7,0.48,10486,0.0239366775,0,1,2,4
2,4,1048576,320,1,7,0.49,10485,0.0279446829,0,1,2,4
2,4,1048576,320,1,7,0.5,10486,0.0364295251,0,1,2,5
2,4,1048576,320,1,7,0.51,10486,0.0415792485,0,1,3,4
2,4,1048576,320,1,7,0.52,10486,0.04215144,0,1,3,5
2,4,1048576,320,1,7,0.53,10486,0.0538813656,0,2,3,5
2,4,1048576,320,1,7,0.54,10485,0.0535050072,0,1,3,8
2,4,1048576,320,1,7,0.55,10486,0.0631317948,0,2,3,6
2,4,1048576,320,1,7,0.56,10486,0.0688537097,0,2,4,6
2,4,1048576,320,1,7,0.57,10486,0.0870684722,0,2,4,7
2,4,1048576,320,1,7,0.58,10485,0.0834525513,0,2,4,7
2,4,1048576,320,1,7,0.59,10486,0.0985123021,0,2,4,5
2,4,1048576,320,1,7,0.6,10486,0.112626359,0,2,5,8
2,4,1048576,320,1,7,0.61,10486,0.122067519,0,2,5,11
2,4,1048576,320,1,7,0.62,10485,0.138674297,0,3,5,9
2,4,1048576,320,1,7,0.63,10486,0.15534999,0,3,5,8
2,4,1048576,320,1,7,0.64,10486,0.167079916,0,3,5,9
2,4,1048576,320,1,7,0.65,10486,0.188727828,0,3,6,10
2,4,1048576,320,1,7,0.66,10485,0.209060563,0,4,6,8
2,4,1048576,320,1,7,0.67,10486,0.235361434,0,4,6,11
2,4,1048576,320,1,7,0.68,10486,0.254529849,0,4,7,11
2,4,1048576,320,1,7,0.69,10486,0.300972726,0,4,7,13
2,4,1048576,320,1,7,0.7,10485,0.331044349,0,4,8,10
2,4,1048576,320,1,7,0.71,10486,0.360576006,0,5,8,11
2,4,1048576,320,1,7,0.72,10486,0.389185581,0,5,8,15
2,4,1048576,320,1,7,0.73,10486,0.455559794,0,6,9,14
2,4,1048576,320,1,7,0.74,10485,0.50405341,0,6,9,15
2,4,1048576,320,1,7,0.75,10486,0.594030135,0,7,12,22
2,4,1048576,320,1,7,0.76,10486,0.632939157,0,7,11,19
2,4,1048576,320,1,7,0.77,10486,0.72019836,0,8,13,19
2,4,1048576,320,1,7,0.78,10486,0.827293534,0,8,14,19
2,4,1048576,320,1,7,0.79,10485,0.914544588,0,9,14,33
2,4,1048576,320,1,7,0.8,10486,1.02231547,0,10,15,20
2,4,1048576,320,1,7,0.81,10486,1.24766355,0,11,19,25
2,4,1048576,320,1,7,0.82,10486,1.39977112,0,13,19,23
2,4,1048576,320,1,7,0.83,10485,1.54248927,0,14,21,30
2,4,1048576,320,1,7,0.84,10486,1.79200839,0,14,23,34
2,4,1048576,320,1,7,0.85,10486,2.16784284,0,18,29,38
2,4,1048576,320,1,7,0.86,10486,2.53080298,0,20,32,107
2,4,1048576,320,1,7,0.87,10485,3.01144492,0,22,34,58
2,4,1048576,320,1,7,0.88,10486,3.57695976,1,26,40,47
2,4,1048576,320,1,7,0.89,10486,4.36248331,1,30,43,64
2,4,1048576,320,1,7,0.9,10486,5.48321572,2,37,59,81
2,4,1048576,320,1,7,0.91,10485,6.93180734,3,45,72,92
2,4,1048576,320,1,7,0.92,10486,9.11148198,4,56,95,161
2,4,1048576,320,1,7,0.93,10486,13.0903109,6,79,135,259
2,4,1048576,320,1,7,0.94,10486,19.8280565,10,124,196,247
2,4,1048576,320,1,7,0.95,4030,28.357072,15,168,250,298
2,4,1048576,320,1,8,0,10486,0,0,0,0,0
2,4,1048576,320,1,8,0.01,10486,0,0,0,0,0
2,4,1048576,320,1,8,0.02,10486,0,0,0,0,0
2,4,1048576,320,1,8,0.03,10486,0,0,0,0,0
2,4,1048576,320,1,8,0.04,10485,0,0,0,0,0
2,4,1048576,320,1,8,0.05,10486,0,0,0,0,0
2,4,1048576,320,1,8,0.06,10486,0,0,0,0,0
2,4,1048576,320,1,8,0.07,10486,0,0,0,0,0
2,4,1048576,320,1,8,0.08,10485,0,0,0,0,0
2,4,1048576,320,1,8,0.09,10486,0,0,0,0,0
2,4,1048576,320,1,8,0.1,10486,0,0,0,0,0
2,4,1048576,320,1,8,0.11,10486,0,0,0,0,0
2,4,1048576,320,1,8,0.12,10485,0,0,0,0,0
2,4,1048576,320,1,8,0.13,10486,0,0,0,0,0
2,4,1048576,320,1,8,0.14,10486,0,0,0,0,0
2,4,1048576,320,1,8,0.15,10486,0,0,0,0,0
2,4,1048576,320,1,8,0.16,10485,0.000190748689,0,0,0,1
2,4,1048576,320,1,8,0.17,10486,0,0,0,0,0
2,4,1048576,320,1,8,0.18,10486,0,0,0,0,0
2,4,1048576,320,1,8,0.19,10486,0.000381460996,0,0,0,1
2,4,1048576,320,1,8,0.2,10485,9.53743443e-05,0,0,0,1
2,4,1048576,320,1,8,0.21,10486,0.000286095747,0,0,0,1
2,4,1048576,320,1,8,0.22,10486,0.000190730498,0,0,0,1
2,4,1048576,320,1,8,0.23,10486,0.000190730498,0,0,0,2
2,4,1048576,320,1,8,0.24,10485,0.000476871722,0,0,0,1
2,4,1048576,320,1,8,0.25,10486,0.000572191493,0,0,0,1
2,4,1048576,320,1,8,0.26,10486,0.000381460996,0,0,0,1
2,4,1048576,320,1,8,0.27,10486,0.00104901774,0,0,1,1
2,4,1048576,320,1,8,0.28,10486,0.000572191493,0,0,0,2
2,4,1048576,320,1,8,0.29,10485,0.000858369099,0,0,0,1
2,4,1048576,320,1,8,0.3,10486,0.00162120923,0,0,1,2
2,4,1048576,320,1,8,0.31,10486,0.00123974824,0,0,1,2
2,4,1048576,320,1,8,0.32,10486,0.00305168796,0,0,1,2
2,4,1048576,320,1,8,0.33,10485,0.00324272771,0,0,1,2
2,4,1048576,320,1,8,0.34,10486,0.00257486172,0,0,1,3
2,4,1048576,320,1,8,0.35,10486,0.00438680145,0,0,1,2
2,4,1048576,320,1,8,0.36,10486,0.0046728972,0,0,1,2
2,4,1048576,320,1,8,0.37,10485,0.00486409156,0,0,1,1
2,4,1048576,320,1,8,0.38,10486,0.00686629792,0,0,1,2
2,4,1048576,320,1,8,0.39,10486,0.00705702842,0,0,1,3
2,4,1048576,320,1,8,0.4,10486,0.00753385466,0,0,1,3
2,4,1048576,320,1,8,0.41,10485,0.00963280877,0,0,1,4
2,4,1048576,320,1,8,0.42,10486,0.0101087164,0,0,2,3
2,4,1048576,320,1,8,0.43,10486,0.0150677093,0,1,2,3
2,4,1048576,320,1,8,0.44,10486,0.0173564753,0,1,2,3
2,4,1048576,320,1,8,0.45,10485,0.0186933715,0,1,2,3
2,4,1048576,320,1,8,0.46,10486,0.0202174328,0,1,2,3
2,4,1048576,320,1,8,0.47,10486,0.022983025,0,1,2,7
2,4,1048576,320,1,8,0.48,10486,0.0267976349,0,1,2,4
2,4,1048576,320,1,8,0.49,10485,0.0327134001,0,1,2,5
2,4,1048576,320,1,8,0.5,10486,0.0350944116,0,1,3,8
2,4,1048576,320,1,8,0.51,10486,0.0432004578,0,1,3,7
2,4,1048576,320,1,8,0.52,10486,0.0422468053,0,1,3,4
2,4,1048576,320,1,8,0.53,10486,0.0525462521,0,1,3,4
2,4,1048576,320,1,8,0.54,10485,0.0536003815,0,2,3,6
2,4,1048576,320,1,8,0.55,10486,0.060938394,0,2,3,5
2,4,1048576,320,1,8,0.56,10486,0.0686629792,0,2,4,6
2,4,1048576,320,1,8,0.57,10486,0.0880221247,0,2,4,7
2,4,1048576,320,1,8,0.58,10485,0.0818311874,0,2,4,5
2,4,1048576,320,1,8,0.59,10486,0.101754721,0,2,4,7
2,4,1048576,320,1,8,0.6,10486,0.108716384,0,2,5,8
2,4,1048576,320,1,8,0.61,10486,0.120541675,0,3,4,7
2,4,1048576,320,1,8,0.62,10485,0.130662852,0,3,5,7
2,4,1048576,320,1,8,0.63,10486,0.145813466,0,3,5,7
2,4,1048576,320,1,8,0.64,10486,0.165267976,0,3,6,10
2,4,1048576,320,1,8,0.65,10486,0.188251001,0,3,6,8
2,4,1048576,320,1,8,0.66,10485,0.220314735,0,4,6,10
2,4,1048576,320,1,8,0.67,10486,0.236410452,0,4,7,12
2,4,1048576,320,1,8,0.68,10486,0.253480832,0,4,7,13
2,4,1048576,320,1,8,0.69,10486,0.292962045,0,4,8,12
2,4,1048576,320,1,8,0.7,10485,0.327706247,0,5,8,11
2,4,1048576,320,1,8,0.71,10486,0.358954797,0,5,9,15
2,4,1048576,320,1,8,0.72,10486,0.40244135,0,5,9,14
2,4,1048576,320,1,8,0.73,10486,0.438680145,0,5,10,13
2,4,1048576,320,1,8,0.74,10485,0.512064855,0,6,10,14
2,4,1048576,320,1,8,0.75,10486,0.572096128,0,7,11,15
2,4,1048576,320,1,8,0.76,10486,0.627980164,0,7,13,17
2,4,1048576,320,1,8,0.77,10486,0.714762541,0,8,13,27
2,4,1048576,320,1,8,0.78,10486,0.790291818,0,8,15,23
2,4,1048576,320,1,8,0.79,10485,0.941440153,0,10,15,28
2,4,1048576,320,1,8,0.8,10486,1.07657829,0,10,17,30
2,4,1048576,320,1,8,0.81,10486,1.16707992,0,11,17,25
2,4,1048576,320,1,8,0.82,10486,1.37497616,0,12,20,30
2,4,1048576,320,1,8,0.83,10485,1.55393419,0,13,21,30
2,4,1048576,320,1,8,0.84,10486,1.83463666,0,15,23,29
2,4,1048576,320,1,8,0.85,10486,2.11071905,0,17,26,37
2,4,1048576,320,1,8,0.86,10486,2.44249475,0,19,31,45
2,4,1048576,320,1,8,0.87,10485,2.89976156,0,21,33,51
2,4,1048576,320,1,8,0.88,10486,3.45851612,1,25,41,56
2,4,1048576,320,1,8,0.89,10486,4.34541293,1,31,46,64
2,4,1048576,320,1,8,0.9,10486,5.53108907,2,37,56,80
2,4,1048576,320,1,8,0.91,10485,6.96270863,3,44,70,131
2,4,1048576,320,1,8,0.92,10486,9.39338165,4,61,100,139
2,4,1048576,320,1,8,0.93,10486,13.0534045,6,81,124,164
2,4,1048576,320,1,8,0.94,10486,19.6726111,10,117,187,251
2,4,1048576,320,1,8,0.95,2951,27.8905456,16,149,216,296
2,4,1048576,320,1,9,0,10486,0,0,0,0,0
2,4,1048576,320,1,9,0.01,10486,0,0,0,0,0
2,4,1048576,320,1,9,0.02,10486,0,0,0,0,0
2,4,1048576,320,1,9,0.03,10486,0,0,0,0,0
2,4,1048576,320,1,9,0.04,10485,0,0,0,0,0
2,4,1048576,320,1,9,0.05,10486,0,0,0,0,0
2,4,1048576,320,1,9,0.06,10486,0,0,0,0,0
2,4,1048576,320,1,9,0.07,10486,0,0,0,0,0
2,4,1048576,320,1,9,0.08,10485,0,0,0,0,0
2,4,1048576,320,1,9,0.09,10486,0,0,0,0,0
2,4,1048576,320,1,9,0.1,10486,0,0,0,0,0
2,4,1048576,320,1,9,0.11,10486,0,0,0,0,0
2,4,1048576,320,1,9,0.12,10485,0,0,0,0,0
2,4,1048576,320,1,9,0.13,10486,0,0,0,0,0
2,4,1048576,320,1,9,0.14,10486,0,0,0,0,0
2,4,1048576,320,1,9,0.15,10486,0,0,0,0,0
2,4,1048576,320,1,9,0.16,10485,0,0,0,0,0
2,4,1048576,320,1,9,0.17,10486,0,0,0,0,0
2,4,1048576,320,1,9,0.18,10486,0,0,0,0,0
2,4,1048576,320,1,9,0.19,10486,0,0,0,0,0
2,4,1048576,320,1,9,0.2,10485,9.53743443e-05,0,0,0,1
2,4,1048576,320,1,9,0.21,10486,9.53652489e-05,0,0,0,1
2,4,1048576,320,1,9,0.22,10486,0.000286095747,0,0,0,1
2,4,1048576,320,1,9,0.23,10486,0.000572191493,0,0,0,1
2,4,1048576,320,1,9,0.24,10485,0.000476871722,0,0,0,1
2,4,1048576,320,1,9,0.25,10486,0.000286095747,0,0,0,1
2,4,1048576,320,1,9,0.26,10486,0.000476826245,0,0,0,1
2,4,1048576,320,1,9,0.27,10486,0.000667556742,0,0,0,1
2,4,1048576,320,1,9,0.28,10486,0.000667556742,0,0,0,1
2,4,1048576,320,1,9,0.29,10485,0.000762994754,0,0,0,1
2,4,1048576,320,1,9,0.3,10486,0.00171657448,0,0,1,2
2,4,1048576,320,1,9,0.31,10486,0.00190730498,0,0,1,2
2,4,1048576,320,1,9,0.32,10486,0.00171657448,0,0,1,2
2,4,1048576,320,1,9,0.33,10485,0.00200286123,0,0,1,2
2,4,1048576,320,1,9,0.34,10486,0.00286095747,0,0,1,2
2,4,1048576,320,1,9,0.35,10486,0.00390997521,0,0,1,3
2,4,1048576,320,1,9,0.36,10486,0.00457753195,0,0,1,3
2,4,1048576,320,1,9,0.37,10485,0.00524558894,0,0,1,2
2,4,1048576,320,1,9,0.38,10486,0.00658020217,0,0,1,3
2,4,1048576,320,1,9,0.39,10486,0.00619874118,0,0,1,3
2,4,1048576,320,1,9,0.4,10486,0.0085828724,0,0,2,3
2,4,1048576,320,1,9,0.41,10485,0.0092513114,0,0,1,3
2,4,1048576,320,1,9,0.42,10486,0.0106809079,0,0,2,2
2,4,1048576,320,1,9,0.43,10486,0.0125882129,0,1,2,3
2,4,1048576,320,1,9,0.44,10486,0.0156399008,0,1,2,4
2,4,1048576,320,1,9,0.45,10485,0.0164997616,0,1,2,4
2,4,1048576,320,1,9,0.46,10486,0.0205988938,0,1,2,3
2,4,1048576,320,1,9,0.47,10486,0.0246042342,0,1,2,4
2,4,1048576,320,1,9,0.48,10486,0.0282281137,0,1,3,4
2,4,1048576,320,1,9,0.49,10485,0.0299475441,0,1,2,4
2,4,1048576,320,1,9,0.5,10486,0.0321380889,0,1,3,5
2,4,1048576,320,1,9,0.51,10486,0.0370970818,0,1,3,5
2,4,1048576,320,1,9,0.52,10486,0.0422468053,0,1,3,5
2,4,1048576,320,1,9,0.53,10486,0.04215144,0,1,3,4
2,4,1048576,320,1,9,0.54,10485,0.0535050072,0,2,4,7
2,4,1048576,320,1,9,0.55,10486,0.0644669083,0,2,4,5
2,4,1048576,320,1,9,0.56,10486,0.0691398055,0,2,4,5
2,4,1048576,320,1,9,0.57,10486,0.0796299828,0,2,4,8
2,4,1048576,320,1,9,0.58,10485,0.0939437291,0,2,4,6
2,4,1048576,320,1,9,0.59,10486,0.0961281709,0,2,4,7
2,4,1048576,320,1,9,0.6,10486,0.101087164,0,2,4,5
2,4,1048576,320,1,9,0.61,10486,0.127503338,0,3,5,7
2,4,1048576,320,1,9,0.62,10485,0.13237959,0,2,5,9
2,4,1048576,320,1,9,0.63,10486,0.155540721,0,3,5,12
2,4,1048576,320,1,9,0.64,10486,0.168319664,0,3,5,10
2,4,1048576,320,1,9,0.65,10486,0.177570093,0,3,6,8
2,4,1048576,320,1,9,0.66,10485,0.21010968,0,3,6,12
2,4,1048576,320,1,9,0.67,10486,0.239271409,0,4,7,11
2,4,1048576,320,1,9,0.68,10486,0.259107381,0,4,7,9
2,4,1048576,320,1,9,0.69,10486,0.287335495,0,4,7,10
2,4,1048576,320,1,9,0.7,10485,0.318454936,0,5,8,14
2,4,1048576,320,1,9,0.71,10486,0.364390616,0,5,9,14
2,4,1048576,320,1,9,0.72,10486,0.407018882,0,5,9,14
2,4,1048576,320,1,9,0.73,10486,0.445546443,0,5,9,16
2,4,1048576,320,1,9,0.74,10485,0.511683357,0,6,10,24
2,4,1048576,320,1,9,0.75,10486,0.562559603,0,6,11,16
2,4,1048576,320,1,9,0.76,10486,0.654110242,0,7,12,15
2,4,1048576,320,1,9,0.77,10486,0.717909594,0,7,12,19
2,4,1048576,320,1,9,0.78,10486,0.846461949,0,9,14,21
2,4,1048576,320,1,9,0.79,10485,0.932093467,0,9,16,27
2,4,1048576,320,1,9,0.8,10486,1.06112912,0,10,16,24
2,4,1048576,320,1,9,0.81,10486,1.21380889,0,11,19,27
2,4,1048576,320,1,9,0.82,10486,1.42609193,0,12,20,28
2,4,1048576,320,1,9,0.83,10485,1.56251788,0,14,22,29
2,4,1048576,320,1,9,0.84,10486,1.86763303,0,15,25,50
2,4,1048576,320,1,9,0.85,10486,2.15306122,0,17,27,35
2,4,1048576,320,1,9,0.86,10486,2.54091169,0,21,34,52
2,4,1048576,320,1,9,0.87,10485,2.95231283,0,22,37,43
2,4,1048576,320,1,9,0.88,10486,3.4868396,1,26,44,65
2,4,1048576,320,1,9,0.89,10486,4.41216861,1,30,48,84
2,4,1048576,320,1,9,0.9,10486,5.38680145,2,37,58,89
2,4,1048576,320,1,9,0.91,10485,6.99685265,3,47,75,121
2,4,1048576,320,1,9,0.92,10486,9.4212283,4,59,98,128
2,4,1048576,320,1,9,0.93,10486,13.1341789,6,80,128,187
2,4,1048576,320,1,9,0.94,10486,19.9285714,11,117,177,232
2,4,1048576,320,1,9,0.95,3359,28.1872581,16,154,233,275
2,4,1048576,320,1,10,0,10486,0,0,0,0,0
2,4,1048576,320,1,10,0.01,10486,0,0,0,0,0
2,4,1048576,320,1,10,0.02,10486,0,0,0,0,0
2,4,1048576,320,1,10,0.03,10486,0,0,0,0,0
2,4,1048576,320,1,10,0.04,10485,0,0,0,0,0
2,4,1048576,320,1,10,0.05,10486,0,0,0,0,0
2,4,1048576,320,1,10,0.06,10486,0,0,0,0,0
2,4,1048576,320,1,10,0.07,10486,0,0,0,0,0
2,4,1048576,320,1,10,0.08,10485,0,0,0,0,0
2,4,1048576,320,1,10,0.09,10486,0,0,0,0,0
2,4,1048576,320,1,10,0.1,10486,0,0,0,0,0
2,4,1048576,320,1,10,0.11,10486,0,0,0,0,0
2,4,1048576,320,1,10,0.12,10485,0,0,0,0,0
2,4,1048576,320,1,10,0.13,10486,0,0,0,0,0
2,4,1048576,320,1,10,0.14,10486,0.000190730498,0,0,0,1
2,4,1048576,320,1,10,0.15,10486,0,0,0,0,0
2,4,1048576,320,1,10,0.16,10485,0,0,0,0,0
2,4,1048576,320,1,10,0.17,10486,9.53652489e-05,0,0,0,1
2,4,1048576,320,1,10,0.18,10486,0,0,0,0,0
2,4,1048576,320,1,10,0.19,10486,0,0,0,0,0
2,4,1048576,320,1,10,0.2,10485,0.000190748689,0,0,0,1
2,4,1048576,320,1,10,0.21,10486,0.000190730498,0,0,0,1
2,4,1048576,320,1,10,0.22,10486,0.000381460996,0,0,0,2
2,4,1048576,320,1,10,0.23,10486,0.000381460996,0,0,0,1
2,4,1048576,320,1,10,0.24,10485,0.000381497377,0,0,0,1
2,4,1048576,320,1,10,0.25,10486,0.000667556742,0,0,0,1
2,4,1048576,320,1,10,0.26,10486,0.000572191493,0,0,0,1
2,4,1048576,320,1,10,0.27,10486,0.000381460996,0,0,0,1
2,4,1048576,320,1,10,0.28,10486,0.00133511348,0,0,1,1
2,4,1048576,320,1,10,0.29,10485,0.00066762041,0,0,0,1
2,4,1048576,320,1,10,0.3,10486,0.00190730498,0,0,1,2
2,4,1048576,320,1,10,0.31,10486,0.00190730498,0,0,1,2
2,4,1048576,320,1,10,0.32,10486,0.00219340072,0,0,1,2
2,4,1048576,320,1,10,0.33,10485,0.00247973295,0,0,1,2
2,4,1048576,320,1,10,0.34,10486,0.00400534045,0,0,1,2
2,4,1048576,320,1,10,0.35,10486,0.00333778371,0,0,1,3
2,4,1048576,320,1,10,0.36,10486,0.00486362769,0,0,1,4
2,4,1048576,320,1,10,0.37,10485,0.00457796853,0,0,1,2
2,4,1048576,320,1,10,0.38,10486,0.00705702842,0,0,1,4
2,4,1048576,320,1,10,0.39,10486,0.00772458516,0,0,1,3
2,4,1048576,320,1,10,0.4,10486,0.0089643334,0,0,1,4
2,4,1048576,320,1,10,0.41,10485,0.00944206009,0,0,1,2
2,4,1048576,320,1,10,0.42,10486,0.0114438299,0,0,2,4
2,4,1048576,320,1,10,0.43,10486,0.0146862483,0,1,2,5
2,4,1048576,320,1,10,0.44,10486,0.0162120923,0,1,2,3
2,4,1048576,320,1,10,0.45,10485,0.0185026228,0,1,2,5
2,4,1048576,320,1,10,0.46,10486,0.0208849895,0,1,2,3
2,4,1048576,320,1,10,0.47,10486,0.02107572,0,1,2,4
2,4,1048576,320,1,10,0.48,10486,0.0267976349,0,1,2,4
2,4,1048576,320,1,10,0.49,10485,0.0330948975,0,1,3,4
2,4,1048576,320,1,10,0.5,10486,0.0349036811,0,1,3,4
2,4,1048576,320,1,10,0.51,10486,0.0386229258,0,1,3,4
2,4,1048576,320,1,10,0.52,10486,0.0443448407,0,1,3,5
2,4,1048576,320,1,10,0.53,10486,0.0538813656,0,2,4,5
2,4,1048576,320,1,10,0.54,10485,0.0555078684,0,2,3,5
2,4,1048576,320,1,10,0.55,10486,0.0631317948,0,2,3,7
2,4,1048576,320,1,10,0.56,10486,0.0742895289,0,2,4,5
2,4,1048576,320,1,10,0.57,10486,0.0786763303,0,2,3,5
2,4,1048576,320,1,10,0.58,10485,0.0865045303,0,2,4,8
2,4,1048576,320,1,10,0.59,10486,0.103471295,0,2,4,9
2,4,1048576,320,1,10,0.6,10486,0.105283235,0,2,4,7
2,4,1048576,320,1,10,0.61,10486,0.121113866,0,2,5,9
2,4,1048576,320,1,10,0.62,10485,0.141249404,0,3,6,7
2,4,1048576,320,1,10,0.63,10486,0.144287622,0,3,5,9
2,4,1048576,320,1,10,0.64,10486,0.17222964,0,3,6,9
2,4,1048576,320,1,10,0.65,10486,0.17623498,0,3,6,8
2,4,1048576,320,1,10,0.66,10485,0.202765856,0,3,6,8
2,4,1048576,320,1,10,0.67,10486,0.24508869,0,4,7,12
2,4,1048576,320,1,10,0.68,10486,0.258153729,0,4,7,9
2,4,1048576,320,1,10,0.69,10486,0.287144764,0,4,7,12
2,4,1048576,320,1,10,0.7,10485,0.327801621,0,4,7,11
2,4,1048576,320,1,10,0.71,10486,0.368777418,0,5,8,14
2,4,1048576,320,1,10,0.72,10486,0.399485028,0,5,9,14
2,4,1048576,320,1,10,0.73,10486,0.440873546,0,6,9,17
2,4,1048576,320,1,10,0.74,10485,0.50538865,0,6,10,20
2,4,1048576,320,1,10,0.75,10486,0.5672325,0,6,12,19
2,4,1048576,320,1,10,0.76,10486,0.6457181,0,7,11,21
2,4,1048576,320,1,10,0.77,10486,0.74709136,0,8,13,16
2,4,1048576,320,1,10,0.78,10486,0.797825672,0,9,16,26
2,4,1048576,320,1,10,0.79,10485,0.926275632,0,9,15,22
2,4,1048576,320,1,10,0.8,10486,1.02822811,0,10,16,29
2,4,1048576,320,1,10,0.81,10486,1.22601564,0,11,19,29
2,4,1048576,320,1,10,0.82,10486,1.40434866,0,13,21,31
2,4,1048576,320,1,10,0.83,10485,1.57482117,0,14,23,34
2,4,1048576,320,1,10,0.84,10486,1.83368301,0,16,24,37
2,4,1048576,320,1,10,0.85,10486,2.06275033,0,17,27,37
2,4,1048576,320,1,10,0.86,10486,2.5450124,0,20,30,38
2,4,1048576,320,1,10,0.87,10485,3.03519313,1,22,38,64
2,4,1048576,320,1,10,0.88,10486,3.60299447,1,26,45,65
2,4,1048576,320,1,10,0.89,10486,4.4374404,1,30,46,77
2,4,1048576,320,1,10,0.9,10486,5.48817471,2,38,55,84
2,4,1048576,320,1,10,0.91,10485,6.9059609,2,46,70,87
2,4,1048576,320,1,10,0.92,10486,9.02775129,4,58,87,199
2,4,1048576,320,1,10,0.93,10486,12.8447454,6,78,118,150
2,4,1048576,320,1,10,0.94,10486,20.2476636,10,121,186,263
2,4,1048576,320,1,10,0.95,7308,30.38711,17,178,275,319
2,4,1048576,320,1,11,0,10486,0,0,0,0,0
2,4,1048576,320,1,11,0.01,10486,0,0,0,0,0
2,4,1048576,320,1,11,0.02,10486,0,0,0,0,0
2,4,1048576,320,1,11,0.03,10486,0,0,0,0,0
2,4,1048576,320,1,11,0.04,10485,0,0,0,0,0
2,4,1048576,320,1,11,0.05,10486,0,0,0,0,0
2,4,1048576,320,1,11,0.06,10486,0,0,0,0,0
2,4,1048576,320,1,11,0.07,10486,0,0,0,0,0
2,4,1048576,320,1,11,0.08,10485,0,0,0,0,0
2,4,1048576,320,1,11,0.09,10486,0,0,0,0,0
2,4,1048576,320,1,11,0.1,10486,0,0,0,0,0
2,4,1048576,320,1,11,0.11,10486,0,0,0,0,0
2,4,1048576,320,1,11,0.12,10485,0,0,0,0,0
2,4,1048576,320,1,11,0.13,10486,0,0,0,0,0
2,4,1048576,320,1,11,0.14,10486,0,0,0,0,0
2,4,1048576,320,1,11,0.15,10486,0,0,0,0,0
2,4,1048576,320,1,11,0.16,10485,9.53743443e-05,0,0,0,1
2,4,1048576,320,1,11,0.17,10486,0,0,0,0,0
2,4,1048576,320,1,11,0.18,10486,0,0,0,0,0
2,4,1048576,320,1,11,0.19,10486,0.000190730498,0,0,0,1
2,4,1048576,320,1,11,0.2,10485,9.53743443e-05,0,0,0,1
2,4,1048576,320,1,11,0.21,10486,9.53652489e-05,0,0,0,1
2,4,1048576,320,1,11,0.22,10486,0,0,0,0,0
2,4,1048576,320,1,11,0.23,10486,0.000190730498,0,0,0,1
2,4,1048576,320,1,11,0.24,10485,0.00066762041,0,0,0,2
2,4,1048576,320,1,11,0.25,10486,0.000762921991,0,0,0,1
2,4,1048576,320,1,11,0.26,10486,0.000286095747,0,0,0,1
2,4,1048576,320,1,11,0.27,10486,0.000953652489,0,0,0,1
2,4,1048576,320,1,11,0.28,10486,0.000953652489,0,0,0,2
2,4,1048576,320,1,11,0.29,10485,0.00104911779,0,0,1,1
2,4,1048576,320,1,11,0.3,10486,0.00219340072,0,0,1,2
2,4,1048576,320,1,11,0.31,10486,0.00200267023,0,0,1,1
2,4,1048576,320,1,11,0.32,10486,0.00295632272,0,0,1,3
2,4,1048576,320,1,11,0.33,10485,0.00133524082,0,0,1,1
2,4,1048576,320,1,11,0.34,10486,0.00219340072,0,0,1,1
2,4,1048576,320,1,11,0.35,10486,0.00295632272,0,0,1,1
2,4,1048576,320,1,11,0.36,10486,0.00495899294,0,0,1,2
2,4,1048576,320,1,11,0.37,10485,0.00429184549,0,0,1,2
2,4,1048576,320,1,11,0.38,10486,0.00638947168,0,0,1,2
2,4,1048576,320,1,11,0.39,10486,0.00648483693,0,0,1,3
2,4,1048576,320,1,11,0.4,10486,0.0089643334,0,0,1,4
2,4,1048576,320,1,11,0.41,10485,0.0103958035,0,0,2,2
2,4,1048576,320,1,11,0.42,10486,0.0132557696,0,1,2,3
2,4,1048576,320,1,11,0.43,10486,0.0107762731,0,1,1,3
2,4,1048576,320,1,11,0.44,10486,0.0153538051,0,1,2,7
2,4,1048576,320,1,11,0.45,10485,0.0191702432,0,1,2,4
2,4,1048576,320,1,11,0.46,10486,0.0197406065,0,1,2,3
2,4,1048576,320,1,11,0.47,10486,0.023364486,0,1,2,4
2,4,1048576,320,1,11,0.48,10486,0.0266069044,0,1,2,3
2,4,1048576,320,1,11,0.49,10485,0.0281354316,0,1,3,4
2,4,1048576,320,1,11,0.5,10486,0.0332824719,0,1,3,6
2,4,1048576,320,1,11,0.51,10486,0.0420560748,0,1,3,4
2,4,1048576,320,1,11,0.52,10486,0.0412931528,0,1,3,5
2,4,1048576,320,1,11,0.53,10486,0.047110433,0,1,3,4
2,4,1048576,320,1,11,0.54,10485,0.0556032427,0,2,3,5
2,4,1048576,320,1,11,0.55,10486,0.06322716,0,2,3,5
2,4,1048576,320,1,11,0.56,10486,0.0707610147,0,2,3,6
2,4,1048576,320,1,11,0.57,10486,0.0761014686,0,2,4,5
2,4,1048576,320,1,11,0.58,10485,0.0870767763,0,2,4,10
2,4,1048576,320,1,11,0.59,10486,0.0980354759,0,2,4,7
2,4,1048576,320,1,11,0.6,10486,0.108048827,0,2,5,6
2,4,1048576,320,1,11,0.61,10486,0.114915125,0,2,4,6
2,4,1048576,320,1,11,0.62,10485,0.14029566,0,3,5,13
2,4,1048576,320,1,11,0.63,10486,0.14733931,0,3,5,9
2,4,1048576,320,1,11,0.64,10486,0.169845508,0,3,7,9
2,4,1048576,320,1,11,0.65,10486,0.187106618,0,3,5,9
2,4,1048576,320,1,11,0.66,10485,0.228421555,0,4,6,10
2,4,1048576,320,1,11,0.67,10486,0.233072668,0,4,6,9
2,4,1048576,320,1,11,0.68,10486,0.258344459,0,4,7,9
2,4,1048576,320,1,11,0.69,10486,0.302021743,0,4,7,15
2,4,1048576,320,1,11,0.7,10485,0.326847878,0,5,8,10
2,4,1048576,320,1,11,0.71,10486,0.355044822,0,5,9,14
2,4,1048576,320,1,11,0.72,10486,0.397291627,0,5,9,12
2,4,1048576,320,1,11,0.73,10486,0.45603662,0,6,9,15
2,4,1048576,320,1,11,0.74,10485,0.51130186,0,6,10,14
2,4,1048576,320,1,11,0.75,10486,0.554358192,0,6,11,19
2,4,1048576,320,1,11,0.76,10486,0.629315278,0,7,12,18
2,4,1048576,320,1,11,0.77,10486,0.730688537,0,8,14,17
2,4,1048576,320,1,11,0.78,10486,0.800019073,0,8,14,24
2,4,1048576,320,1,11,0.79,10485,0.934096328,0,9,15,23
2,4,1048576,320,1,11,0.8,10486,1.07648293,0,11,17,25
2,4,1048576,320,1,11,0.81,10486,1.18424566,0,11,18,25
2,4,1048576,320,1,11,0.82,10486,1.36753767,0,12,20,34
2,4,1048576,320,1,11,0.83,10485,1.55288507,0,13,20,24
2,4,1048576,320,1,11,0.84,10486,1.81670799,0,15,25,35
2,4,1048576,320,1,11,0.85,10486,2.12149533,0,17,27,33
2,4,1048576,320,1,11,0.86,10486,2.43152775,0,19,29,41
2,4,1048576,320,1,11,0.87,10485,2.93037673,0,22,36,47
2,4,1048576,320,1,11,0.88,10486,3.61472439,1,27,40,57
2,4,1048576,320,1,11,0.89,10486,4.30669464,1,30,51,62
2,4,1048576,320,1,11,0.9,10486,5.42389853,2,38,59,117
2,4,1048576,320,1,11,0.91,10485,6.95145446,3,46,72,93
2,4,1048576,320,1,11,0.92,10486,9.31708945,4,59,95,161
2,4,1048576,320,1,11,0.93,10486,12.8816517,6,75,118,151
2,4,1048576,320,1,11,0.94,10486,19.7085638,10,119,186,218
2,4,1048576,320,1,11,0.95,4482,28.7478804,16,162,252,303
2,4,1048576,320,1,12,0,10486,0,0,0,0,0
2,4,1048576,320,1,12,0.01,10486,0,0,0,0,0
2,4,1048576,320,1,12,0.02,10486,0,0,0,0,0
2,4,1048576,320,1,12,0.03,10486,0,0,0,0,0
2,4,1048576,320,1,12,0.04,10485,0,0,0,0,0
2,4,1048576,320,1,12,0.05,10486,0,0,0,0,0
2,4,1048576,320,1,12,0.06,10486,0,0,0,0,0
2,4,1048576,320,1,12,0.07,10486,0,0,0,0,0
2,4,1048576,320,1,12,0.08,10485,0,0,0,0,0
2,4,1048576,320,1,12,0.09,10486,0,0,0,0,0
2,4,1048576,320,1,12,0.1,10486,0,0,0,0,0
2,4,1048576,320,1,12,0.11,10486,0,0,0,0,0
2,4,1048576,320,1,12,0.12,10485,0,0,0,0,0
2,4,1048576,320,1,12,0.13,10486,0,0,0,0,0
2,4,1048576,320,1,12,0.14,10486,0,0,0,0,0
2,4,1048576,320,1,12,0.15,10486,0,0,0,0,0
2,4,1048576,320,1,12,0.16,10485,9.53743443e-05,0,0,0,1
2,4,1048576,320,1,12,0.17,10486,9.53652489e-05,0,0,0,1
2,4,1048576,320,1,12,0.18,10486,0,0,0,0,0
2,4,1048576,320,1,12,0.19,10486,0.000190730498,0,0,0,1
2,4,1048576,320,1,12,0.2,10485,0.000286123033,0,0,0,1
2,4,1048576,320,1,12,0.21,10486,0.000190730498,0,0,0,1
2,4,1048576,320,1,12,0.22,10486,0.000190730498,0,0,0,1
2,4,1048576,320,1,12,0.23,10486,0.000286095747,0,0,0,1
2,4,1048576,320,1,12,0.24,10485,0,0,0,0,0
2,4,1048576,320,1,12,0.25,10486,0.000476826245,0,0,0,1
2,4,1048576,320,1,12,0.26,10486,0.000667556742,0,0,0,1
2,4,1048576,320,1,12,0.27,10486,0.000953652489,0,0,0,3
2,4,1048576,320,1,12,0.28,10486,0.000381460996,0,0,0,1
2,4,1048576,320,1,12,0.29,10485,0.00066762041,0,0,0,1
2,4,1048576,320,1,12,0.3,10486,0.00143047873,0,0,1,1
2,4,1048576,320,1,12,0.31,10486,0.00181193973,0,0,1,2
2,4,1048576,320,1,12,0.32,10486,0.00133511348,0,0,1,2
2,4,1048576,320,1,12,0.33,10485,0.00267048164,0,0,1,2
2,4,1048576,320,1,12,0.34,10486,0.00238413122,0,0,1,2
2,4,1048576,320,1,12,0.35,10486,0.00305168796,0,0,1,2
2,4,1048576,320,1,12,0.36,10486,0.00495899294,0,0,1,2
2,4,1048576,320,1,12,0.37,10485,0.00534096328,0,0,1,2
2,4,1048576,320,1,12,0.38,10486,0.00543581919,0,0,1,3
2,4,1048576,320,1,12,0.39,10486,0.00934579439,0,0,1,3
2,4,1048576,320,1,12,0.4,10486,0.00781995041,0,0,1,3
2,4,1048576,320,1,12,0.41,10485,0.00820219361,0,0,1,3
2,4,1048576,320,1,12,0.42,10486,0.0104901774,0,0,1,2
2,4,1048576,320,1,12,0.43,10486,0.0131604043,0,1,2,4
2,4,1048576,320,1,12,0.44,10486,0.0149723441,0,1,2,4
2,4,1048576,320,1,12,0.45,10485,0.0168812589,0,1,2,4
2,4,1048576,320,1,12,0.46,10486,0.019549876,0,1,2,4
2,4,1048576,320,1,12,0.47,10486,0.0254625215,0,1,2,4
2,4,1048576,320,1,12,0.48,10486,0.025271791,0,1,2,4
2,4,1048576,320,1,12,0.49,10485,0.0301382928,0,1,2,6
2,4,1048576,320,1,12,0.5,10486,0.0284188442,0,1,2,3
2,4,1048576,320,1,12,0.51,10486,0.0390043868,0,1,3,4
2,4,1048576,320,1,12,0.52,10486,0.0443448407,0,1,3,7
2,4,1048576,320,1,12,0.53,10486,0.0519740607,0,2,3,4
2,4,1048576,320,1,12,0.54,10485,0.0545541249,0,2,3,5
2,4,1048576,320,1,12,0.55,10486,0.0621781423,0,2,4,6
2,4,1048576,320,1,12,0.56,10486,0.0669464047,0,2,3,5
2,4,1048576,320,1,12,0.57,10486,0.0708563799,0,2,4,7
2,4,1048576,320,1,12,0.58,10485,0.0904148784,0,2,4,8
2,4,1048576,320,1,12,0.59,10486,0.100228877,0,2,5,7
2,4,1048576,320,1,12,0.6,10486,0.105473965,0,2,5,7
2,4,1048576,320,1,12,0.61,10486,0.123021171,0,3,5,7
2,4,1048576,320,1,12,0.62,10485,0.131616595,0,3,5,6
2,4,1048576,320,1,12,0.63,10486,0.146194927,0,3,5,9
2,4,1048576,320,1,12,0.64,10486,0.167652108,0,3,6,9
2,4,1048576,320,1,12,0.65,10486,0.200648484,0,3,6,9
2,4,1048576,320,1,12,0.66,10485,0.215164521,0,4,6,11
2,4,1048576,320,1,12,0.67,10486,0.236601183,0,4,6,9
2,4,1048576,320,1,12,0.68,10486,0.264733931,0,4,8,10
2,4,1048576,320,1,12,0.69,10486,0.290196452,0,4,7,13
2,4,1048576,320,1,12,0.7,10485,0.342870768,0,5,9,11
2,4,1048576,320,1,12,0.71,10486,0.370684722,0,5,9,12
2,4,1048576,320,1,12,0.72,10486,0.407686439,0,5,9,19
2,4,1048576,320,1,12,0.73,10486,0.445832539,0,5,10,11
2,4,1048576,320,1,12,0.74,10485,0.507677635,0,6,11,17
2,4,1048576,320,1,12,0.75,10486,0.559698646,0,7,11,19
2,4,1048576,320,1,12,0.76,10486,0.62626359,0,7,12,14
2,4,1048576,320,1,12,0.77,10486,0.699885562,0,8,13,19
2,4,1048576,320,1,12,0.78,10486,0.839404921,0,8,14,19
2,4,1048576,320,1,12,0.79,10485,0.905007153,0,9,16,22
2,4,1048576,320,1,12,0.8,10486,1.04053023,0,10,16,24
2,4,1048576,320,1,12,0.81,10486,1.20665649,0,11,18,20
2,4,1048576,320,1,12,0.82,10486,1.35409117,0,12,19,26
2,4,1048576,320,1,12,0.83,10485,1.60715308,0,14,24,39
2,4,1048576,320,1,12,0.84,10486,1.87955369,0,16,25,48
2,4,1048576,320,1,12,0.85,10486,2.09994278,0,17,27,34
2,4,1048576,320,1,12,0.86,10486,2.50390998,0,19,28,46
2,4,1048576,320,1,12,0.87,10485,2.9921793,0,22,33,49
2,4,1048576,320,1,12,0.88,10486,3.56580202,1,26,42,66
2,4,1048576,320,1,12,0.89,10486,4.44382987,1,31,47,143
2,4,1048576,320,1,12,0.9,10486,5.32805646,2,37,55,78
2,4,1048576,320,1,12,0.91,10485,7.05922747,3,48,76,100
2,4,1048576,320,1,12,0.92,10486,9.6034713,4,59,86,136
2,4,1048576,320,1,12,0.93,10486,12.818806,6,76,125,190
2,4,1048576,320,1,12,0.94,10486,20.0067709,10,120,178,283
2,4,1048576,320,1,12,0.95,6874,31.3296479,18,181,272,302
2,4,1048576,320,1,13,0,10486,0,0,0,0,0
2,4,1048576,320,1,13,0.01,10486,0,0,0,0,0
2,4,1048576,320,1,13,0.02,10486,0,0,0,0,0
2,4,1048576,320,1,13,0.03,10486,0,0,0,0,0
2,4,1048576,320,1,13,0.04,10485,0,0,0,0,0
2,4,1048576,320,1,13,0.05,10486,0,0,0,0,0
2,4,1048576,320,1,13,0.06,10486,0,0,0,0,0
2,4,1048576,320,1,13,0.07,10486,0,0,0,0,0
2,4,1048576,320,1,13,0.08,10485,0,0,0,0,0
2,4,1048576,320,1,13,0.09,10486,0,0,0,0,0
2,4,1048576,320,1,13,0.1,10486,0,0,0,0,0
2,4,1048576,320,1,13,0.11,10486,0,0,0,0,0
2,4,1048576,320,1,13,0.12,10485,0,0,0,0,0
2,4,1048576,320,1,13,0.13,10486,0,0,0,0,0
2,4,1048576,320,1,13,0.14,10486,0,0,0,0,0
2,4,1048576,320,1,13,0.15,10486,9.53652489e-05,0,0,0,1
2,4,1048576,320,1,13,0.16,10485,0,0,0,0,0
2,4,1048576,320,1,13,0.17,10486,0,0,0,0,0
2,4,1048576,320,1,13,0.18,10486,0,0,0,0,0
2,4,1048576,320,1,13,0.19,10486,9.53652489e-05,0,0,0,1
2,4,1048576,320,1,13,0.2,10485,0,0,0,0,0
2,4,1048576,320,1,13,0.21,10486,9.53652489e-05,0,0,0,1
2,4,1048576,320,1,13,0.22,10486,0,0,0,0,0
2,4,1048576,320,1,13,0.23,10486,0.000190730498,0,0,0,1
2,4,1048576,320,1,13,0.24,10485,0.000286123033,0,0,0,1
2,4,1048576,320,1,13,0.25,10486,0.000572191493,0,0,0,2
2,4,1048576,320,1,13,0.26,10486,0.000381460996,0,0,0,1
2,4,1048576,320,1,13,0.27,10486,0.000667556742,0,0,0,1
2,4,1048576,320,1,13,0.28,10486,0.000667556742,0,0,0,1
2,4,1048576,320,1,13,0.29,10485,0.000476871722,0,0,0,1
2,4,1048576,320,1,13,0.3,10486,0.00104901774,0,0,0,2
2,4,1048576,320,1,13,0.31,10486,0.00114438299,0,0,1,1
2,4,1048576,320,1,13,0.32,10486,0.00247949647,0,0,1,1
2,4,1048576,320,1,13,0.33,10485,0.0017167382,0,0,1,3
2,4,1048576,320,1,13,0.34,10486,0.00200267023,0,0,1,1
2,4,1048576,320,1,13,0.35,10486,0.0041007057,0,0,1,2
2,4,1048576,320,1,13,0.36,10486,0.00343314896,0,0,1,1
2,4,1048576,320,1,13,0.37,10485,0.00572246066,0,0,1,3
2,4,1048576,320,1,13,0.38,10486,0.00486362769,0,0,1,2
2,4,1048576,320,1,13,0.39,10486,0.00667556742,0,0,1,4
2,4,1048576,320,1,13,0.4,10486,0.00753385466,0,0,2,2
2,4,1048576,320,1,13,0.41,10485,0.0105865522,0,0,2,3
2,4,1048576,320,1,13,0.42,10486,0.0110623689,0,0,2,3
2,4,1048576,320,1,13,0.43,10486,0.0129696739,0,1,2,3
2,4,1048576,320,1,13,0.44,10486,0.0153538051,0,1,2,4
2,4,1048576,320,1,13,0.45,10485,0.0184072485,0,1,2,3
2,4,1048576,320,1,13,0.46,10486,0.0193591455,0,1,2,3
2,4,1048576,320,1,13,0.47,10486,0.0221247377,0,1,2,4
2,4,1048576,320,1,13,0.48,10486,0.0250810605,0,1,2,5
2,4,1048576,320,1,13,0.49,10485,0.0287076776,0,1,2,4
2,4,1048576,320,1,13,0.5,10486,0.0331871066,0,1,3,6
2,4,1048576,320,1,13,0.51,10486,0.0370017166,0,1,3,4
2,4,1048576,320,1,13,0.52,10486,0.0465382415,0,1,3,6
2,4,1048576,320,1,13,0.53,10486,0.0473011635,0,1,3,5
2,4,1048576,320,1,13,0.54,10485,0.0507391512,0,1,3,6
2,4,1048576,320,1,13,0.55,10486,0.0641808125,0,2,3,7
2,4,1048576,320,1,13,0.56,10486,0.0667556742,0,2,4,11
2,4,1048576,320,1,13,0.57,10486,0.0761014686,0,2,4,7
2,4,1048576,320,1,13,0.58,10485,0.0836433,0,2,4,6
2,4,1048576,320,1,13,0.59,10486,0.106522983,0,2,5,8
2,4,1048576,320,1,13,0.6,10486,0.108048827,0,2,4,8
2,4,1048576,320,1,13,0.61,10486,0.125309937,0,3,5,8
2,4,1048576,320,1,13,0.62,10485,0.136671435,0,3,5,7
2,4,1048576,320,1,13,0.63,10486,0.15315659,0,3,5,10
2,4,1048576,320,1,13,0.64,10486,0.169464047,0,3,6,8
2,4,1048576,320,1,13,0.65,10486,0.186534427,0,3,6,10
2,4,1048576,320,1,13,0.66,10485,0.211921793,0,4,6,10
2,4,1048576,320,1,13,0.67,10486,0.223536143,0,4,7,12
2,4,1048576,320,1,13,0.68,10486,0.25290864,0,4,7,9
2,4,1048576,320,1,13,0.69,10486,0.284760633,0,4,8,12
2,4,1048576,320,1,13,0.7,10485,0.338769671,0,5,7,10
2,4,1048576,320,1,13,0.71,10486,0.371638375,0,5,8,12
2,4,1048576,320,1,13,0.72,10486,0.397673088,0,5,9,18
2,4,1048576,320,1,13,0.73,10486,0.455082968,0,5,10,17
2,4,1048576,320,1,13,0.74,10485,0.508249881,0,6,9,14
2,4,1048576,320,1,13,0.75,10486,0.564085447,0,7,11,19
2,4,1048576,320,1,13,0.76,10486,0.644001526,0,7,12,18
2,4,1048576,320,1,13,0.77,10486,0.708563799,0,8,13,20
2,4,1048576,320,1,13,0.78,10486,0.784855998,0,8,15,21
2,4,1048576,320,1,13,0.79,10485,0.903671912,0,9,13,19
2,4,1048576,320,1,13,0.8,10486,1.03318711,0,10,16,24
2,4,1048576,320,1,13,0.81,10486,1.17747473,0,11,18,29
2,4,1048576,320,1,13,0.82,10486,1.36048064,0,12,18,30
2,4,1048576,320,1,13,0.83,10485,1.57129232,0,13,21,33
2,4,1048576,320,1,13,0.84,10486,1.74432577,0,14,23,32
2,4,1048576,320,1,13,0.85,10486,2.04377265,0,16,23,27
2,4,1048576,320,1,13,0.86,10486,2.41655541,0,19,31,48
2,4,1048576,320,1,13,0.87,10485,2.89661421,0,22,35,47
2,4,1048576,320,1,13,0.88,10486,3.51687965,1,25,38,58
2,4,1048576,320,1,13,0.89,10486,4.24604234,1,31,46,63
2,4,1048576,320,1,13,0.9,10486,5.19177952,2,36,51,85
2,4,1048576,320,1,13,0.91,10485,6.84511206,3,44,68,96
2,4,1048576,320,1,13,0.92,10486,9.18682052,4,59,97,150
2,4,1048576,320,1,13,0.93,10486,12.8847988,6,80,123,167
2,4,1048576,320,1,13,0.94,10486,19.5659928,10,120,184,271
2,4,1048576,320,1,13,0.95,5083,28.7558528,16,163,254,307
2,4,1048576,320,1,14,0,10486,0,0,0,0,0
2,4,1048576,320,1,14,0.01,10486,0,0,0,0,0
2,4,1048576,320,1,14,0.02,10486,0,0,0,0,0
2,4,1048576,320,1,14,0.03,10486,0,0,0,0,0
2,4,1048576,320,1,14,0.04,10485,0,0,0,0,0
2,4,1048576,320,1,14,0.05,10486,0,0,0,0,0
2,4,1048576,320,1,14,0.06,10486,0,0,0,0,0
2,4,1048576,320,1,14,0.07,10486,0,0,0,0,0
2,4,1048576,320,1,14,0.08,10485,0,0,0,0,0
2,4,1048576,320,1,14,0.09,10486,0,0,0,0,0
2,4,1048576,320,1,14,0.1,10486,0,0,0,0,0
2,4,1048576,320,1,14,0.11,10486,0,0,0,0,0
2,4,1048576,320,1,14,0.12,10485,0,0,0,0,0
2,4,1048576,320,1,14,0.13,10486,9.53652489e-05,0,0,0,1
2,4,1048576,320,1,14,0.14,10486,0,0,0,0,0
2,4,1048576,320,1,14,0.15,10486,0,0,0,0,0
2,4,1048576,320,1,14,0.16,10485,0.000190748689,0,0,0,1
2,4,1048576,320,1,14,0.17,10486,0,0,0,0,0
2,4,1048576,320,1,14,0.18,10486,0,0,0,0,0
2,4,1048576,320,1,14,0.19,10486,9.53652489e-05,0,0,0,1
2,4,1048576,320,1,14,0.2,10485,0,0,0,0,0
2,4,1048576,320,1,14,0.21,10486,9.53652489e-05,0,0,0,1
2,4,1048576,320,1,14,0.22,10486,9.53652489e-05,0,0,0,1
2,4,1048576,320,1,14,0.23,10486,9.53652489e-05,0,0,0,1
2,4,1048576,320,1,14,0.24,10485,0.000381497377,0,0,0,1
2,4,1048576,320,1,14,0.25,10486,0.00085828724,0,0,0,2
2,4,1048576,320,1,14,0.26,10486,0.000286095747,0,0,0,1
2,4,1048576,320,1,14,0.27,10486,0.000762921991,0,0,0,1
2,4,1048576,320,1,14,0.28,10486,0.00104901774,0,0,1,1
2,4,1048576,320,1,14,0.29,10485,0.000858369099,0,0,0,1
2,4,1048576,320,1,14,0.3,10486,0.00133511348,0,0,1,1
2,4,1048576,320,1,14,0.31,10486,0.00247949647,0,0,1,2
2,4,1048576,320,1,14,0.32,10486,0.00114438299,0,0,1,1
2,4,1048576,320,1,14,0.33,10485,0.00276585598,0,0,1,2
2,4,1048576,320,1,14,0.34,10486,0.00295632272,0,0,1,2
2,4,1048576,320,1,14,0.35,10486,0.00352851421,0,0,1,3
2,4,1048576,320,1,14,0.36,10486,0.00419607095,0,0,1,3
2,4,1048576,320,1,14,0.37,10485,0.00467334287,0,0,1,2
2,4,1048576,320,1,14,0.38,10486,0.00734312417,0,0,1,2
2,4,1048576,320,1,14,0.39,10486,0.00801068091,0,0,1,2
2,4,1048576,320,1,14,0.4,10486,0.00934579439,0,0,2,3
2,4,1048576,320,1,14,0.41,10485,0.00963280877,0,0,1,3
2,4,1048576,320,1,14,0.42,10486,0.0118252909,0,1,2,3
2,4,1048576,320,1,14,0.43,10486,0.0138279611,0,1,2,3
2,4,1048576,320,1,14,0.44,10486,0.0161167271,0,1,2,3
2,4,1048576,320,1,14,0.45,10485,0.0152598951,0,1,2,4
2,4,1048576,320,1,14,0.46,10486,0.0202174328,0,1,2,3
2,4,1048576,320,1,14,0.47,10486,0.022983025,0,1,2,3
2,4,1048576,320,1,14,0.48,10486,0.0264161739,0,1,2,5
2,4,1048576,320,1,14,0.49,10485,0.0273724368,0,1,2,4
2,4,1048576,320,1,14,0.5,10486,0.0323288194,0,1,2,4
2,4,1048576,320,1,14,0.51,10486,0.0382414648,0,1,2,4
2,4,1048576,320,1,14,0.52,10486,0.043295823,0,1,3,4
2,4,1048576,320,1,14,0.53,10486,0.0484455464,0,1,3,5
2,4,1048576,320,1,14,0.54,10485,0.0519790176,0,1,3,5
2,4,1048576,320,1,14,0.55,10486,0.0587449933,0,2,3,5
2,4,1048576,320,1,14,0.56,10486,0.0721914934,0,2,3,6
2,4,1048576,320,1,14,0.57,10486,0.0755292771,0,2,3,7
2,4,1048576,320,1,14,0.58,10485,0.0775393419,0,2,4,8
2,4,1048576,320,1,14,0.59,10486,0.0906923517,0,2,4,6
2,4,1048576,320,1,14,0.6,10486,0.108430288,0,2,5,6
2,4,1048576,320,1,14,0.61,10486,0.123497997,0,2,5,10
2,4,1048576,320,1,14,0.62,10485,0.136099189,0,3,5,8
2,4,1048576,320,1,14,0.63,10486,0.146576388,0,3,5,8
2,4,1048576,320,1,14,0.64,10486,0.155063895,0,3,6,7
2,4,1048576,320,1,14,0.65,10486,0.193591455,0,3,6,9
2,4,1048576,320,1,14,0.66,10485,0.210491178,0,4,6,7
2,4,1048576,320,1,14,0.67,10486,0.244897959,0,4,7,13
2,4,1048576,320,1,14,0.68,10486,0.261777608,0,4,7,10
2,4,1048576,320,1,14,0.69,10486,0.285046729,0,4,8,10
2,4,1048576,320,1,14,0.7,10485,0.34029566,0,5,9,14
2,4,1048576,320,1,14,0.71,10486,0.372782758,0,5,8,11
2,4,1048576,320,1,14,0.72,10486,0.398340645,0,5,9,12
2,4,1048576,320,1,14,0.73,10486,0.46748045,0,6,9,16
2,4,1048576,320,1,14,0.74,10485,0.508154506,0,6,10,17
2,4,1048576,320,1,14,0.75,10486,0.573908068,0,7,11,18
2,4,1048576,320,1,14,0.76,10486,0.6569712,0,7,11,18
2,4,1048576,320,1,14,0.77,10486,0.728685867,0,8,13,21
2,4,1048576,320,1,14,0.78,10486,0.822716002,0,8,15,21
2,4,1048576,320,1,14,0.79,10485,0.893466857,0,9,15,39
2,4,1048576,320,1,14,0.8,10486,1.01172993,0,10,16,23
2,4,1048576,320,1,14,0.81,10486,1.16269311,0,11,18,26
2,4,1048576,320,1,14,0.82,10486,1.34913218,0,12,21,30
2,4,1048576,320,1,14,0.83,10485,1.56289938,0,13,22,31
2,4,1048576,320,1,14,0.84,10486,1.82347892,0,15,25,35
2,4,1048576,320,1,14,0.85,10486,2.09898913,0,17,28,46
2,4,1048576,320,1,14,0.86,10486,2.49160786,0,20,30,45
2,4,1048576,320,1,14,0.87,10485,2.88221268,0,22,32,45
2,4,1048576,320,1,14,0.88,10486,3.58277704,1,26,39,59
2,4,1048576,320,1,14,0.89,10486,4.33892809,1,29,45,70
2,4,1048576,320,1,14,0.9,10486,5.44659546,2,36,55,69
2,4,1048576,320,1,14,0.91,10485,6.90472103,3,46,72,150
2,4,1048576,320,1,14,0.92,10486,9.30288003,4,58,91,131
2,4,1048576,320,1,14,0.93,10486,13.1099561,6,84,129,200
2,4,1048576,320,1,14,0.94,10486,19.6973107,10,114,179,295
2,4,1048576,320,1,14,0.95,7903,30.510186,17,174,247,287
2,4,1048576,320,1,15,0,10486,0,0,0,0,0
2,4,1048576,320,1,15,0.01,10486,0,0,0,0,0
2,4,1048576,320,1,15,0.02,10486,0,0,0,0,0
2,4,1048576,320,1,15,0.03,10486,0,0,0,0,0
2,4,1048576,320,1,15,0.04,10485,0,0,0,0,0
2,4,1048576,320,1,15,0.05,10486,0,0,0,0,0
2,4,1048576,320,1,15,0.06,10486,0,0,0,0,0
2,4,1048576,320,1,15,0.07,10486,0,0,0,0,0
2,4,1048576,320,1,15,0.08,10485,0,0,0,0,0
2,4,1048576,320,1,15,0.09,10486,0,0,0,0,0
2,4,1048576,320,1,15,0.1,10486,0,0,0,0,0
2,4,1048576,320,1,15,0.11,10486,0,0,0,0,0
2,4,1048576,320,1,15,0.12,10485,0,0,0,0,0
2,4,1048576,320,1,15,0.13,10486,0,0,0,0,0
2,4,1048576,320,1,15,0.14,10486,0,0,0,0,0
2,4,1048576,320,1,15,0.15,10486,0,0,0,0,0
2,4,1048576,320,1,15,0.16,10485,9.53743443e-05,0,0,0,1
2,4,1048576,320,1,15,0.17,10486,0.000190730498,0,0,0,1
2,4,1048576,320,1,15,0.18,10486,0,0,0,0,0
2,4,1048576,320,1,15,0.19,10486,0,0,0,0,0
2,4,1048576,320,1,15,0.2,10485,0,0,0,0,0
2,4,1048576,320,1,15,0.21,10486,0.000381460996,0,0,0,1
2,4,1048576,320,1,15,0.22,10486,9.53652489e-05,0,0,0,1
2,4,1048576,320,1,15,0.23,10486,9.53652489e-05,0,0,0,1
2,4,1048576,320,1,15,0.24,10485,0.000476871722,0,0,0,1
2,4,1048576,320,1,15,0.25,10486,0.000953652489,0,0,0,2
2,4,1048576,320,1,15,0.26,10486,0.000572191493,0,0,0,1
2,4,1048576,320,1,15,0.27,10486,0.000953652489,0,0,0,3
2,4,1048576,320,1,15,0.28,10486,0.00085828724,0,0,0,1
2,4,1048576,320,1,15,0.29,10485,0.000953743443,0,0,0,1
2,4,1048576,320,1,15,0.3,10486,0.00152584398,0,0,1,2
2,4,1048576,320,1,15,0.31,10486,0.00133511348,0,0,1,1
2,4,1048576,320,1,15,0.32,10486,0.00238413122,0,0,1,2
2,4,1048576,320,1,15,0.33,10485,0.00247973295,0,0,1,1
2,4,1048576,320,1,15,0.34,10486,0.00343314896,0,0,1,2
2,4,1048576,320,1,15,0.35,10486,0.00286095747,0,0,1,2
2,4,1048576,320,1,15,0.36,10486,0.00343314896,0,0,1,1
2,4,1048576,320,1,15,0.37,10485,0.00429184549,0,0,1,3
2,4,1048576,320,1,15,0.38,10486,0.00553118444,0,0,1,2
2,4,1048576,320,1,15,0.39,10486,0.00457753195,0,0,1,2
2,4,1048576,320,1,15,0.4,10486,0.00810604616,0,0,1,2
2,4,1048576,320,1,15,0.41,10485,0.00906056271,0,0,1,2
2,4,1048576,320,1,15,0.42,10486,0.0109670036,0,0,2,3
2,4,1048576,320,1,15,0.43,10486,0.0124928476,0,1,2,3
2,4,1048576,320,1,15,0.44,10486,0.0149723441,0,1,2,3
2,4,1048576,320,1,15,0.45,10485,0.0175488794,0,1,2,3
2,4,1048576,320,1,15,0.46,10486,0.0225061987,0,1,2,3
2,4,1048576,320,1,15,0.47,10486,0.021838642,0,1,2,3
2,4,1048576,320,1,15,0.48,10486,0.0268930002,0,1,3,4
2,4,1048576,320,1,15,0.49,10485,0.0277539342,0,1,2,5
2,4,1048576,320,1,15,0.5,10486,0.0366202556,0,1,3,4
2,4,1048576,320,1,15,0.51,10486,0.0357619683,0,1,2,3
2,4,1048576,320,1,15,0.52,10486,0.0424375358,0,1,3,6
2,4,1048576,320,1,15,0.53,10486,0.0499713904,0,1,3,5
2,4,1048576,320,1,15,0.54,10485,0.0533142585,0,2,3,4
2,4,1048576,320,1,15,0.55,10486,0.0627503338,0,2,3,5
2,4,1048576,320,1,15,0.56,10486,0.0697119969,0,2,4,9
2,4,1048576,320,1,15,0.57,10486,0.0797253481,0,2,4,7
2,4,1048576,320,1,15,0.58,10485,0.0913686218,0,2,4,7
2,4,1048576,320,1,15,0.59,10486,0.0987983979,0,2,4,6
2,4,1048576,320,1,15,0.6,10486,0.111958802,0,2,5,6
2,4,1048576,320,1,15,0.61,10486,0.11481976,0,2,4,7
2,4,1048576,320,1,15,0.62,10485,0.133524082,0,3,5,9
2,4,1048576,320,1,15,0.63,10486,0.154587068,0,3,5,9
2,4,1048576,320,1,15,0.64,10486,0.177665459,0,3,6,11
2,4,1048576,320,1,15,0.65,10486,0.191207324,0,3,7,9
2,4,1048576,320,1,15,0.66,10485,0.209632809,0,4,6,9
2,4,1048576,320,1,15,0.67,10486,0.231356094,0,4,7,10
2,4,1048576,320,1,15,0.68,10486,0.262254434,0,4,7,12
2,4,1048576,320,1,15,0.69,10486,0.293343506,0,4,7,12
2,4,1048576,320,1,15,0.7,10485,0.335908441,0,5,8,14
2,4,1048576,320,1,15,0.71,10486,0.375452985,0,5,9,13
2,4,1048576,320,1,15,0.72,10486,0.411310319,0,5,9,15
2,4,1048576,320,1,15,0.73,10486,0.434674805,0,5,9,13
2,4,1048576,320,1,15,0.74,10485,0.528469242,0,6,10,13
2,4,1048576,320,1,15,0.75,10486,0.572000763,0,6,12,16
2,4,1048576,320,1,15,0.76,10486,0.646767118,0,7,12,15
2,4,1048576,320,1,15,0.77,10486,0.731356094,0,8,14,18
2,4,1048576,320,1,15,0.78,10486,0.838546634,0,9,13,19
2,4,1048576,320,1,15,0.79,10485,0.955078684,0,9,14,22
2,4,1048576,320,1,15,0.8,10486,1.053786,0,10,17,29
2,4,1048576,320,1,15,0.81,10486,1.20141141,0,11,18,27
2,4,1048576,320,1,15,0.82,10486,1.39414457,0,13,20,25
2,4,1048576,320,1,15,0.83,10485,1.62069623,0,14,23,30
2,4,1048576,320,1,15,0.84,10486,1.84598512,0,16,23,40
2,4,1048576,320,1,15,0.85,10486,2.16288385,0,18,27,39
2,4,1048576,320,1,15,0.86,10486,2.52384131,0,19,29,50
2,4,1048576,320,1,15,0.87,10485,2.94248927,0,22,35,47
2,4,1048576,320,1,15,0.88,10486,3.56685104,1,27,41,59
2,4,1048576,320,1,15,0.89,10486,4.2914362,1,31,51,64
2,4,1048576,320,1,15,0.9,10486,5.34970437,2,36,57,90
2,4,1048576,320,1,15,0.91,10485,6.8691464,3,46,72,157
2,4,1048576,320,1,15,0.92,10486,9.01602136,4,57,88,105
2,4,1048576,320,1,15,0.93,10486,12.84465,6,77,122,179
2,4,1048576,320,1,15,0.94,10486,19.2528133,10,118,176,231
2,4,1048576,320,1,15,0.95,2984,27.0382038,15,154,206,287
2,4,1048576,320,1,16,0,10486,0,0,0,0,0
2,4,1048576,320,1,16,0.01,10486,0,0,0,0,0
2,4,1048576,320,1,16,0.02,10486,0,0,0,0,0
2,4,1048576,320,1,16,0.03,10486,0,0,0,0,0
2,4,1048576,320,1,16,0.04,10485,0,0,0,0,0
2,4,1048576,320,1,16,0.05,10486,0,0,0,0,0
2,4,1048576,320,1,16,0.06,10486,0,0,0,0,0
2,4,1048576,320,1,16,0.07,10486,0,0,0,0,0
2,4,1048576,320,1,16,0.08,10485,0,0,0,0,0
2,4,1048576,320,1,16,0.09,10486,0,0,0,0,0
2,4,1048576,320,1,16,0.1,10486,0,0,0,0,0
2,4,1048576,320,1,16,0.11,10486,0,0,0,0,0
2,4,1048576,320,1,16,0.12,10485,0,0,0,0,0
2,4,1048576,320,1,16,0.13,10486,0,0,0,0,0
2,4,1048576,320,1,16,0.14,10486,0,0,0,0,0
2,4,1048576,320,1,16,0.15,10486,0,0,0,0,0
2,4,1048576,320,1,16,0.16,10485,0,0,0,0,0
2,4,1048576,320,1,16,0.17,10486,0,0,0,0,0
2,4,1048576,320,1,16,0.18,10486,0,0,0,0,0
2,4,1048576,320,1,16,0.19,10486,9.53652489e-05,0,0,0,1
2,4,1048576,320,1,16,0.2,10485,0,0,0,0,0
2,4,1048576,320,1,16,0.21,10486,0.000286095747,0,0,0,1
2,4,1048576,320,1,16,0.22,10486,9.53652489e-05,0,0,0,1
2,4,1048576,320,1,16,0.23,10486,0.000190730498,0,0,0,1
2,4,1048576,320,1,16,0.24,10485,0.000286123033,0,0,0,1
2,4,1048576,320,1,16,0.25,10486,0.000190730498,0,0,0,1
2,4,1048576,320,1,16,0.26,10486,0.000286095747,0,0,0,1
2,4,1048576,320,1,16,0.27,10486,0.000381460996,0,0,0,1
2,4,1048576,320,1,16,0.28,10486,0.000762921991,0,0,0,1
2,4,1048576,320,1,16,0.29,10485,0.00114449213,0,0,1,2
2,4,1048576,320,1,16,0.3,10486,0.00114438299,0,0,1,2
2,4,1048576,320,1,16,0.31,10486,0.00133511348,0,0,1,1
2,4,1048576,320,1,16,0.32,10486,0.00238413122,0,0,1,1
2,4,1048576,320,1,16,0.33,10485,0.00276585598,0,0,1,2
2,4,1048576,320,1,16,0.34,10486,0.00286095747,0,0,1,2
2,4,1048576,320,1,16,0.35,10486,0.00324241846,0,0,1,2
2,4,1048576,320,1,16,0.36,10486,0.00419607095,0,0,1,3
2,4,1048576,320,1,16,0.37,10485,0.00572246066,0,0,1,2
2,4,1048576,320,1,16,0.38,10486,0.00705702842,0,0,1,3
2,4,1048576,320,1,16,0.39,10486,0.00810604616,0,0,2,2
2,4,1048576,320,1,16,0.4,10486,0.00886896815,0,0,1,3
2,4,1048576,320,1,16,0.41,10485,0.0105865522,0,0,2,3
2,4,1048576,320,1,16,0.42,10486,0.0132557696,0,1,2,4
2,4,1048576,320,1,16,0.43,10486,0.0142094221,0,1,2,2
2,4,1048576,320,1,16,0.44,10486,0.0170703796,0,1,2,3
2,4,1048576,320,1,16,0.45,10485,0.0183118741,0,1,2,4
2,4,1048576,320,1,16,0.46,10486,0.022601564,0,1,2,5
2,4,1048576,320,1,16,0.47,10486,0.021838642,0,1,2,4
2,4,1048576,320,1,16,0.48,10486,0.0282281137,0,1,2,3
2,4,1048576,320,1,16,0.49,10485,0.0262279447,0,1,3,4
2,4,1048576,320,1,16,0.5,10486,0.0339500286,0,1,2,3
2,4,1048576,320,1,16,0.51,10486,0.0370017166,0,1,2,4
2,4,1048576,320,1,16,0.52,10486,0.0422468053,0,1,3,5
2,4,1048576,320,1,16,0.53,10486,0.0476826245,0,1,3,6
2,4,1048576,320,1,16,0.54,10485,0.0535050072,0,2,3,4
2,4,1048576,320,1,16,0.55,10486,0.06322716,0,2,3,7
2,4,1048576,320,1,16,0.56,10486,0.0720007629,0,2,4,5
2,4,1048576,320,1,16,0.57,10486,0.0814419226,0,2,5,6
2,4,1048576,320,1,16,0.58,10485,0.0867906533,0,2,4,8
2,4,1048576,320,1,16,0.59,10486,0.0930764829,0,2,4,9
2,4,1048576,320,1,16,0.6,10486,0.106618348,0,2,4,8
2,4,1048576,320,1,16,0.61,10486,0.129506008,0,3,5,9
2,4,1048576,320,1,16,0.62,10485,0.144110634,0,3,5,10
2,4,1048576,320,1,16,0.63,10486,0.15115392,0,3,5,9
2,4,1048576,320,1,16,0.64,10486,0.1704177,0,3,6,11
2,4,1048576,320,1,16,0.65,10486,0.179954225,0,3,5,9
2,4,1048576,320,1,16,0.66,10485,0.213733906,0,4,7,9
2,4,1048576,320,1,16,0.67,10486,0.228876597,0,4,6,9
2,4,1048576,320,1,16,0.68,10486,0.264447835,0,4,7,10
2,4,1048576,320,1,16,0.69,10486,0.290387183,0,4,8,13
2,4,1048576,320,1,16,0.7,10485,0.328946113,0,5,9,12
2,4,1048576,320,1,16,0.71,10486,0.363436964,0,5,8,14
2,4,1048576,320,1,16,0.72,10486,0.403681099,0,5,8,16
2,4,1048576,320,1,16,0.73,10486,0.456894907,0,6,11,15
2,4,1048576,320,1,16,0.74,10485,0.492322365,0,6,10,16
2,4,1048576,320,1,16,0.75,10486,0.542532901,0,6,11,17
2,4,1048576,320,1,16,0.76,10486,0.621113866,0,7,11,15
2,4,1048576,320,1,16,0.77,10486,0.706370399,0,8,13,23
2,4,1048576,320,1,16,0.78,10486,0.789910357,0,8,13,21
2,4,1048576,320,1,16,0.79,10485,0.929899857,0,9,16,26
2,4,1048576,320,1,16,0.8,10486,1.03824146,0,10,16,21
2,4,1048576,320,1,16,0.81,10486,1.22258249,0,11,20,29
2,4,1048576,320,1,16,0.82,10486,1.40015258,0,12,21,31
2,4,1048576,320,1,16,0.83,10485,1.60066762,0,13,21,34
2,4,1048576,320,1,16,0.84,10486,1.87535762,0,15,25,36
2,4,1048576,320,1,16,0.85,10486,2.13761205,0,18,30,46
2,4,1048576,320,1,16,0.86,10486,2.53013542,0,20,31,43
2,4,1048576,320,1,16,0.87,10485,3.06638054,1,23,37,55
2,4,1048576,320,1,16,0.88,10486,3.50638947,1,25,41,57
2,4,1048576,320,1,16,0.89,10486,4.295823,1,29,47,58
2,4,1048576,320,1,16,0.9,10486,5.5628457,2,38,58,93
2,4,1048576,320,1,16,0.91,10485,6.79446829,2,44,70,113
2,4,1048576,320,1,16,0.92,10486,9.32567233,4,59,103,137
2,4,1048576,320,1,16,0.93,10486,13.1831966,6,83,136,180
2,4,1048576,320,1,16,0.94,10486,20.3497997,11,117,191,297
2,4,1048576,320,1,16,0.95,3429,27.581219,15,164,266,288
2,4,1048576,320,1,17,0,10486,0,0,0,0,0
2,4,1048576,320,1,17,0.01,10486,0,0,0,0,0
2,4,1048576,320,1,17,0.02,10486,0,0,0,0,0
2,4,1048576,320,1,17,0.03,10486,0,0,0,0,0
2,4,1048576,320,1,17,0.04,10485,0,0,0,0,0
2,4,1048576,320,1,17,0.05,10486,0,0,0,0,0
2,4,1048576,320,1,17,0.06,10486,0,0,0,0,0
2,4,1048576,320,1,17,0.07,10486,0,0,0,0,0
2,4,1048576,320,1,17,0.08,10485,0,0,0,0,0
2,4,1048576,320,1,17,0.09,10486,0,0,0,0,0
2,4,1048576,320,1,17,0.1,10486,0,0,0,0,0
2,4,1048576,320,1,17,0.11,10486,0,0,0,0,0
2,4,1048576,320,1,17,0.12,10485,0,0,0,0,0
2,4,1048576,320,1,17,0.13,10486,0,0,0,0,0
2,4,1048576,320,1,17,0.14,10486,0,0,0,0,0
2,4,1048576,320,1,17,0.15,10486,0,0,0,0,0
2,4,1048576,320,1,17,0.16,10485,0,0,0,0,0
2,4,1048576,320,1,17,0.17,10486,9.53652489e-05,0,0,0,1
2,4,1048576,320,1,17,0.18,10486,0.000190730498,0,0,0,1
2,4,1048576,320,1,17,0.19,10486,0,0,0,0,0
2,4,1048576,320,1,17,0.2,10485,0,0,0,0,0
2,4,1048576,320,1,17,0.21,10486,0.000286095747,0,0,0,1
2,4,1048576,320,1,17,0.22,10486,9.53652489e-05,0,0,0,1
2,4,1048576,320,1,17,0.23,10486,0.000190730498,0,0,0,1
2,4,1048576,320,1,17,0.24,10485,0.000286123033,0,0,0,1
2,4,1048576,320,1,17,0.25,10486,0.000572191493,0,0,0,1
2,4,1048576,320,1,17,0.26,10486,0.00085828724,0,0,0,1
2,4,1048576,320,1,17,0.27,10486,0.000572191493,0,0,0,1
2,4,1048576,320,1,17,0.28,10486,0.00171657448,0,0,1,2
2,4,1048576,320,1,17,0.29,10485,0.00114449213,0,0,1,1
2,4,1048576,320,1,17,0.3,10486,0.00123974824,0,0,1,1
2,4,1048576,320,1,17,0.31,10486,0.00200267023,0,0,1,1
2,4,1048576,320,1,17,0.32,10486,0.00219340072,0,0,1,2
2,4,1048576,320,1,17,0.33,10485,0.00295660467,0,0,1,3
2,4,1048576,320,1,17,0.34,10486,0.00438680145,0,0,1,3
2,4,1048576,320,1,17,0.35,10486,0.00343314896,0,0,1,2
2,4,1048576,320,1,17,0.36,10486,0.00343314896,0,0,1,1
2,4,1048576,320,1,17,0.37,10485,0.00591320935,0,0,1,3
2,4,1048576,320,1,17,0.38,10486,0.00791531566,0,0,1,2
2,4,1048576,320,1,17,0.39,10486,0.00658020217,0,0,1,2
2,4,1048576,320,1,17,0.4,10486,0.00801068091,0,0,1,2
2,4,1048576,320,1,17,0.41,10485,0.0100143062,0,0,1,3
2,4,1048576,320,1,17,0.42,10486,0.0112530994,0,0,2,3
2,4,1048576,320,1,17,0.43,10486,0.0113484646,0,1,2,3
2,4,1048576,320,1,17,0.44,10486,0.017642571,0,1,2,3
2,4,1048576,320,1,17,0.45,10485,0.0185026228,0,1,2,4
2,4,1048576,320,1,17,0.46,10486,0.0224108335,0,1,2,4
2,4,1048576,320,1,17,0.47,10486,0.0220293725,0,1,2,3
2,4,1048576,320,1,17,0.48,10486,0.0257486172,0,1,2,4
2,4,1048576,320,1,17,0.49,10485,0.0324272771,0,1,3,6
2,4,1048576,320,1,17,0.5,10486,0.0336639329,0,1,3,5
2,4,1048576,320,1,17,0.51,10486,0.0350944116,0,1,3,4
2,4,1048576,320,1,17,0.52,10486,0.0445355712,0,1,3,6
2,4,1048576,320,1,17,0.53,10486,0.0500667557,0,1,3,4
2,4,1048576,320,1,17,0.54,10485,0.0528373867,0,1,3,5
2,4,1048576,320,1,17,0.55,10486,0.064371543,0,2,4,5
2,4,1048576,320,1,17,0.56,10486,0.0711424757,0,2,4,5
2,4,1048576,320,1,17,0.57,10486,0.0766736601,0,2,4,5
2,4,1048576,320,1,17,0.58,10485,0.0895565093,0,2,4,5
2,4,1048576,320,1,17,0.59,10486,0.090406256,0,2,4,8
2,4,1048576,320,1,17,0.6,10486,0.108811749,0,2,4,6
2,4,1048576,320,1,17,0.61,10486,0.123021171,0,2,5,9
2,4,1048576,320,1,17,0.62,10485,0.146018121,0,3,5,11
2,4,1048576,320,1,17,0.63,10486,0.161358001,0,3,6,8
2,4,1048576,320,1,17,0.64,10486,0.178714476,0,3,6,9
2,4,1048576,320,1,17,0.65,10486,0.185485409,0,3,6,8
2,4,1048576,320,1,17,0.66,10485,0.21230329,0,4,6,10
2,4,1048576,320,1,17,0.67,10486,0.238127027,0,4,7,11
2,4,1048576,320,1,17,0.68,10486,0.271218768,0,4,7,15
2,4,1048576,320,1,17,0.69,10486,0.284665268,0,4,8,11
2,4,1048576,320,1,17,0.7,10485,0.320648546,0,4,8,12
2,4,1048576,320,1,17,0.71,10486,0.353328247,0,5,8,11
2,4,1048576,320,1,17,0.72,10486,0.401964524,0,5,10,13
2,4,1048576,320,1,17,0.73,10486,0.459183673,0,6,9,13
2,4,1048576,320,1,17,0.74,10485,0.515879828,0,6,10,20
2,4,1048576,320,1,17,0.75,10486,0.58630555,0,7,12,16
2,4,1048576,320,1,17,0.76,10486,0.623688728,0,7,11,17
2,4,1048576,320,1,17,0.77,10486,0.70493992,0,7,13,21
2,4,1048576,320,1,17,0.78,10486,0.799923708,0,9,15,25
2,4,1048576,320,1,17,0.79,10485,0.907105389,0,9,15,24
2,4,1048576,320,1,17,0.8,10486,1.05769598,0,10,17,33
2,4,1048576,320,1,17,0.81,10486,1.18443639,0,10,18,23
2,4,1048576,320,1,17,0.82,10486,1.29410643,0,12,19,30
2,4,1048576,320,1,17,0.83,10485,1.52312828,0,13,20,28
2,4,1048576,320,1,17,0.84,10486,1.80755293,0,15,23,36
2,4,1048576,320,1,17,0.85,10486,2.09813084,0,17,27,36
2,4,1048576,320,1,17,0.86,10486,2.42637803,0,19,32,51
2,4,1048576,320,1,17,0.87,10485,2.8579876,0,22,33,60
2,4,1048576,320,1,17,0.88,10486,3.48607667,1,25,40,52
2,4,1048576,320,1,17,0.89,10486,4.29887469,1,31,48,79
2,4,1048576,320,1,17,0.9,10486,5.32891474,2,36,54,74
2,4,1048576,320,1,17,0.91,10485,6.98874583,3,47,73,106
2,4,1048576,320,1,17,0.92,10486,9.1588785,4,59,89,117
2,4,1048576,320,1,17,0.93,10486,12.9455464,6,82,123,202
2,4,1048576,320,1,17,0.94,9520,19.0566176,10,111,176,308
2,4,1048576,320,1,18,0,10486,0,0,0,0,0
2,4,1048576,320,1,18,0.01,10486,0,0,0,0,0
2,4,1048576,320,1,18,0.02,10486,0,0,0,0,0
2,4,1048576,320,1,18,0.03,10486,0,0,0,0,0
2,4,1048576,320,1,18,0.04,10485,0,0,0,0,0
2,4,1048576,320,1,18,0.05,10486,0,0,0,0,0
2,4,1048576,320,1,18,0.06,10486,0,0,0,0,0
2,4,1048576,320,1,18,0.07,10486,0,0,0,0,0
2,4,1048576,320,1,18,0.08,10485,0,0,0,0,0
2,4,1048576,320,1,18,0.09,10486,0,0,0,0,0
2,4,1048576,320,1,18,0.1,10486,0,0,0,0,0
2,4,1048576,320,1,18,0.11,10486,0,0,0,0,0
2,4,1048576,320,1,18,0.12,10485,0,0,0,0,0
2,4,1048576,320,1,18,0.13,10486,0,0,0,0,0
2,4,1048576,320,1,18,0.14,10486,0,0,0,0,0
2,4,1048576,320,1,18,0.15,10486,0,0,0,0,0
2,4,1048576,320,1,18,0.16,10485,0,0,0,0,0
2,4,1048576,320,1,18,0.17,10486,0,0,0,0,0
2,4,1048576,320,1,18,0.18,10486,0,0,0,0,0
2,4,1048576,320,1,18,0.19,10486,9.53652489e-05,0,0,0,1
2,4,1048576,320,1,18,0.2,10485,9.53743443e-05,0,0,0,1
2,4,1048576,320,1,18,0.21,10486,0.000190730498,0,0,0,1
2,4,1048576,320,1,18,0.22,10486,9.53652489e-05,0,0,0,1
2,4,1048576,320,1,18,0.23,10486,0.000286095747,0,0,0,1
2,4,1048576,320,1,18,0.24,10485,9.53743443e-05,0,0,0,1
2,4,1048576,320,1,18,0.25,10486,0.000476826245,0,0,0,1
2,4,1048576,320,1,18,0.26,10486,0.00133511348,0,0,1,1
2,4,1048576,320,1,18,0.27,10486,0.000476826245,0,0,0,1
2,4,1048576,320,1,18,0.28,10486,0.00123974824,0,0,1,2
2,4,1048576,320,1,18,0.29,10485,0.0017167382,0,0,1,1
2,4,1048576,320,1,18,0.3,10486,0.00152584398,0,0,1,1
2,4,1048576,320,1,18,0.31,10486,0.00162120923,0,0,1,2
2,4,1048576,320,1,18,0.32,10486,0.00219340072,0,0,1,2
2,4,1048576,320,1,18,0.33,10485,0.00181211254,0,0,1,1
2,4,1048576,320,1,18,0.34,10486,0.00267022697,0,0,1,2
2,4,1048576,320,1,18,0.35,10486,0.00419607095,0,0,1,2
2,4,1048576,320,1,18,0.36,10486,0.00553118444,0,0,1,2
2,4,1048576,320,1,18,0.37,10485,0.00505484025,0,0,1,3
2,4,1048576,320,1,18,0.38,10486,0.00562654969,0,0,1,2
2,4,1048576,320,1,18,0.39,10486,0.00724775892,0,0,1,4
2,4,1048576,320,1,18,0.4,10486,0.00810604616,0,0,1,2
2,4,1048576,320,1,18,0.41,10485,0.0112541726,0,1,2,2
2,4,1048576,320,1,18,0.42,10486,0.0126835781,0,1,2,4
2,4,1048576,320,1,18,0.43,10486,0.0138279611,0,1,2,4
2,4,1048576,320,1,18,0.44,10486,0.0156399008,0,1,2,3
2,4,1048576,320,1,18,0.45,10485,0.017739628,0,1,2,3
2,4,1048576,320,1,18,0.46,10486,0.022601564,0,1,2,4
2,4,1048576,320,1,18,0.47,10486,0.023364486,0,1,3,4
2,4,1048576,320,1,18,0.48,10486,0.0268930002,0,1,2,3
2,4,1048576,320,1,18,0.49,10485,0.0319504053,0,1,3,4
2,4,1048576,320,1,18,0.5,10486,0.0337592981,0,1,2,5
2,4,1048576,320,1,18,0.51,10486,0.0374785428,0,1,2,4
2,4,1048576,320,1,18,0.52,10486,0.040625596,0,1,3,5
2,4,1048576,320,1,18,0.53,10486,0.0488270074,0,1,3,5
2,4,1048576,320,1,18,0.54,10485,0.052360515,0,1,3,6
2,4,1048576,320,1,18,0.55,10486,0.0615105855,0,2,3,5
2,4,1048576,320,1,18,0.56,10486,0.0659927522,0,2,4,4
2,4,1048576,320,1,18,0.57,10486,0.0794392523,0,2,4,5
2,4,1048576,320,1,18,0.58,10485,0.0828803052,0,2,4,6
2,4,1048576,320,1,18,0.59,10486,0.101945451,0,2,4,8
2,4,1048576,320,1,18,0.6,10486,0.108430288,0,2,5,6
2,4,1048576,320,1,18,0.61,10486,0.113484646,0,2,5,7
2,4,1048576,320,1,18,0.62,10485,0.138578922,0,3,5,10
2,4,1048576,320,1,18,0.63,10486,0.155731451,0,3,5,10
2,4,1048576,320,1,18,0.64,10486,0.167461377,0,3,5,10
2,4,1048576,320,1,18,0.65,10486,0.186152966,0,3,6,10
2,4,1048576,320,1,18,0.66,10485,0.206294707,0,3,6,10
2,4,1048576,320,1,18,0.67,10486,0.232405112,0,4,6,9
2,4,1048576,320,1,18,0.68,10486,0.252145718,0,4,7,12
2,4,1048576,320,1,18,0.69,10486,0.292389853,0,4,8,13
2,4,1048576,320,1,18,0.7,10485,0.305865522,0,4,8,12
2,4,1048576,320,1,18,0.71,10486,0.362864772,0,5,8,10
2,4,1048576,320,1,18,0.72,10486,0.402059889,0,5,9,12
2,4,1048576,320,1,18,0.73,10486,0.44058745,0,5,9,15
2,4,1048576,320,1,18,0.74,10485,0.512541726,0,6,10,18
2,4,1048576,320,1,18,0.75,10486,0.569330536,0,7,11,18
2,4,1048576,320,1,18,0.76,10486,0.642952508,0,7,13,21
2,4,1048576,320,1,18,0.77,10486,0.71857715,0,8,13,18
2,4,1048576,320,1,18,0.78,10486,0.834827389,0,9,15,22
2,4,1048576,320,1,18,0.79,10485,0.923891273,0,9,16,22
2,4,1048576,320,1,18,0.8,10486,1.06513447,0,10,17,30
2,4,1048576,320,1,18,0.81,10486,1.16193019,0,11,18,26
2,4,1048576,320,1,18,0.82,10486,1.37345031,0,12,19,27
2,4,1048576,320,1,18,0.83,10485,1.57606104,0,13,24,36
2,4,1048576,320,1,18,0.84,10486,1.79095937,0,15,24,30
2,4,1048576,320,1,18,0.85,10486,2.09050162,0,16,27,38
2,4,1048576,320,1,18,0.86,10486,2.51993134,0,19,33,48
2,4,1048576,320,1,18,0.87,10485,2.97205532,0,22,35,46
2,4,1048576,320,1,18,0.88,10486,3.63551402,1,25,39,53
2,4,1048576,320,1,18,0.89,10486,4.30755293,1,30,49,81
2,4,1048576,320,1,18,0.9,10486,5.4146481,2,38,59,92
2,4,1048576,320,1,18,0.91,10485,6.92656175,2,46,74,98
2,4,1048576,320,1,18,0.92,10486,9.1926378,4,58,91,115
2,4,1048576,320,1,18,0.93,10486,13.0124928,6,80,130,227
2,4,1048576,320,1,18,0.94,10486,19.8145146,10,116,168,288
2,4,1048576,320,1,18,0.95,7774,30.7303833,17,181,264,295
2,4,1048576,320,1,19,0,10486,0,0,0,0,0
2,4,1048576,320,1,19,0.01,10486,0,0,0,0,0
2,4,1048576,320,1,19,0.02,10486,0,0,0,0,0
2,4,1048576,320,1,19,0.03,10486,0,0,0,0,0
2,4,1048576,320,1,19,0.04,10485,0,0,0,0,0
2,4,1048576,320,1,19,0.05,10486,0,0,0,0,0
2,4,1048576,320,1,19,0.06,10486,0,0,0,0,0
2,4,1048576,320,1,19,0.07,10486,0,0,0,0,0
2,4,1048576,320,1,19,0.08,10485,0,0,0,0,0
2,4,1048576,320,1,19,0.09,10486,0,0,0,0,0
2,4,1048576,320,1,19,0.1,10486,0,0,0,0,0
2,4,1048576,320,1,19,0.11,10486,0,0,0,0,0
2,4,1048576,320,1,19,0.12,10485,0,0,0,0,0
2,4,1048576,320,1,19,0.13,10486,0,0,0,0,0
2,4,1048576,320,1,19,0.14,10486,0,0,0,0,0
2,4,1048576,320,1,19,0.15,10486,0,0,0,0,0
2,4,1048576,320,1,19,0.16,10485,0,0,0,0,0
2,4,1048576,320,1,19,0.17,10486,0,0,0,0,0
2,4,1048576,320,1,19,0.18,10486,0,0,0,0,0
2,4,1048576,320,1,19,0.19,10486,9.53652489e-05,0,0,0,1
2,4,1048576,320,1,19,0.2,10485,9.53743443e-05,0,0,0,1
2,4,1048576,320,1,19,0.21,10486,0.000190730498,0,0,0,1
2,4,1048576,320,1,19,0.22,10486,9.53652489e-05,0,0,0,1
2,4,1048576,320,1,19,0.23,10486,0.000476826245,0,0,0,1
2,4,1048576,320,1,19,0.24,10485,0.000190748689,0,0,0,1
2,4,1048576,320,1,19,0.25,10486,0.000286095747,0,0,0,1
2,4,1048576,320,1,19,0.26,10486,0.000476826245,0,0,0,1
2,4,1048576,320,1,19,0.27,10486,0.000667556742,0,0,0,1
2,4,1048576,320,1,19,0.28,10486,0.000762921991,0,0,0,1
2,4,1048576,320,1,19,0.29,10485,0.000858369099,0,0,0,1
2,4,1048576,320,1,19,0.3,10486,0.00143047873,0,0,1,1
2,4,1048576,320,1,19,0.31,10486,0.00143047873,0,0,1,1
2,4,1048576,320,1,19,0.32,10486,0.00228876597,0,0,1,1
2,4,1048576,320,1,19,0.33,10485,0.00209823557,0,0,1,2
2,4,1048576,320,1,19,0.34,10486,0.00314705321,0,0,1,2
2,4,1048576,320,1,19,0.35,10486,0.00343314896,0,0,1,2
2,4,1048576,320,1,19,0.36,10486,0.00514972344,0,0,1,2
2,4,1048576,320,1,19,0.37,10485,0.00448259418,0,0,1,3
2,4,1048576,320,1,19,0.38,10486,0.00600801068,0,0,1,4
2,4,1048576,320,1,19,0.39,10486,0.00724775892,0,0,1,4
2,4,1048576,320,1,19,0.4,10486,0.00972725539,0,0,2,2
2,4,1048576,320,1,19,0.41,10485,0.0111587983,0,0,2,4
2,4,1048576,320,1,19,0.42,10486,0.0123974824,0,1,2,3
2,4,1048576,320,1,19,0.43,10486,0.0124928476,0,1,2,3
2,4,1048576,320,1,19,0.44,10486,0.0158306313,0,1,2,3
2,4,1048576,320,1,19,0.45,10485,0.017739628,0,1,2,3
2,4,1048576,320,1,19,0.46,10486,0.0188823193,0,1,2,3
2,4,1048576,320,1,19,0.47,10486,0.0231737555,0,1,2,4
2,4,1048576,320,1,19,0.48,10486,0.0272744612,0,1,2,3
2,4,1048576,320,1,19,0.49,10485,0.0326180258,0,1,2,4
2,4,1048576,320,1,19,0.5,10486,0.0303261492,0,1,2,4
2,4,1048576,320,1,19,0.51,10486,0.0400534045,0,1,3,6
2,4,1048576,320,1,19,0.52,10486,0.0486362769,0,1,3,7
2,4,1048576,320,1,19,0.53,10486,0.0504482167,0,1,3,6
2,4,1048576,320,1,19,0.54,10485,0.0568431092,0,2,3,4
2,4,1048576,320,1,19,0.55,10486,0.0599847416,0,2,3,7
2,4,1048576,320,1,19,0.56,10486,0.0650390998,0,2,4,9
2,4,1048576,320,1,19,0.57,10486,0.0791531566,0,2,4,6
2,4,1048576,320,1,19,0.58,10485,0.0938483548,0,2,4,5
2,4,1048576,320,1,19,0.59,10486,0.0915506389,0,2,5,6
2,4,1048576,320,1,19,0.6,10486,0.114915125,0,2,5,7
2,4,1048576,320,1,19,0.61,10486,0.128933817,0,3,5,8
2,4,1048576,320,1,19,0.62,10485,0.140963281,0,3,5,8
2,4,1048576,320,1,19,0.63,10486,0.153442685,0,3,5,8
2,4,1048576,320,1,19,0.64,10486,0.175853519,0,3,6,8
2,4,1048576,320,1,19,0.65,10486,0.193400725,0,3,5,10
2,4,1048576,320,1,19,0.66,10485,0.211921793,0,4,7,8
2,4,1048576,320,1,19,0.67,10486,0.234598512,0,4,7,11
2,4,1048576,320,1,19,0.68,10486,0.264447835,0,4,7,12
2,4,1048576,320,1,19,0.69,10486,0.288861339,0,4,7,8
2,4,1048576,320,1,19,0.7,10485,0.311683357,0,4,8,12
2,4,1048576,320,1,19,0.71,10486,0.372973488,0,5,8,12
2,4,1048576,320,1,19,0.72,10486,0.413026893,0,5,10,15
2,4,1048576,320,1,19,0.73,10486,0.455178333,0,6,10,13
2,4,1048576,320,1,19,0.74,10485,0.508345255,0,7,11,20
2,4,1048576,320,1,19,0.75,10486,0.57486172,0,7,12,26
2,4,1048576,320,1,19,0.76,10486,0.622067519,0,7,12,17
2,4,1048576,320,1,19,0.77,10486,0.712092314,0,8,13,27
2,4,1048576,320,1,19,0.78,10486,0.825290864,0,9,14,20
2,4,1048576,320,1,19,0.79,10485,0.956795422,0,9,16,28
2,4,1048576,320,1,19,0.8,10486,1.04548922,0,10,17,23
2,4,1048576,320,1,19,0.81,10486,1.1973107,0,11,18,24
2,4,1048576,320,1,19,0.82,10486,1.43419798,0,13,21,29
2,4,1048576,320,1,19,0.83,10485,1.56633286,0,13,21,25
2,4,1048576,320,1,19,0.84,10486,1.85523555,0,15,23,41
2,4,1048576,320,1,19,0.85,10486,2.10928858,0,17,28,62
2,4,1048576,320,1,19,0.86,10486,2.56561129,0,21,32,48
2,4,1048576,320,1,19,0.87,10485,3.04368145,1,22,34,44
2,4,1048576,320,1,19,0.88,10486,3.66374213,1,27,43,57
2,4,1048576,320,1,19,0.89,10486,4.37268739,1,31,46,63
2,4,1048576,320,1,19,0.9,10486,5.48369254,2,38,61,80
2,4,1048576,320,1,19,0.91,10485,6.79752027,2,45,69,149
2,4,1048576,320,1,19,0.92,10486,9.349609,4,58,94,133
2,4,1048576,320,1,19,0.93,10486,12.9572764,6,77,120,155
2,4,1048576,320,1,19,0.94,5346,17.5087916,9,105,168,206
2,4,1048576,320,1,20,0,10486,0,0,0,0,0
2,4,1048576,320,1,20,0.01,10486,0,0,0,0,0
2,4,1048576,320,1,20,0.02,10486,0,0,0,0,0
2,4,1048576,320,1,20,0.03,10486,0,0,0,0,0
2,4,1048576,320,1,20,0.04,10485,0,0,0,0,0
2,4,1048576,320,1,20,0.05,10486,0,0,0,0,0
2,4,1048576,320,1,20,0.06,10486,0,0,0,0,0
2,4,1048576,320,1,20,0.07,10486,0,0,0,0,0
2,4,1048576,320,1,20,0.08,10485,0,0,0,0,0
2,4,1048576,320,1,20,0.09,10486,0,0,0,0,0
2,4,1048576,320,1,20,0.1,10486,0,0,0,0,0
2,4,1048576,320,1,20,0.11,10486,0,0,0,0,0
2,4,1048576,320,1,20,0.12,10485,0,0,0,0,0
2,4,1048576,320,1,20,0.13,10486,0,0,0,0,0
2,4,1048576,320,1,20,0.14,10486,0,0,0,0,0
2,4,1048576,320,1,20,0.15,10486,0,0,0,0,0
2,4,1048576,320,1,20,0.16,10485,0,0,0,0,0
2,4,1048576,320,1,20,0.17,10486,0,0,0,0,0
2,4,1048576,320,1,20,0.18,10486,0,0,0,0,0
2,4,1048576,320,1,20,0.19,10486,0,0,0,0,0
2,4,1048576,320,1,20,0.2,10485,9.53743443e-05,0,0,0,1
2,4,1048576,320,1,20,0.21,10486,0.000190730498,0,0,0,1
2,4,1048576,320,1,20,0.22,10486,0.000286095747,0,0,0,2
2,4,1048576,320,1,20,0.23,10486,0.000190730498,0,0,0,1
2,4,1048576,320,1,20,0.24,10485,0.00066762041,0,0,0,2
2,4,1048576,320,1,20,0.25,10486,9.53652489e-05,0,0,0,1
2,4,1048576,320,1,20,0.26,10486,0.000476826245,0,0,0,1
2,4,1048576,320,1,20,0.27,10486,0.000476826245,0,0,0,1
2,4,1048576,320,1,20,0.28,10486,0.000762921991,0,0,0,1
2,4,1048576,320,1,20,0.29,10485,0.00114449213,0,0,1,1
2,4,1048576,320,1,20,0.3,10486,0.00190730498,0,0,1,1
2,4,1048576,320,1,20,0.31,10486,0.00152584398,0,0,1,1
2,4,1048576,320,1,20,0.32,10486,0.00209803548,0,0,1,3
2,4,1048576,320,1,20,0.33,10485,0.00286123033,0,0,1,4
2,4,1048576,320,1,20,0.34,10486,0.00295632272,0,0,1,2
2,4,1048576,320,1,20,0.35,10486,0.00228876597,0,0,1,1
2,4,1048576,320,1,20,0.36,10486,0.00505435819,0,0,1,2
2,4,1048576,320,1,20,0.37,10485,0.00572246066,0,0,1,2
2,4,1048576,320,1,20,0.38,10486,0.00610337593,0,0,1,3
2,4,1048576,320,1,20,0.39,10486,0.00705702842,0,0,1,2
2,4,1048576,320,1,20,0.4,10486,0.00667556742,0,0,1,3
2,4,1048576,320,1,20,0.41,10485,0.0092513114,0,0,1,3
2,4,1048576,320,1,20,0.42,10486,0.0116345604,0,0,2,3
2,4,1048576,320,1,20,0.43,10486,0.0123974824,0,1,2,3
2,4,1048576,320,1,20,0.44,10486,0.0160213618,0,1,2,3
2,4,1048576,320,1,20,0.45,10485,0.0162136385,0,1,2,4
2,4,1048576,320,1,20,0.46,10486,0.0186915888,0,1,2,4
2,4,1048576,320,1,20,0.47,10486,0.0254625215,0,1,3,3
2,4,1048576,320,1,20,0.48,10486,0.0262254434,0,1,2,4
2,4,1048576,320,1,20,0.49,10485,0.0298521698,0,1,2,6
2,4,1048576,320,1,20,0.5,10486,0.0309937059,0,1,2,5
2,4,1048576,320,1,20,0.51,10486,0.0374785428,0,1,2,6
2,4,1048576,320,1,20,0.52,10486,0.041388518,0,1,3,6
2,4,1048576,320,1,20,0.53,10486,0.0540720961,0,2,3,5
2,4,1048576,320,1,20,0.54,10485,0.0532188841,0,2,3,5
2,4,1048576,320,1,20,0.55,10486,0.0584588976,0,2,3,4
2,4,1048576,320,1,20,0.56,10486,0.068567614,0,2,4,6
2,4,1048576,320,1,20,0.57,10486,0.0799160786,0,2,4,5
2,4,1048576,320,1,20,0.58,10485,0.0924177396,0,2,4,5
2,4,1048576,320,1,20,0.59,10486,0.100324242,0,2,4,6
2,4,1048576,320,1,20,0.6,10486,0.0999427809,0,2,4,8
2,4,1048576,320,1,20,0.61,10486,0.123402632,0,3,5,9
2,4,1048576,320,1,20,0.62,10485,0.128946113,0,3,5,7
2,4,1048576,320,1,20,0.63,10486,0.158592409,0,3,5,7
2,4,1048576,320,1,20,0.64,10486,0.171085257,0,3,6,9
2,4,1048576,320,1,20,0.65,10486,0.189586115,0,3,6,10
2,4,1048576,320,1,20,0.66,10485,0.217548879,0,4,6,14
2,4,1048576,320,1,20,0.67,10486,0.234503147,0,4,7,9
2,4,1048576,320,1,20,0.68,10486,0.285046729,0,4,7,10
2,4,1048576,320,1,20,0.69,10486,0.292675949,0,4,8,11
2,4,1048576,320,1,20,0.7,10485,0.325703386,0,4,7,11
2,4,1048576,320,1,20,0.71,10486,0.353042151,0,5,8,12
2,4,1048576,320,1,20,0.72,10486,0.426473393,0,5,10,14
2,4,1048576,320,1,20,0.73,10486,0.445641808,0,5,9,14
2,4,1048576,320,1,20,0.74,10485,0.501096805,0,6,11,15
2,4,1048576,320,1,20,0.75,10486,0.582681671,0,7,12,19
2,4,1048576,320,1,20,0.76,10486,0.656017547,0,7,12,21
2,4,1048576,320,1,20,0.77,10486,0.743086019,0,8,13,19
2,4,1048576,320,1,20,0.78,10486,0.815849704,0,8,14,21
2,4,1048576,320,1,20,0.79,10485,0.936003815,0,9,15,21
2,4,1048576,320,1,20,0.8,10486,1.0534999,0,10,15,31
2,4,1048576,320,1,20,0.81,10486,1.19845508,0,11,18,27
2,4,1048576,320,1,20,0.82,10486,1.36658402,0,12,19,26
2,4,1048576,320,1,20,0.83,10485,1.56995708,0,14,22,38
2,4,1048576,320,1,20,0.84,10486,1.89080679,0,16,24,38
2,4,1048576,320,1,20,0.85,10486,2.13456037,0,17,26,49
2,4,1048576,320,1,20,0.86,10486,2.47596796,0,19,32,39
2,4,1048576,320,1,20,0.87,10485,2.93686218,0,22,35,51
2,4,1048576,320,1,20,0.88,10486,3.60089643,1,25,42,67
2,4,1048576,320,1,20,0.89,10486,4.43047873,1,31,49,72
2,4,1048576,320,1,20,0.9,10486,5.38022125,2,37,58,81
2,4,1048576,320,1,20,0.91,10485,7.10920362,3,46,70,96
2,4,1048576,320,1,20,0.92,10486,9.38231928,4,58,95,126
2,4,1048576,320,1,20,0.93,10486,12.8515163,6,81,125,160
2,4,1048576,320,1,20,0.94,8023,19.2492833,10,115,169,227
2,4,1048576,1280,4,1,0,10486,0,0,0,0,0
2,4,1048576,1280,4,1,0.01,10486,0,0,0,0,0
2,4,1048576,1280,4,1,0.02,10486,0,0,0,0,0
2,4,1048576,1280,4,1,0.03,10486,0,0,0,0,0
2,4,1048576,1280,4,1,0.04,10485,0,0,0,0,0
2,4,1048576,1280,4,1,0.05,10486,0,0,0,0,0
2,4,1048576,1280,4,1,0.06,10486,0,0,0,0,0
2,4,1048576,1280,4,1,0.07,10486,0,0,0,0,0
2,4,1048576,1280,4,1,0.08,10485,0,0,0,0,0
2,4,1048576,1280,4,1,0.09,10486,0,0,0,0,0
2,4,1048576,1280,4,1,0.1,10486,0,0,0,0,0
2,4,1048576,1280,4,1,0.11,10486,0,0,0,0,0
2,4,1048576,1280,4,1,0.12,10485,0,0,0,0,0
2,4,1048576,1280,4,1,0.13,10486,0,0,0,0,0
2,4,1048576,1280,4,1,0.14,10486,0,0,0,0,0
2,4,1048576,1280,4,1,0.15,10486,0,0,0,0,0
2,4,1048576,1280,4,1,0.16,10485,9.53743443e-05,0,0,0,1
2,4,1048576,1280,4,1,0.17,10486,0,0,0,0,0
2,4,1048576,1280,4,1,0.18,10486,0,0,0,0,0
2,4,1048576,1280,4,1,0.19,10486,9.53652489e-05,0,0,0,1
2,4,1048576,1280,4,1,0.2,10485,9.53743443e-05,0,0,0,1
2,4,1048576,1280,4,1,0.21,10486,9.53652489e-05,0,0,0,1
2,4,1048576,1280,4,1,0.22,10486,0.000286095747,0,0,0,1
2,4,1048576,1280,4,1,0.23,10486,0,0,0,0,0
2,4,1048576,1280,4,1,0.24,10485,0.000381497377,0,0,0,1
2,4,1048576,1280,4,1,0.25,10486,0.000190730498,0,0,0,1
2,4,1048576,1280,4,1,0.26,10486,0.000381460996,0,0,0,1
2,4,1048576,1280,4,1,0.27,10486,0.00085828724,0,0,0,1
2,4,1048576,1280,4,1,0.28,10486,0.000572191493,0,0,0,1
2,4,1048576,1280,4,1,0.29,10485,0.00133524082,0,0,1,2
2,4,1048576,1280,4,1,0.3,10486,0.00114438299,0,0,1,1
2,4,1048576,1280,4,1,0.31,10486,0.00333778371,0,0,1,3
2,4,1048576,1280,4,1,0.32,10486,0.00133511348,0,0,1,1
2,4,1048576,1280,4,1,0.33,10485,0.00276585598,0,0,1,2
2,4,1048576,1280,4,1,0.34,10486,0.00343314896,0,0,1,2
2,4,1048576,1280,4,1,0.35,10486,0.00305168796,0,0,1,3
2,4,1048576,1280,4,1,0.36,10486,0.00495899294,0,0,1,3
2,4,1048576,1280,4,1,0.37,10485,0.00524558894,0,0,1,2
2,4,1048576,1280,4,1,0.38,10486,0.00524508869,0,0,1,3
2,4,1048576,1280,4,1,0.39,10486,0.00486362769,0,0,1,2
2,4,1048576,1280,4,1,0.4,10486,0.0083921419,0,0,1,3
2,4,1048576,1280,4,1,0.41,10485,0.0110634239,0,1,1,3
2,4,1048576,1280,4,1,0.42,10486,0.0129696739,0,1,2,3
2,4,1048576,1280,4,1,0.43,10486,0.0119206561,0,1,2,3
2,4,1048576,1280,4,1,0.44,10486,0.0124928476,0,1,2,3
2,4,1048576,1280,4,1,0.45,10485,0.017167382,0,1,2,3
2,4,1048576,1280,4,1,0.46,10486,0.021838642,0,1,2,4
2,4,1048576,1280,4,1,0.47,10486,0.0202174328,0,1,2,3
2,4,1048576,1280,4,1,0.48,10486,0.0281327484,0,1,2,4
2,4,1048576,1280,4,1,0.49,10485,0.0308059132,0,1,2,5
2,4,1048576,1280,4,1,0.5,10486,0.0321380889,0,1,2,4
2,4,1048576,1280,4,1,0.51,10486,0.0357619683,0,1,3,6
2,4,1048576,1280,4,1,0.52,10486,0.0422468053,0,1,3,4
2,4,1048576,1280,4,1,0.53,10486,0.0469197025,0,1,3,6
2,4,1048576,1280,4,1,0.54,10485,0.0577968526,0,2,3,5
2,4,1048576,1280,4,1,0.55,10486,0.063608621,0,2,3,6
2,4,1048576,1280,4,1,0.56,10486,0.0692351707,0,2,4,6
2,4,1048576,1280,4,1,0.57,10486,0.0775319474,0,2,3,9
2,4,1048576,1280,4,1,0.58,10485,0.0947067239,0,2,4,7
2,4,1048576,1280,4,1,0.59,10486,0.0960328056,0,2,5,7
2,4,1048576,1280,4,1,0.6,10486,0.117489987,0,2,4,10
2,4,1048576,1280,4,1,0.61,10486,0.122258249,0,3,5,7
2,4,1048576,1280,4,1,0.62,10485,0.141630901,0,3,5,6
2,4,1048576,1280,4,1,0.63,10486,0.159736792,0,3,5,7
2,4,1048576,1280,4,1,0.64,10486,0.159259966,0,3,5,10
2,4,1048576,1280,4,1,0.65,10486,0.198455083,0,3,5,8
2,4,1048576,1280,4,1,0.66,10485,0.199523128,0,3,6,8
2,4,1048576,1280,4,1,0.67,10486,0.255292771,0,4,6,11
2,4,1048576,1280,4,1,0.68,10486,0.263875644,0,4,8,13
2,4,1048576,1280,4,1,0.69,10486,0.283520885,0,4,7,11
2,4,1048576,1280,4,1,0.7,10485,0.318931807,0,4,8,10
2,4,1048576,1280,4,1,0.71,10486,0.366488652,0,5,8,11
2,4,1048576,1280,4,1,0.72,10486,0.384703414,0,5,9,12
2,4,1048576,1280,4,1,0.73,10486,0.449551783,0,6,9,15
2,4,1048576,1280,4,1,0.74,10485,0.508726753,0,6,11,14
2,4,1048576,1280,4,1,0.75,10486,0.558268167,0,7,12,15
2,4,1048576,1280,4,1,0.76,10486,0.6591646,0,7,12,23
2,4,1048576,1280,4,1,0.77,10486,0.735075339,0,8,13,19
2,4,1048576,1280,4,1,0.78,10486,0.855903109,0,9,16,24
2,4,1048576,1280,4,1,0.79,10485,0.892703863,0,9,15,31
2,4,1048576,1280,4,1,0.8,10486,1.04634751,0,10,15,24
2,4,1048576,1280,4,1,0.81,10486,1.16221629,0,11,17,27
2,4,1048576,1280,4,1,0.82,10486,1.39967576,0,12,21,29
2,4,1048576,1280,4,1,0.83,10485,1.57463042,0,14,23,49
2,4,1048576,1280,4,1,0.84,10486,1.84293344,0,16,24,42
2,4,1048576,1280,4,1,0.85,10486,2.0963189,0,17,28,36
2,4,1048576,1280,4,1,0.86,10486,2.57276368,0,20,30,39
2,4,1048576,1280,4,1,0.87,10485,2.98197425,0,23,36,50
2,4,1048576,1280,4,1,0.88,10486,3.58783139,1,26,40,56
2,4,1048576,1280,4,1,0.89,10486,4.44688156,1,32,50,77
2,4,1048576,1280,4,1,0.9,10486,5.48960519,2,37,64,73
2,4,1048576,1280,4,1,0.91,10485,7.11807344,3,46,74,104
2,4,1048576,1280,4,1,0.92,10486,9.35523555,4,58,95,135
2,4,1048576,1280,4,1,0.93,10486,13.4028228,6,85,134,185
2,4,1048576,1280,4,1,0.94,10486,20.2801831,11,119,183,246
2,4,1048576,1280,4,1,0.95,10485,34.6211731,19,203,317,477
2,4,1048576,1280,4,1,0.96,10486,85.8956704,48,526,896,1188
2,4,1048576,1280,4,1,0.97,159,146.553459,88,883,1037,1037
2,4,1048576,1280,4,2,0,10486,0,0,0,0,0
2,4,1048576,1280,4,2,0.01,10486,0,0,0,0,0
2,4,1048576,1280,4,2,0.02,10486,0,0,0,0,0
2,4,1048576,1280,4,2,0.03,10486,0,0,0,0,0
2,4,1048576,1280,4,2,0.04,10485,0,0,0,0,0
2,4,1048576,1280,4,2,0.05,10486,0,0,0,0,0
2,4,1048576,1280,4,2,0.06,10486,0,0,0,0,0
2,4,1048576,1280,4,2,0.07,10486,0,0,0,0,0
2,4,1048576,1280,4,2,0.08,10485,0,0,0,0,0
2,4,1048576,1280,4,2,0.09,10486,0,0,0,0,0
2,4,1048576,1280,4,2,0.1,10486,0,0,0,0,0
2,4,1048576,1280,4,2,0.11,10486,0,0,0,0,0
2,4,1048576,1280,4,2,0.12,10485,0,0,0,0,0
2,4,1048576,1280,4,2,0.13,10486,0,0,0,0,0
2,4,1048576,1280,4,2,0.14,10486,0,0,0,0,0
2,4,1048576,1280,4,2,0.15,10486,0,0,0,0,0
2,4,1048576,1280,4,2,0.16,10485,0,0,0,0,0
2,4,1048576,1280,4,2,0.17,10486,9.53652489e-05,0,0,0,1
2,4,1048576,1280,4,2,0.18,10486,9.53652489e-05,0,0,0,1
2,4,1048576,1280,4,2,0.19,10486,9.53652489e-05,0,0,0,1
2,4,1048576,1280,4,2,0.2,10485,9.53743443e-05,0,0,0,1
2,4,1048576,1280,4,2,0.21,10486,0,0,0,0,0
2,4,1048576,1280,4,2,0.22,10486,0.000572191493,0,0,0,1
2,4,1048576,1280,4,2,0.23,10486,0.000572191493,0,0,0,2
2,4,1048576,1280,4,2,0.24,10485,0.000476871722,0,0,0,1
2,4,1048576,1280,4,2,0.25,10486,9.53652489e-05,0,0,0,1
2,4,1048576,1280,4,2,0.26,10486,0.000190730498,0,0,0,1
2,4,1048576,1280,4,2,0.27,10486,0.000762921991,0,0,0,2
2,4,1048576,1280,4,2,0.28,10486,0.000953652489,0,0,0,1
2,4,1048576,1280,4,2,0.29,10485,0.000572246066,0,0,0,1
2,4,1048576,1280,4,2,0.3,10486,0.00114438299,0,0,1,1
2,4,1048576,1280,4,2,0.31,10486,0.00181193973,0,0,1,2
2,4,1048576,1280,4,2,0.32,10486,0.00219340072,0,0,1,1
2,4,1048576,1280,4,2,0.33,10485,0.00333810205,0,0,1,2
2,4,1048576,1280,4,2,0.34,10486,0.00257486172,0,0,1,2
2,4,1048576,1280,4,2,0.35,10486,0.0046728972,0,0,1,2
2,4,1048576,1280,4,2,0.36,10486,0.00381460996,0,0,1,2
2,4,1048576,1280,4,2,0.37,10485,0.0049594659,0,0,1,2
2,4,1048576,1280,4,2,0.38,10486,0.00524508869,0,0,1,2
2,4,1048576,1280,4,2,0.39,10486,0.00648483693,0,0,1,3
2,4,1048576,1280,4,2,0.4,10486,0.00772458516,0,0,2,3
2,4,1048576,1280,4,2,0.41,10485,0.0102050548,0,0,2,3
2,4,1048576,1280,4,2,0.42,10486,0.0116345604,0,1,1,3
2,4,1048576,1280,4,2,0.43,10486,0.0133511348,0,1,2,3
2,4,1048576,1280,4,2,0.44,10486,0.0146862483,0,1,2,3
2,4,1048576,1280,4,2,0.45,10485,0.0178350024,0,1,2,3
2,4,1048576,1280,4,2,0.46,10486,0.0197406065,0,1,2,4
2,4,1048576,1280,4,2,0.47,10486,0.021838642,0,1,2,4
2,4,1048576,1280,4,2,0.48,10486,0.026034713,0,1,2,5
2,4,1048576,1280,4,2,0.49,10485,0.0304244158,0,1,2,5
2,4,1048576,1280,4,2,0.5,10486,0.0320427236,0,1,2,4
2,4,1048576,1280,4,2,0.51,10486,0.0370017166,0,1,3,4
2,4,1048576,1280,4,2,0.52,10486,0.0382414648,0,1,3,5
2,4,1048576,1280,4,2,0.53,10486,0.0482548159,0,1,3,5
2,4,1048576,1280,4,2,0.54,10485,0.057892227,0,2,3,5
2,4,1048576,1280,4,2,0.55,10486,0.0567423231,0,2,3,6
2,4,1048576,1280,4,2,0.56,10486,0.0712378409,0,2,4,8
2,4,1048576,1280,4,2,0.57,10486,0.0792485218,0,2,4,7
2,4,1048576,1280,4,2,0.58,10485,0.0932761087,0,2,5,7
2,4,1048576,1280,4,2,0.59,10486,0.0966049971,0,2,4,7
2,4,1048576,1280,4,2,0.6,10486,0.104901774,0,2,5,8
2,4,1048576,1280,4,2,0.61,10486,0.112912455,0,2,5,9
2,4,1048576,1280,4,2,0.62,10485,0.138388174,0,3,5,8
2,4,1048576,1280,4,2,0.63,10486,0.159069235,0,3,5,10
2,4,1048576,1280,4,2,0.64,10486,0.165172611,0,3,6,10
2,4,1048576,1280,4,2,0.65,10486,0.192351707,0,3,6,10
2,4,1048576,1280,4,2,0.66,10485,0.219170243,0,4,6,13
2,4,1048576,1280,4,2,0.67,10486,0.244039672,0,4,7,10
2,4,1048576,1280,4,2,0.68,10486,0.259012016,0,4,6,10
2,4,1048576,1280,4,2,0.69,10486,0.296585924,0,4,7,10
2,4,1048576,1280,4,2,0.7,10485,0.318359561,0,4,8,10
2,4,1048576,1280,4,2,0.71,10486,0.374117871,0,5,9,11
2,4,1048576,1280,4,2,0.72,10486,0.397577723,0,5,9,14
2,4,1048576,1280,4,2,0.73,10486,0.453461759,0,6,10,14
2,4,1048576,1280,4,2,0.74,10485,0.523795899,0,6,11,16
2,4,1048576,1280,4,2,0.75,10486,0.561510586,0,7,11,20
2,4,1048576,1280,4,2,0.76,10486,0.616345604,0,7,12,15
2,4,1048576,1280,4,2,0.77,10486,0.686725157,0,7,12,18
2,4,1048576,1280,4,2,0.78,10486,0.843600992,0,8,13,19
2,4,1048576,1280,4,2,0.79,10485,0.919980925,0,9,15,21
2,4,1048576,1280,4,2,0.8,10486,1.04739653,0,10,16,26
2,4,1048576,1280,4,2,0.81,10486,1.18672516,0,10,17,34
2,4,1048576,1280,4,2,0.82,10486,1.34875072,0,12,19,30
2,4,1048576,1280,4,2,0.83,10485,1.52885074,0,13,21,25
2,4,1048576,1280,4,2,0.84,10486,1.85599847,0,16,24,32
2,4,1048576,1280,4,2,0.85,10486,2.00524509,0,17,29,39
2,4,1048576,1280,4,2,0.86,10486,2.5134465,0,19,31,43
2,4,1048576,1280,4,2,0.87,10485,2.98273724,0,22,35,56
2,4,1048576,1280,4,2,0.88,10486,3.54358192,1,26,39,49
2,4,1048576,1280,4,2,0.89,10486,4.28695403,1,29,47,95
2,4,1048576,1280,4,2,0.9,10486,5.43353042,2,37,58,99
2,4,1048576,1280,4,2,0.91,10485,7.12055317,3,46,76,104
2,4,1048576,1280,4,2,0.92,10486,9.24299065,4,59,89,115
2,4,1048576,1280,4,2,0.93,10486,12.9266641,6,82,119,170
2,4,1048576,1280,4,2,0.94,10486,19.6896815,10,117,175,270
2,4,1048576,1280,4,2,0.95,10485,34.9917024,20,205,309,434
2,4,1048576,1280,4,2,0.96,10486,83.4814038,47,491,793,1243
2,4,1048576,1280,4,2,0.97,368,141.855978,92,687,796,796
2,4,1048576,1280,4,3,0,10486,0,0,0,0,0
2,4,1048576,1280,4,3,0.01,10486,0,0,0,0,0
2,4,1048576,1280,4,3,0.02,10486,0,0,0,0,0
2,4,1048576,1280,4,3,0.03,10486,0,0,0,0,0
2,4,1048576,1280,4,3,0.04,10485,0,0,0,0,0
2,4,1048576,1280,4,3,0.05,10486,0,0,0,0,0
2,4,1048576,1280,4,3,0.06,10486,0,0,0,0,0
2,4,1048576,1280,4,3,0.07,10486,0,0,0,0,0
2,4,1048576,1280,4,3,0.08,10485,0,0,0,0,0
2,4,1048576,1280,4,3,0.09,10486,0,0,0,0,0
2,4,1048576,1280,4,3,0.1,10486,0,0,0,0,0
2,4,1048576,1280,4,3,0.11,10486,0,0,0,0,0
2,4,1048576,1280,4,3,0.12,10485,0,0,0,0,0
2,4,1048576,1280,4,3,0.13,10486,0,0,0,0,0
2,4,1048576,1280,4,3,0.14,10486,0,0,0,0,0
2,4,1048576,1280,4,3,0.15,10486,0,0,0,0,0
2,4,1048576,1280,4,3,0.16,10485,0,0,0,0,0
2,4,1048576,1280,4,3,0.17,10486,9.53652489e-05,0,0,0,1
2,4,1048576,1280,4,3,0.18,10486,0,0,0,0,0
2,4,1048576,1280,4,3,0.19,10486,0,0,0,0,0
2,4,1048576,1280,4,3,0.2,10485,0.000190748689,0,0,0,1
2,4,1048576,1280,4,3,0.21,10486,9.53652489e-05,0,0,0,1
2,4,1048576,1280,4,3,0.22,10486,0.000190730498,0,0,0,1
2,4,1048576,1280,4,3,0.23,10486,9.53652489e-05,0,0,0,1
2,4,1048576,1280,4,3,0.24,10485,0.000953743443,0,0,0,1
2,4,1048576,1280,4,3,0.25,10486,9.53652489e-05,0,0,0,1
2,4,1048576,1280,4,3,0.26,10486,0.000572191493,0,0,0,1
2,4,1048576,1280,4,3,0.27,10486,0.00104901774,0,0,0,2
2,4,1048576,1280,4,3,0.28,10486,0.000762921991,0,0,0,1
2,4,1048576,1280,4,3,0.29,10485,0.00162136385,0,0,1,1
2,4,1048576,1280,4,3,0.3,10486,0.00143047873,0,0,1,2
2,4,1048576,1280,4,3,0.31,10486,0.00162120923,0,0,1,1
2,4,1048576,1280,4,3,0.32,10486,0.00295632272,0,0,1,2
2,4,1048576,1280,4,3,0.33,10485,0.00190748689,0,0,1,1
2,4,1048576,1280,4,3,0.34,10486,0.00247949647,0,0,1,2
2,4,1048576,1280,4,3,0.35,10486,0.00362387946,0,0,1,2
2,4,1048576,1280,4,3,0.36,10486,0.00362387946,0,0,1,1
2,4,1048576,1280,4,3,0.37,10485,0.00686695279,0,0,1,3
2,4,1048576,1280,4,3,0.38,10486,0.00524508869,0,0,1,2
2,4,1048576,1280,4,3,0.39,10486,0.00495899294,0,0,1,2
2,4,1048576,1280,4,3,0.4,10486,0.00820141141,0,0,1,3
2,4,1048576,1280,4,3,0.41,10485,0.00953743443,0,0,1,2
2,4,1048576,1280,4,3,0.42,10486,0.0104901774,0,0,2,2
2,4,1048576,1280,4,3,0.43,10486,0.0125882129,0,1,2,3
2,4,1048576,1280,4,3,0.44,10486,0.0159259966,0,1,2,4
2,4,1048576,1280,4,3,0.45,10485,0.0157367668,0,1,2,4
2,4,1048576,1280,4,3,0.46,10486,0.0170703796,0,1,2,3
2,4,1048576,1280,4,3,0.47,10486,0.0228876597,0,1,2,4
2,4,1048576,1280,4,3,0.48,10486,0.0265115392,0,1,2,3
2,4,1048576,1280,4,3,0.49,10485,0.0274678112,0,1,2,5
2,4,1048576,1280,4,3,0.5,10486,0.0316612626,0,1,3,3
2,4,1048576,1280,4,3,0.51,10486,0.0383368301,0,1,3,5
2,4,1048576,1280,4,3,0.52,10486,0.0415792485,0,1,2,5
2,4,1048576,1280,4,3,0.53,10486,0.0499713904,0,1,3,6
2,4,1048576,1280,4,3,0.54,10485,0.0558893658,0,2,3,5
2,4,1048576,1280,4,3,0.55,10486,0.0567423231,0,2,3,4
2,4,1048576,1280,4,3,0.56,10486,0.0641808125,0,2,3,5
2,4,1048576,1280,4,3,0.57,10486,0.0750524509,0,2,4,5
2,4,1048576,1280,4,3,0.58,10485,0.0863137816,0,2,4,6
2,4,1048576,1280,4,3,0.59,10486,0.0931718482,0,2,4,6
2,4,1048576,1280,4,3,0.6,10486,0.111768072,0,2,4,9
2,4,1048576,1280,4,3,0.61,10486,0.12263971,0,2,5,7
2,4,1048576,1280,4,3,0.62,10485,0.132188841,0,3,5,7
2,4,1048576,1280,4,3,0.63,10486,0.152584398,0,3,5,9
2,4,1048576,1280,4,3,0.64,10486,0.178619111,0,3,6,10
2,4,1048576,1280,4,3,0.65,10486,0.19168415,0,3,6,12
2,4,1048576,1280,4,3,0.66,10485,0.202288984,0,4,6,7
2,4,1048576,1280,4,3,0.67,10486,0.230688537,0,4,6,8
2,4,1048576,1280,4,3,0.68,10486,0.259012016,0,4,8,11
2,4,1048576,1280,4,3,0.69,10486,0.291340835,0,4,7,14
2,4,1048576,1280,4,3,0.7,10485,0.315498331,0,4,7,9
2,4,1048576,1280,4,3,0.71,10486,0.347129506,0,5,8,10
2,4,1048576,1280,4,3,0.72,10486,0.397386992,0,5,9,15
2,4,1048576,1280,4,3,0.73,10486,0.467385085,0,6,9,13
2,4,1048576,1280,4,3,0.74,10485,0.514544588,0,6,10,20
2,4,1048576,1280,4,3,0.75,10486,0.562178142,0,7,10,14
2,4,1048576,1280,4,3,0.76,10486,0.640473012,0,7,12,19
2,4,1048576,1280,4,3,0.77,10486,0.72601564,0,8,13,19
2,4,1048576,1280,4,3,0.78,10486,0.831489605,0,8,14,23
2,4,1048576,1280,4,3,0.79,10485,0.931235098,0,9,14,22
2,4,1048576,1280,4,3,0.8,10486,1.07715049,0,11,17,22
2,4,1048576,1280,4,3,0.81,10486,1.17556742,0,11,18,26
2,4,1048576,1280,4,3,0.82,10486,1.35981308,0,12,22,33
2,4,1048576,1280,4,3,0.83,10485,1.57300906,0,13,20,45
2,4,1048576,1280,4,3,0.84,10486,1.79105474,0,15,23,33
2,4,1048576,1280,4,3,0.85,10486,2.12025558,0,17,29,54
2,4,1048576,1280,4,3,0.86,10486,2.55016212,0,19,33,49
2,4,1048576,1280,4,3,0.87,10485,2.93218884,0,23,38,51
2,4,1048576,1280,4,3,0.88,10486,3.62006485,1,26,43,52
2,4,1048576,1280,4,3,0.89,10486,4.32529086,1,30,47,67
2,4,1048576,1280,4,3,0.9,10486,5.51335113,2,38,67,87
2,4,1048576,1280,4,3,0.91,10485,6.8832618,3,46,65,86
2,4,1048576,1280,4,3,0.92,10486,9.08697311,4,58,87,130
2,4,1048576,1280,4,3,0.93,10486,12.7512874,6,78,132,174
2,4,1048576,1280,4,3,0.94,10486,20.0161167,11,117,191,322
2,4,1048576,1280,4,3,0.95,10485,34.3848355,19,199,317,364
2,4,1048576,1280,4,3,0.96,9419,76.2923877,43,456,761,1102
2,4,1048576,1280,4,4,0,10486,0,0,0,0,0
2,4,1048576,1280,4,4,0.01,10486,0,0,0,0,0
2,4,1048576,1280,4,4,0.02,10486,0,0,0,0,0
2,4,1048576,1280,4,4,0.03,10486,0,0,0,0,0
2,4,1048576,1280,4,4,0.04,10485,0,0,0,0,0
2,4,1048576,1280,4,4,0.05,10486,0,0,0,0,0
2,4,1048576,1280,4,4,0.06,10486,0,0,0,0,0
2,4,1048576,1280,4,4,0.07,10486,0,0,0,0,0
2,4,1048576,1280,4,4,0.08,10485,0,0,0,0,0
2,4,1048576,1280,4,4,0.09,10486,0,0,0,0,0
2,4,1048576,1280,4,4,0.1,10486,9.53652489e-05,0,0,0,1
2,4,1048576,1280,4,4,0.11,10486,0,0,0,0,0
2,4,1048576,1280,4,4,0.12,10485,0,0,0,0,0
2,4,1048576,1280,4,4,0.13,10486,0,0,0,0,0
2,4,1048576,1280,4,4,0.14,10486,0,0,0,0,0
2,4,1048576,1280,4,4,0.15,10486,9.53652489e-05,0,0,0,1
2,4,1048576,1280,4,4,0.16,10485,0,0,0,0,0
2,4,1048576,1280,4,4,0.17,10486,0,0,0,0,0
2,4,1048576,1280,4,4,0.18,10486,0,0,0,0,0
2,4,1048576,1280,4,4,0.19,10486,0,0,0,0,0
2,4,1048576,1280,4,4,0.2,10485,0.000190748689,0,0,0,1
2,4,1048576,1280,4,4,0.21,10486,9.53652489e-05,0,0,0,1
2,4,1048576,1280,4,4,0.22,10486,0.000381460996,0,0,0,1
2,4,1048576,1280,4,4,0.23,10486,0.000286095747,0,0,0,1
2,4,1048576,1280,4,4,0.24,10485,0.000286123033,0,0,0,1
2,4,1048576,1280,4,4,0.25,10486,0.000572191493,0,0,0,1
2,4,1048576,1280,4,4,0.26,10486,0.000572191493,0,0,0,1
2,4,1048576,1280,4,4,0.27,10486,0.000667556742,0,0,0,2
2,4,1048576,1280,4,4,0.28,10486,0.000667556742,0,0,0,2
2,4,1048576,1280,4,4,0.29,10485,0.00123986648,0,0,1,1
2,4,1048576,1280,4,4,0.3,10486,0.000762921991,0,0,0,1
2,4,1048576,1280,4,4,0.31,10486,0.00152584398,0,0,1,2
2,4,1048576,1280,4,4,0.32,10486,0.00143047873,0,0,1,1
2,4,1048576,1280,4,4,0.33,10485,0.0025751073,0,0,1,1
2,4,1048576,1280,4,4,0.34,10486,0.00276559222,0,0,1,2
2,4,1048576,1280,4,4,0.35,10486,0.00486362769,0,0,1,3
2,4,1048576,1280,4,4,0.36,10486,0.00476826245,0,0,1,2
2,4,1048576,1280,4,4,0.37,10485,0.00505484025,0,0,1,3
2,4,1048576,1280,4,4,0.38,10486,0.00734312417,0,0,2,2
2,4,1048576,1280,4,4,0.39,10486,0.00572191493,0,0,1,2
2,4,1048576,1280,4,4,0.4,10486,0.00972725539,0,0,1,2
2,4,1048576,1280,4,4,0.41,10485,0.01163567,0,1,2,3
2,4,1048576,1280,4,4,0.42,10486,0.00915506389,0,0,1,3
2,4,1048576,1280,4,4,0.43,10486,0.0125882129,0,1,2,2
2,4,1048576,1280,4,4,0.44,10486,0.0151630746,0,1,2,3
2,4,1048576,1280,4,4,0.45,10485,0.0161182642,0,1,2,3
2,4,1048576,1280,4,4,0.46,10486,0.019549876,0,1,2,4
2,4,1048576,1280,4,4,0.47,10486,0.0216479115,0,1,2,4
2,4,1048576,1280,4,4,0.48,10486,0.0287049399,0,1,2,4
2,4,1048576,1280,4,4,0.49,10485,0.0284215546,0,1,3,4
2,4,1048576,1280,4,4,0.5,10486,0.0327102804,0,1,3,4
2,4,1048576,1280,4,4,0.51,10486,0.0404348655,0,1,3,5
2,4,1048576,1280,4,4,0.52,10486,0.0431050925,0,1,3,5
2,4,1048576,1280,4,4,0.53,10486,0.0480640854,0,1,3,5
2,4,1048576,1280,4,4,0.54,10485,0.0584644731,0,1,3,4
2,4,1048576,1280,4,4,0.55,10486,0.0626549685,0,2,3,5
2,4,1048576,1280,4,4,0.56,10486,0.0705702842,0,2,3,6
2,4,1048576,1280,4,4,0.57,10486,0.0772458516,0,2,3,9
2,4,1048576,1280,4,4,0.58,10485,0.0845970434,0,2,4,5
2,4,1048576,1280,4,4,0.59,10486,0.100324242,0,2,4,6
2,4,1048576,1280,4,4,0.6,10486,0.109956132,0,2,4,7
2,4,1048576,1280,4,4,0.61,10486,0.11319855,0,2,5,6
2,4,1048576,1280,4,4,0.62,10485,0.137529804,0,3,5,8
2,4,1048576,1280,4,4,0.63,10486,0.161739462,0,3,6,9
2,4,1048576,1280,4,4,0.64,10486,0.17442304,0,3,6,12
2,4,1048576,1280,4,4,0.65,10486,0.190730498,0,3,6,7
2,4,1048576,1280,4,4,0.66,10485,0.210681927,0,4,7,11
2,4,1048576,1280,4,4,0.67,10486,0.23164219,0,4,7,10
2,4,1048576,1280,4,4,0.68,10486,0.252622544,0,4,7,11
2,4,1048576,1280,4,4,0.69,10486,0.305550257,0,5,8,14
2,4,1048576,1280,4,4,0.7,10485,0.336385312,0,5,9,12
2,4,1048576,1280,4,4,0.71,10486,0.385084875,0,5,9,13
2,4,1048576,1280,4,4,0.72,10486,0.411501049,0,6,10,12
2,4,1048576,1280,4,4,0.73,10486,0.449742514,0,6,10,15
2,4,1048576,1280,4,4,0.74,10485,0.506437768,0,6,10,14
2,4,1048576,1280,4,4,0.75,10486,0.606427618,0,7,13,18
2,4,1048576,1280,4,4,0.76,10486,0.641998856,0,7,13,20
2,4,1048576,1280,4,4,0.77,10486,0.708277704,0,8,12,18
2,4,1048576,1280,4,4,0.78,10486,0.853232882,0,9,14,19
2,4,1048576,1280,4,4,0.79,10485,0.919408679,0,9,14,18
2,4,1048576,1280,4,4,0.8,10486,1.04863628,0,10,16,21
2,4,1048576,1280,4,4,0.81,10486,1.20226969,0,11,16,23
2,4,1048576,1280,4,4,0.82,10486,1.36830059,0,12,20,28
2,4,1048576,1280,4,4,0.83,10485,1.60591321,0,14,22,27
2,4,1048576,1280,4,4,0.84,10486,1.80392905,0,15,27,33
2,4,1048576,1280,4,4,0.85,10486,2.16221629,0,17,26,41
2,4,1048576,1280,4,4,0.86,10486,2.45012397,0,19,29,45
2,4,1048576,1280,4,4,0.87,10485,2.96948021,0,22,34,45
2,4,1048576,1280,4,4,0.88,10486,3.6119588,1,26,40,63
2,4,1048576,1280,4,4,0.89,10486,4.38422659,1,32,49,67
2,4,1048576,1280,4,4,0.9,10486,5.4640473,2,37,61,84
2,4,1048576,1280,4,4,0.91,10485,7.21773963,3,48,75,114
2,4,1048576,1280,4,4,0.92,10486,9.41140568,4,62,94,159
2,4,1048576,1280,4,4,0.93,10486,13.3107953,6,84,135,215
2,4,1048576,1280,4,4,0.94,10486,20.0512111,10,122,173,270
2,4,1048576,1280,4,4,0.95,10485,35.4537911,20,196,356,454
2,4,1048576,1280,4,4,0.96,9146,77.4529849,45,449,688,945
2,4,1048576,1280,4,5,0,10486,0,0,0,0,0
2,4,1048576,1280,4,5,0.01,10486,0,0,0,0,0
2,4,1048576,1280,4,5,0.02,10486,0,0,0,0,0
2,4,1048576,1280,4,5,0.03,10486,0,0,0,0,0
2,4,1048576,1280,4,5,0.04,10485,0,0,0,0,0
2,4,1048576,1280,4,5,0.05,10486,0,0,0,0,0
2,4,1048576,1280,4,5,0.06,10486,0,0,0,0,0
2,4,1048576,1280,4,5,0.07,10486,0,0,0,0,0
2,4,1048576,1280,4,5,0.08,10485,0,0,0,0,0
2,4,1048576,1280,4,5,0.09,10486,0,0,0,0,0
2,4,1048576,1280,4,5,0.1,10486,0,0,0,0,0
2,4,1048576,1280,4,5,0.11,10486,0,0,0,0,0
2,4,1048576,1280,4,5,0.12,10485,0,0,0,0,0
2,4,1048576,1280,4,5,0.13,10486,0,0,0,0,0
2,4,1048576,1280,4,5,0.14,10486,0,0,0,0,0
2,4,1048576,1280,4,5,0.15,10486,0,0,0,0,0
2,4,1048576,1280,4,5,0.16,10485,9.53743443e-05,0,0,0,1
2,4,1048576,1280,4,5,0.17,10486,0,0,0,0,0
2,4,1048576,1280,4,5,0.18,10486,0,0,0,0,0
2,4,1048576,1280,4,5,0.19,10486,9.53652489e-05,0,0,0,1
2,4,1048576,1280,4,5,0.2,10485,0,0,0,0,0
2,4,1048576,1280,4,5,0.21,10486,9.53652489e-05,0,0,0,1
2,4,1048576,1280,4,5,0.22,10486,0.000190730498,0,0,0,1
2,4,1048576,1280,4,5,0.23,10486,0.000381460996,0,0,0,1
2,4,1048576,1280,4,5,0.24,10485,0.000286123033,0,0,0,1
2,4,1048576,1280,4,5,0.25,10486,0.000286095747,0,0,0,1
2,4,1048576,1280,4,5,0.26,10486,0.000381460996,0,0,0,1
2,4,1048576,1280,4,5,0.27,10486,0.00085828724,0,0,0,1
2,4,1048576,1280,4,5,0.28,10486,0.000762921991,0,0,0,1
2,4,1048576,1280,4,5,0.29,10485,0.00104911779,0,0,1,1
2,4,1048576,1280,4,5,0.3,10486,0.00123974824,0,0,1,1
2,4,1048576,1280,4,5,0.31,10486,0.00171657448,0,0,1,1
2,4,1048576,1280,4,5,0.32,10486,0.00200267023,0,0,1,3
2,4,1048576,1280,4,5,0.33,10485,0.00190748689,0,0,1,2
2,4,1048576,1280,4,5,0.34,10486,0.00314705321,0,0,1,2
2,4,1048576,1280,4,5,0.35,10486,0.00343314896,0,0,1,2
2,4,1048576,1280,4,5,0.36,10486,0.0044821667,0,0,1,2
2,4,1048576,1280,4,5,0.37,10485,0.00314735336,0,0,1,2
2,4,1048576,1280,4,5,0.38,10486,0.00753385466,0,0,1,2
2,4,1048576,1280,4,5,0.39,10486,0.00705702842,0,0,1,2
2,4,1048576,1280,4,5,0.4,10486,0.00829677665,0,0,2,3
2,4,1048576,1280,4,5,0.41,10485,0.00953743443,0,0,2,3
2,4,1048576,1280,4,5,0.42,10486,0.0105855426,0,0,1,5
2,4,1048576,1280,4,5,0.43,10486,0.0107762731,0,0,2,3
2,4,1048576,1280,4,5,0.44,10486,0.0154491703,0,1,2,4
2,4,1048576,1280,4,5,0.45,10485,0.017739628,0,1,2,5
2,4,1048576,1280,4,5,0.46,10486,0.0194545108,0,1,2,4
2,4,1048576,1280,4,5,0.47,10486,0.024127408,0,1,2,7
2,4,1048576,1280,4,5,0.48,10486,0.02489033,0,1,2,3
2,4,1048576,1280,4,5,0.49,10485,0.0296614211,0,1,2,5
2,4,1048576,1280,4,5,0.5,10486,0.0317566279,0,1,2,4
2,4,1048576,1280,4,5,0.51,10486,0.0369063513,0,1,3,4
2,4,1048576,1280,4,5,0.52,10486,0.044058745,0,1,3,7
2,4,1048576,1280,4,5,0.53,10486,0.0452984932,0,1,3,5
2,4,1048576,1280,4,5,0.54,10485,0.0559847401,0,2,3,4
2,4,1048576,1280,4,5,0.55,10486,0.061319855,0,2,3,6
2,4,1048576,1280,4,5,0.56,10486,0.0721914934,0,2,4,8
2,4,1048576,1280,4,5,0.57,10486,0.0813465573,0,2,4,5
2,4,1048576,1280,4,5,0.58,10485,0.0859322842,0,2,4,6
2,4,1048576,1280,4,5,0.59,10486,0.103280565,0,2,5,6
2,4,1048576,1280,4,5,0.6,10486,0.109956132,0,2,4,7
2,4,1048576,1280,4,5,0.61,10486,0.122544345,0,2,4,7
2,4,1048576,1280,4,5,0.62,10485,0.144587506,0,3,5,9
2,4,1048576,1280,4,5,0.63,10486,0.145336639,0,3,5,9
2,4,1048576,1280,4,5,0.64,10486,0.17222964,0,3,6,9
2,4,1048576,1280,4,5,0.65,10486,0.181098608,0,3,5,8
2,4,1048576,1280,4,5,0.66,10485,0.214973772,0,4,7,9
2,4,1048576,1280,4,5,0.67,10486,0.235170704,0,4,7,11
2,4,1048576,1280,4,5,0.68,10486,0.267976349,0,4,7,11
2,4,1048576,1280,4,5,0.69,10486,0.291626931,0,4,8,15
2,4,1048576,1280,4,5,0.7,10485,0.327515498,0,5,7,10
2,4,1048576,1280,4,5,0.71,10486,0.372592027,0,5,9,15
2,4,1048576,1280,4,5,0.72,10486,0.389662407,0,5,9,11
2,4,1048576,1280,4,5,0.73,10486,0.468910929,0,6,11,18
2,4,1048576,1280,4,5,0.74,10485,0.51855031,0,6,11,14
2,4,1048576,1280,4,5,0.75,10486,0.560556933,0,7,11,13
2,4,1048576,1280,4,5,0.76,10486,0.665554072,0,7,12,21
2,4,1048576,1280,4,5,0.77,10486,0.747568186,0,8,13,16
2,4,1048576,1280,4,5,0.78,10486,0.822429907,0,8,13,22
2,4,1048576,1280,4,5,0.79,10485,0.916642823,0,9,15,23
2,4,1048576,1280,4,5,0.8,10486,1.08621019,0,10,16,23
2,4,1048576,1280,4,5,0.81,10486,1.16584017,0,11,18,21
2,4,1048576,1280,4,5,0.82,10486,1.32691207,0,12,21,29
2,4,1048576,1280,4,5,0.83,10485,1.52799237,0,14,21,28
2,4,1048576,1280,4,5,0.84,10486,1.81966431,0,15,23,29
2,4,1048576,1280,4,5,0.85,10486,2.08430288,0,17,28,47
2,4,1048576,1280,4,5,0.86,10486,2.45765783,0,19,31,39
2,4,1048576,1280,4,5,0.87,10485,3.02794468,0,23,36,52
2,4,1048576,1280,4,5,0.88,10486,3.50095365,1,26,40,62
2,4,1048576,1280,4,5,0.89,10486,4.37354568,1,30,53,83
2,4,1048576,1280,4,5,0.9,10486,5.35847797,2,38,58,86
2,4,1048576,1280,4,5,0.91,10485,7.02460658,3,45,76,100
2,4,1048576,1280,4,5,0.92,10486,9.31165363,4,60,96,140
2,4,1048576,1280,4,5,0.93,10486,12.9395384,6,79,123,180
2,4,1048576,1280,4,5,0.94,10486,19.6217814,10,119,193,323
2,4,1048576,1280,4,5,0.95,10485,33.9595613,19,199,315,409
2,4,1048576,1280,4,5,0.96,10486,80.385371,44,486,799,1162
2,4,1048576,1280,4,5,0.97,102,139.284314,72,720,848,848
2,4,1048576,1280,4,6,0,10486,0,0,0,0,0
2,4,1048576,1280,4,6,0.01,10486,0,0,0,0,0
2,4,1048576,1280,4,6,0.02,10486,0,0,0,0,0
2,4,1048576,1280,4,6,0.03,10486,0,0,0,0,0
2,4,1048576,1280,4,6,0.04,10485,0,0,0,0,0
2,4,1048576,1280,4,6,0.05,10486,0,0,0,0,0
2,4,1048576,1280,4,6,0.06,10486,0,0,0,0,0
2,4,1048576,1280,4,6,0.07,10486,0,0,0,0,0
2,4,1048576,1280,4,6,0.08,10485,0,0,0,0,0
2,4,1048576,1280,4,6,0.09,10486,0,0,0,0,0
2,4,1048576,1280,4,6,0.1,10486,0,0,0,0,0
2,4,1048576,1280,4,6,0.11,10486,0,0,0,0,0
2,4,1048576,1280,4,6,0.12,10485,0,0,0,0,0
2,4,1048576,1280,4,6,0.13,10486,0,0,0,0,0
2,4,1048576,1280,4,6,0.14,10486,0,0,0,0,0
2,4,1048576,1280,4,6,0.15,10486,0,0,0,0,0
2,4,1048576,1280,4,6,0.16,10485,0,0,0,0,0
2,4,1048576,1280,4,6,0.17,10486,0,0,0,0,0
2,4,1048576,1280,4,6,0.18,10486,0,0,0,0,0
2,4,1048576,1280,4,6,0.19,10486,9.53652489e-05,0,0,0,1
2,4,1048576,1280,4,6,0.2,10485,0.000190748689,0,0,0,1
2,4,1048576,1280,4,6,0.21,10486,9.53652489e-05,0,0,0,1
2,4,1048576,1280,4,6,0.22,10486,0.000476826245,0,0,0,1
2,4,1048576,1280,4,6,0.23,10486,9.53652489e-05,0,0,0,1
2,4,1048576,1280,4,6,0.24,10485,0.000476871722,0,0,0,1
2,4,1048576,1280,4,6,0.25,10486,0.000190730498,0,0,0,1
2,4,1048576,1280,4,6,0.26,10486,0.000667556742,0,0,0,1
2,4,1048576,1280,4,6,0.27,10486,0.00085828724,0,0,0,2
2,4,1048576,1280,4,6,0.28,10486,0.00104901774,0,0,0,2
2,4,1048576,1280,4,6,0.29,10485,0.000858369099,0,0,0,2
2,4,1048576,1280,4,6,0.3,10486,0.00143047873,0,0,1,1
2,4,1048576,1280,4,6,0.31,10486,0.00200267023,0,0,1,2
2,4,1048576,1280,4,6,0.32,10486,0.00190730498,0,0,1,2
2,4,1048576,1280,4,6,0.33,10485,0.00286123033,0,0,1,2
2,4,1048576,1280,4,6,0.34,10486,0.00305168796,0,0,1,2
2,4,1048576,1280,4,6,0.35,10486,0.00381460996,0,0,1,3
2,4,1048576,1280,4,6,0.36,10486,0.00362387946,0,0,1,2
2,4,1048576,1280,4,6,0.37,10485,0.00505484025,0,0,1,2
2,4,1048576,1280,4,6,0.38,10486,0.00829677665,0,0,2,2
2,4,1048576,1280,4,6,0.39,10486,0.00638947168,0,0,1,2
2,4,1048576,1280,4,6,0.4,10486,0.00867823765,0,0,2,2
2,4,1048576,1280,4,6,0.41,10485,0.00944206009,0,0,2,3
2,4,1048576,1280,4,6,0.42,10486,0.0131604043,0,1,2,3
2,4,1048576,1280,4,6,0.43,10486,0.0123021171,0,1,2,3
2,4,1048576,1280,4,6,0.44,10486,0.0148769788,0,1,2,3
2,4,1048576,1280,4,6,0.45,10485,0.0159275155,0,1,2,3
2,4,1048576,1280,4,6,0.46,10486,0.0205035285,0,1,2,4
2,4,1048576,1280,4,6,0.47,10486,0.022601564,0,1,2,4
2,4,1048576,1280,4,6,0.48,10486,0.0274651917,0,1,2,5
2,4,1048576,1280,4,6,0.49,10485,0.0297567954,0,1,3,3
2,4,1048576,1280,4,6,0.5,10486,0.0291817662,0,1,2,4
2,4,1048576,1280,4,6,0.51,10486,0.0383368301,0,1,2,4
2,4,1048576,1280,4,6,0.52,10486,0.045584589,0,1,3,6
2,4,1048576,1280,4,6,0.53,10486,0.0483501812,0,1,3,5
2,4,1048576,1280,4,6,0.54,10485,0.055126371,0,2,3,5
2,4,1048576,1280,4,6,0.55,10486,0.0618920465,0,2,3,8
2,4,1048576,1280,4,6,0.56,10486,0.0729544154,0,2,4,7
2,4,1048576,1280,4,6,0.57,10486,0.0740987984,0,2,4,5
2,4,1048576,1280,4,6,0.58,10485,0.092513114,0,2,4,9
2,4,1048576,1280,4,6,0.59,10486,0.0930764829,0,2,4,7
2,4,1048576,1280,4,6,0.6,10486,0.11300782,0,2,5,7
2,4,1048576,1280,4,6,0.61,10486,0.117108526,0,2,5,7
2,4,1048576,1280,4,6,0.62,10485,0.141440153,0,3,5,9
2,4,1048576,1280,4,6,0.63,10486,0.154014877,0,3,5,10
2,4,1048576,1280,4,6,0.64,10486,0.167461377,0,3,6,9
2,4,1048576,1280,4,6,0.65,10486,0.179954225,0,3,6,10
2,4,1048576,1280,4,6,0.66,10485,0.217167382,0,4,7,11
2,4,1048576,1280,4,6,0.67,10486,0.237078009,0,4,7,11
2,4,1048576,1280,4,6,0.68,10486,0.256913981,0,4,6,10
2,4,1048576,1280,4,6,0.69,10486,0.301831013,0,5,8,12
2,4,1048576,1280,4,6,0.7,10485,0.319980925,0,5,8,12
2,4,1048576,1280,4,6,0.71,10486,0.356761396,0,5,8,13
2,4,1048576,1280,4,6,0.72,10486,0.384512684,0,5,9,17
2,4,1048576,1280,4,6,0.73,10486,0.446500095,0,6,9,18
2,4,1048576,1280,4,6,0.74,10485,0.487172151,0,6,11,16
2,4,1048576,1280,4,6,0.75,10486,0.576959756,0,7,11,18
2,4,1048576,1280,4,6,0.76,10486,0.653633416,0,7,12,20
2,4,1048576,1280,4,6,0.77,10486,0.730307076,0,8,13,20
2,4,1048576,1280,4,6,0.78,10486,0.808411215,0,8,14,22
2,4,1048576,1280,4,6,0.79,10485,0.929804483,0,9,14,24
2,4,1048576,1280,4,6,0.8,10486,0.988842266,0,9,16,21
2,4,1048576,1280,4,6,0.81,10486,1.16002289,0,11,18,26
2,4,1048576,1280,4,6,0.82,10486,1.36152966,0,12,20,29
2,4,1048576,1280,4,6,0.83,10485,1.59647115,0,13,21,43
2,4,1048576,1280,4,6,0.84,10486,1.77036048,0,15,24,52
2,4,1048576,1280,4,6,0.85,10486,2.07018882,0,17,27,47
2,4,1048576,1280,4,6,0.86,10486,2.46166317,0,19,29,39
2,4,1048576,1280,4,6,0.87,10485,2.92770625,0,22,40,61
2,4,1048576,1280,4,6,0.88,10486,3.49170322,1,26,40,48
2,4,1048576,1280,4,6,0.89,10486,4.22868587,1,30,48,63
2,4,1048576,1280,4,6,0.9,10486,5.30669464,2,37,56,84
2,4,1048576,1280,4,6,0.91,10485,6.91912256,2,46,67,104
2,4,1048576,1280,4,6,0.92,10486,9.10890711,4,60,85,124
2,4,1048576,1280,4,6,0.93,10486,12.6069998,6,77,123,157
2,4,1048576,1280,4,6,0.94,10486,19.1391379,10,116,188,300
2,4,1048576,1280,4,6,0.95,10485,31.6202194,17,189,295,362
2,4,1048576,1280,4,6,0.96,10486,77.5870685,43,463,765,1225
2,4,1048576,1280,4,6,0.97,1827,141.295019,87,742,1060,1213
2,4,1048576,1280,4,7,0,10486,0,0,0,0,0
2,4,1048576,1280,4,7,0.01,10486,0,0,0,0,0
2,4,1048576,1280,4,7,0.02,10486,0,0,0,0,0
2,4,1048576,1280,4,7,0.03,10486,0,0,0,0,0
2,4,1048576,1280,4,7,0.04,10485,0,0,0,0,0
2,4,1048576,1280,4,7,0.05,10486,0,0,0,0,0
2,4,1048576,1280,4,7,0.06,10486,0,0,0,0,0
2,4,1048576,1280,4,7,0.07,10486,0,0,0,0,0
2,4,1048576,1280,4,7,0.08,10485,0,0,0,0,0
2,4,1048576,1280,4,7,0.09,10486,0,0,0,0,0
2,4,1048576,1280,4,7,0.1,10486,0,0,0,0,0
2,4,1048576,1280,4,7,0.11,10486,0,0,0,0,0
2,4,1048576,1280,4,7,0.12,10485,0,0,0,0,0
2,4,1048576,1280,4,7,0.13,10486,0,0,0,0,0
2,4,1048576,1280,4,7,0.14,10486,0,0,0,0,0
2,4,1048576,1280,4,7,0.15,10486,0,0,0,0,0
2,4,1048576,1280,4,7,0.16,10485,0,0,0,0,0
2,4,1048576,1280,4,7,0.17,10486,0,0,0,0,0
2,4,1048576,1280,4,7,0.18,10486,9.53652489e-05,0,0,0,1
2,4,1048576,1280,4,7,0.19,10486,9.53652489e-05,0,0,0,1
2,4,1048576,1280,4,7,0.2,10485,9.53743443e-05,0,0,0,1
2,4,1048576,1280,4,7,0.21,10486,0,0,0,0,0
2,4,1048576,1280,4,7,0.22,10486,9.53652489e-05,0,0,0,1
2,4,1048576,1280,4,7,0.23,10486,0.000572191493,0,0,0,1
2,4,1048576,1280,4,7,0.24,10485,0.00066762041,0,0,0,1
2,4,1048576,1280,4,7,0.25,10486,0.000476826245,0,0,0,1
2,4,1048576,1280,4,7,0.26,10486,0.000476826245,0,0,0,1
2,4,1048576,1280,4,7,0.27,10486,0.00123974824,0,0,1,2
2,4,1048576,1280,4,7,0.28,10486,0.00143047873,0,0,1,2
2,4,1048576,1280,4,7,0.29,10485,0.00152598951,0,0,1,1
2,4,1048576,1280,4,7,0.3,10486,0.00257486172,0,0,1,2
2,4,1048576,1280,4,7,0.31,10486,0.00219340072,0,0,1,2
2,4,1048576,1280,4,7,0.32,10486,0.00162120923,0,0,1,2
2,4,1048576,1280,4,7,0.33,10485,0.00190748689,0,0,1,1
2,4,1048576,1280,4,7,0.34,10486,0.00352851421,0,0,1,3
2,4,1048576,1280,4,7,0.35,10486,0.00286095747,0,0,1,2
2,4,1048576,1280,4,7,0.36,10486,0.00457753195,0,0,1,2
2,4,1048576,1280,4,7,0.37,10485,0.00467334287,0,0,1,3
2,4,1048576,1280,4,7,0.38,10486,0.00781995041,0,0,1,3
2,4,1048576,1280,4,7,0.39,10486,0.00658020217,0,0,1,3
2,4,1048576,1280,4,7,0.4,10486,0.0087736029,0,0,1,3
2,4,1048576,1280,4,7,0.41,10485,0.00963280877,0,0,1,2
2,4,1048576,1280,4,7,0.42,10486,0.0114438299,0,1,2,2
2,4,1048576,1280,4,7,0.43,10486,0.0126835781,0,1,2,3
2,4,1048576,1280,4,7,0.44,10486,0.0138279611,0,1,2,3
2,4,1048576,1280,4,7,0.45,10485,0.0181211254,0,1,2,5
2,4,1048576,1280,4,7,0.46,10486,0.0209803548,0,1,2,5
2,4,1048576,1280,4,7,0.47,10486,0.0225061987,0,1,2,3
2,4,1048576,1280,4,7,0.48,10486,0.0239366775,0,1,2,4
2,4,1048576,1280,4,7,0.49,10485,0.0279446829,0,1,2,4
2,4,1048576,1280,4,7,0.5,10486,0.0364295251,0,1,2,5
2,4,1048576,1280,4,7,0.51,10486,0.0415792485,0,1,3,4
2,4,1048576,1280,4,7,0.52,10486,0.04215144,0,1,3,5
2,4,1048576,1280,4,7,0.53,10486,0.0538813656,0,2,3,5
2,4,1048576,1280,4,7,0.54,10485,0.0535050072,0,1,3,8
2,4,1048576,1280,4,7,0.55,10486,0.0631317948,0,2,3,6
2,4,1048576,1280,4,7,0.56,10486,0.0688537097,0,2,4,6
2,4,1048576,1280,4,7,0.57,10486,0.0870684722,0,2,4,7
2,4,1048576,1280,4,7,0.58,10485,0.0834525513,0,2,4,7
2,4,1048576,1280,4,7,0.59,10486,0.0985123021,0,2,4,5
2,4,1048576,1280,4,7,0.6,10486,0.112626359,0,2,5,8
2,4,1048576,1280,4,7,0.61,10486,0.122067519,0,2,5,11
2,4,1048576,1280,4,7,0.62,10485,0.138674297,0,3,5,9
2,4,1048576,1280,4,7,0.63,10486,0.15534999,0,3,5,8
2,4,1048576,1280,4,7,0.64,10486,0.167079916,0,3,5,9
2,4,1048576,1280,4,7,0.65,10486,0.188727828,0,3,6,10
2,4,1048576,1280,4,7,0.66,10485,0.209060563,0,4,6,8
2,4,1048576,1280,4,7,0.67,10486,0.235361434,0,4,6,11
2,4,1048576,1280,4,7,0.68,10486,0.254529849,0,4,7,11
2,4,1048576,1280,4,7,0.69,10486,0.300972726,0,4,7,13
2,4,1048576,1280,4,7,0.7,10485,0.331044349,0,4,8,10
2,4,1048576,1280,4,7,0.71,10486,0.360576006,0,5,8,11
2,4,1048576,1280,4,7,0.72,10486,0.389185581,0,5,8,15
2,4,1048576,1280,4,7,0.73,10486,0.455559794,0,6,9,14
2,4,1048576,1280,4,7,0.74,10485,0.50405341,0,6,9,15
2,4,1048576,1280,4,7,0.75,10486,0.594030135,0,7,12,22
2,4,1048576,1280,4,7,0.76,10486,0.632939157,0,7,11,19
2,4,1048576,1280,4,7,0.77,10486,0.72019836,0,8,13,19
2,4,1048576,1280,4,7,0.78,10486,0.827293534,0,8,14,19
2,4,1048576,1280,4,7,0.79,10485,0.914544588,0,9,14,33
2,4,1048576,1280,4,7,0.8,10486,1.02231547,0,10,15,20
2,4,1048576,1280,4,7,0.81,10486,1.24766355,0,11,19,25
2,4,1048576,1280,4,7,0.82,10486,1.39977112,0,13,19,23
2,4,1048576,1280,4,7,0.83,10485,1.54248927,0,14,21,30
2,4,1048576,1280,4,7,0.84,10486,1.79200839,0,14,23,34
2,4,1048576,1280,4,7,0.85,10486,2.16784284,0,18,29,38
2,4,1048576,1280,4,7,0.86,10486,2.53080298,0,20,32,107
2,4,1048576,1280,4,7,0.87,10485,3.01144492,0,22,34,58
2,4,1048576,1280,4,7,0.88,10486,3.57695976,1,26,40,47
2,4,1048576,1280,4,7,0.89,10486,4.36248331,1,30,43,64
2,4,1048576,1280,4,7,0.9,10486,5.48321572,2,37,59,81
2,4,1048576,1280,4,7,0.91,10485,6.93180734,3,45,72,92
2,4,1048576,1280,4,7,0.92,10486,9.11148198,4,56,95,161
2,4,1048576,1280,4,7,0.93,10486,13.0903109,6,79,135,259
2,4,1048576,1280,4,7,0.94,10486,19.8280565,10,124,196,247
2,4,1048576,1280,4,7,0.95,10485,34.5500238,19,198,290,453
2,4,1048576,1280,4,7,0.96,9288,78.8942722,45,465,741,1216
2,4,1048576,1280,4,8,0,10486,0,0,0,0,0
2,4,1048576,1280,4,8,0.01,10486,0,0,0,0,0
2,4,1048576,1280,4,8,0.02,10486,0,0,0,0,0
2,4,1048576,1280,4,8,0.03,10486,0,0,0,0,0
2,4,1048576,1280,4,8,0.04,10485,0,0,0,0,0
2,4,1048576,1280,4,8,0.05,10486,0,0,0,0,0
2,4,1048576,1280,4,8,0.06,10486,0,0,0,0,0
2,4,1048576,1280,4,8,0.07,10486,0,0,0,0,0
2,4,1048576,1280,4,8,0.08,10485,0,0,0,0,0
2,4,1048576,1280,4,8,0.09,10486,0,0,0,0,0
2,4,1048576,1280,4,8,0.1,10486,0,0,0,0,0
2,4,1048576,1280,4,8,0.11,10486,0,0,0,0,0
2,4,1048576,1280,4,8,0.12,10485,0,0,0,0,0
2,4,1048576,1280,4,8,0.13,10486,0,0,0,0,0
2,4,1048576,1280,4,8,0.14,10486,0,0,0,0,0
2,4,1048576,1280,4,8,0.15,10486,0,0,0,0,0
2,4,1048576,1280,4,8,0.16,10485,0.000190748689,0,0,0,1
2,4,1048576,1280,4,8,0.17,10486,0,0,0,0,0
2,4,1048576,1280,4,8,0.18,10486,0,0,0,0,0
2,4,1048576,1280,4,8,0.19,10486,0.000381460996,0,0,0,1
2,4,1048576,1280,4,8,0.2,10485,9.53743443e-05,0,0,0,1
2,4,1048576,1280,4,8,0.21,10486,0.000286095747,0,0,0,1
2,4,1048576,1280,4,8,0.22,10486,0.000190730498,0,0,0,1
2,4,1048576,1280,4,8,0.23,10486,0.000190730498,0,0,0,2
2,4,1048576,1280,4,8,0.24,10485,0.000476871722,0,0,0,1
2,4,1048576,1280,4,8,0.25,10486,0.000572191493,0,0,0,1
2,4,1048576,1280,4,8,0.26,10486,0.000381460996,0,0,0,1
2,4,1048576,1280,4,8,0.27,10486,0.00104901774,0,0,1,1
2,4,1048576,1280,4,8,0.28,10486,0.000572191493,0,0,0,2
2,4,1048576,1280,4,8,0.29,10485,0.000858369099,0,0,0,1
2,4,1048576,1280,4,8,0.3,10486,0.00162120923,0,0,1,2
2,4,1048576,1280,4,8,0.31,10486,0.00123974824,0,0,1,2
2,4,1048576,1280,4,8,0.32,10486,0.00305168796,0,0,1,2
2,4,1048576,1280,4,8,0.33,10485,0.00324272771,0,0,1,2
2,4,1048576,1280,4,8,0.34,10486,0.00257486172,0,0,1,3
2,4,1048576,1280,4,8,0.35,10486,0.00438680145,0,0,1,2
2,4,1048576,1280,4,8,0.36,10486,0.0046728972,0,0,1,2
2,4,1048576,1280,4,8,0.37,10485,0.00486409156,0,0,1,1
2,4,1048576,1280,4,8,0.38,10486,0.00686629792,0,0,1,2
2,4,1048576,1280,4,8,0.39,10486,0.00705702842,0,0,1,3
2,4,1048576,1280,4,8,0.4,10486,0.00753385466,0,0,1,3
2,4,1048576,1280,4,8,0.41,10485,0.00963280877,0,0,1,4
2,4,1048576,1280,4,8,0.42,10486,0.0101087164,0,0,2,3
2,4,1048576,1280,4,8,0.43,10486,0.0150677093,0,1,2,3
2,4,1048576,1280,4,8,0.44,10486,0.0173564753,0,1,2,3
2,4,1048576,1280,4,8,0.45,10485,0.0186933715,0,1,2,3
2,4,1048576,1280,4,8,0.46,10486,0.0202174328,0,1,2,3
2,4,1048576,1280,4,8,0.47,10486,0.022983025,0,1,2,7
2,4,1048576,1280,4,8,0.48,10486,0.0267976349,0,1,2,4
2,4,1048576,1280,4,8,0.49,10485,0.0327134001,0,1,2,5
2,4,1048576,1280,4,8,0.5,10486,0.0350944116,0,1,3,8
2,4,1048576,1280,4,8,0.51,10486,0.0432004578,0,1,3,7
2,4,1048576,1280,4,8,0.52,10486,0.0422468053,0,1,3,4
2,4,1048576,1280,4,8,0.53,10486,0.0525462521,0,1,3,4
2,4,1048576,1280,4,8,0.54,10485,0.0536003815,0,2,3,6
2,4,1048576,1280,4,8,0.55,10486,0.060938394,0,2,3,5
2,4,1048576,1280,4,8,0.56,10486,0.0686629792,0,2,4,6
2,4,1048576,1280,4,8,0.57,10486,0.0880221247,0,2,4,7
2,4,1048576,1280,4,8,0.58,10485,0.0818311874,0,2,4,5
2,4,1048576,1280,4,8,0.59,10486,0.101754721,0,2,4,7
2,4,1048576,1280,4,8,0.6,10486,0.108716384,0,2,5,8
2,4,1048576,1280,4,8,0.61,10486,0.120541675,0,3,4,7
2,4,1048576,1280,4,8,0.62,10485,0.130662852,0,3,5,7
2,4,1048576,1280,4,8,0.63,10486,0.145813466,0,3,5,7
2,4,1048576,1280,4,8,0.64,10486,0.165267976,0,3,6,10
2,4,1048576,1280,4,8,0.65,10486,0.188251001,0,3,6,8
2,4,1048576,1280,4,8,0.66,10485,0.220314735,0,4,6,10
2,4,1048576,1280,4,8,0.67,10486,0.236410452,0,4,7,12
2,4,1048576,1280,4,8,0.68,10486,0.253480832,0,4,7,13
2,4,1048576,1280,4,8,0.69,10486,0.292962045,0,4,8,12
2,4,1048576,1280,4,8,0.7,10485,0.327706247,0,5,8,11
2,4,1048576,1280,4,8,0.71,10486,0.358954797,0,5,9,15
2,4,1048576,1280,4,8,0.72,10486,0.40244135,0,5,9,14
2,4,1048576,1280,4,8,0.73,10486,0.438680145,0,5,10,13
2,4,1048576,1280,4,8,0.74,10485,0.512064855,0,6,10,14
2,4,1048576,1280,4,8,0.75,10486,0.572096128,0,7,11,15
2,4,1048576,1280,4,8,0.76,10486,0.627980164,0,7,13,17
2,4,1048576,1280,4,8,0.77,10486,0.714762541,0,8,13,27
2,4,1048576,1280,4,8,0.78,10486,0.790291818,0,8,15,23
2,4,1048576,1280,4,8,0.79,10485,0.941440153,0,10,15,28
2,4,1048576,1280,4,8,0.8,10486,1.07657829,0,10,17,30
2,4,1048576,1280,4,8,0.81,10486,1.16707992,0,11,17,25
2,4,1048576,1280,4,8,0.82,10486,1.37497616,0,12,20,30
2,4,1048576,1280,4,8,0.83,10485,1.55393419,0,13,21,30
2,4,1048576,1280,4,8,0.84,10486,1.83463666,0,15,23,29
2,4,1048576,1280,4,8,0.85,10486,2.11071905,0,17,26,37
2,4,1048576,1280,4,8,0.86,10486,2.44249475,0,19,31,45
2,4,1048576,1280,4,8,0.87,10485,2.89976156,0,21,33,51
2,4,1048576,1280,4,8,0.88,10486,3.45851612,1,25,41,56
2,4,1048576,1280,4,8,0.89,10486,4.34541293,1,31,46,64
2,4,1048576,1280,4,8,0.9,10486,5.53108907,2,37,56,80
2,4,1048576,1280,4,8,0.91,10485,6.96270863,3,44,70,131
2,4,1048576,1280,4,8,0.92,10486,9.39338165,4,61,100,139
2,4,1048576,1280,4,8,0.93,10486,13.0534045,6,81,124,164
2,4,1048576,1280,4,8,0.94,10486,19.6726111,10,117,187,251
2,4,1048576,1280,4,8,0.95,10485,35.1693848,20,200,308,411
2,4,1048576,1280,4,8,0.96,10418,81.4489345,44,503,785,1252
2,4,1048576,1280,4,9,0,10486,0,0,0,0,0
2,4,1048576,1280,4,9,0.01,10486,0,0,0,0,0
2,4,1048576,1280,4,9,0.02,10486,0,0,0,0,0
2,4,1048576,1280,4,9,0.03,10486,0,0,0,0,0
2,4,1048576,1280,4,9,0.04,10485,0,0,0,0,0
2,4,1048576,1280,4,9,0.05,10486,0,0,0,0,0
2,4,1048576,1280,4,9,0.06,10486,0,0,0,0,0
2,4,1048576,1280,4,9,0.07,10486,0,0,0,0,0
2,4,1048576,1280,4,9,0.08,10485,0,0,0,0,0
2,4,1048576,1280,4,9,0.09,10486,0,0,0,0,0
2,4,1048576,1280,4,9,0.1,10486,0,0,0,0,0
2,4,1048576,1280,4,9,0.11,10486,0,0,0,0,0
2,4,1048576,1280,4,9,0.12,10485,0,0,0,0,0
2,4,1048576,1280,4,9,0.13,10486,0,0,0,0,0
2,4,1048576,1280,4,9,0.14,10486,0,0,0,0,0
2,4,1048576,1280,4,9,0.15,10486,0,0,0,0,0
2,4,1048576,1280,4,9,0.16,10485,0,0,0,0,0
2,4,1048576,1280,4,9,0.17,10486,0,0,0,0,0
2,4,1048576,1280,4,9,0.18,10486,0,0,0,0,0
2,4,1048576,1280,4,9,0.19,10486,0,0,0,0,0
2,4,1048576,1280,4,9,0.2,10485,9.53743443e-05,0,0,0,1
2,4,1048576,1280,4,9,0.21,10486,9.53652489e-05,0,0,0,1
2,4,1048576,1280,4,9,0.22,10486,0.000286095747,0,0,0,1
2,4,1048576,1280,4,9,0.23,10486,0.000572191493,0,0,0,1
2,4,1048576,1280,4,9,0.24,10485,0.000476871722,0,0,0,1
2,4,1048576,1280,4,9,0.25,10486,0.000286095747,0,0,0,1
2,4,1048576,1280,4,9,0.26,10486,0.000476826245,0,0,0,1
2,4,1048576,1280,4,9,0.27,10486,0.000667556742,0,0,0,1
2,4,1048576,1280,4,9,0.28,10486,0.000667556742,0,0,0,1
2,4,1048576,1280,4,9,0.29,10485,0.000762994754,0,0,0,1
2,4,1048576,1280,4,9,0.3,10486,0.00171657448,0,0,1,2
2,4,1048576,1280,4,9,0.31,10486,0.00190730498,0,0,1,2
2,4,1048576,1280,4,9,0.32,10486,0.00171657448,0,0,1,2
2,4,1048576,1280,4,9,0.33,10485,0.00200286123,0,0,1,2
2,4,1048576,1280,4,9,0.34,10486,0.00286095747,0,0,1,2
2,4,1048576,1280,4,9,0.35,10486,0.00390997521,0,0,1,3
2,4,1048576,1280,4,9,0.36,10486,0.00457753195,0,0,1,3
2,4,1048576,1280,4,9,0.37,10485,0.00524558894,0,0,1,2
2,4,1048576,1280,4,9,0.38,10486,0.00658020217,0,0,1,3
2,4,1048576,1280,4,9,0.39,10486,0.00619874118,0,0,1,3
2,4,1048576,1280,4,9,0.4,10486,0.0085828724,0,0,2,3
2,4,1048576,1280,4,9,0.41,10485,0.0092513114,0,0,1,3
2,4,1048576,1280,4,9,0.42,10486,0.0106809079,0,0,2,2
2,4,1048576,1280,4,9,0.43,10486,0.0125882129,0,1,2,3
2,4,1048576,1280,4,9,0.44,10486,0.0156399008,0,1,2,4
2,4,1048576,1280,4,9,0.45,10485,0.0164997616,0,1,2,4
2,4,1048576,1280,4,9,0.46,10486,0.0205988938,0,1,2,3
2,4,1048576,1280,4,9,0.47,10486,0.0246042342,0,1,2,4
2,4,1048576,1280,4,9,0.48,10486,0.0282281137,0,1,3,4
2,4,1048576,1280,4,9,0.49,10485,0.0299475441,0,1,2,4
2,4,1048576,1280,4,9,0.5,10486,0.0321380889,0,1,3,5
2,4,1048576,1280,4,9,0.51,10486,0.0370970818,0,1,3,5
2,4,1048576,1280,4,9,0.52,10486,0.0422468053,0,1,3,5
2,4,1048576,1280,4,9,0.53,10486,0.04215144,0,1,3,4
2,4,1048576,1280,4,9,0.54,10485,0.0535050072,0,2,4,7
2,4,1048576,1280,4,9,0.55,10486,0.0644669083,0,2,4,5
2,4,1048576,1280,4,9,0.56,10486,0.0691398055,0,2,4,5
2,4,1048576,1280,4,9,0.57,10486,0.0796299828,0,2,4,8
2,4,1048576,1280,4,9,0.58,10485,0.0939437291,0,2,4,6
2,4,1048576,1280,4,9,0.59,10486,0.0961281709,0,2,4,7
2,4,1048576,1280,4,9,0.6,10486,0.101087164,0,2,4,5
2,4,1048576,1280,4,9,0.61,10486,0.127503338,0,3,5,7
2,4,1048576,1280,4,9,0.62,10485,0.13237959,0,2,5,9
2,4,1048576,1280,4,9,0.63,10486,0.155540721,0,3,5,12
2,4,1048576,1280,4,9,0.64,10486,0.168319664,0,3,5,10
2,4,1048576,1280,4,9,0.65,10486,0.177570093,0,3,6,8
2,4,1048576,1280,4,9,0.66,10485,0.21010968,0,3,6,12
2,4,1048576,1280,4,9,0.67,10486,0.239271409,0,4,7,11
2,4,1048576,1280,4,9,0.68,10486,0.259107381,0,4,7,9
2,4,1048576,1280,4,9,0.69,10486,0.287335495,0,4,7,10
2,4,1048576,1280,4,9,0.7,10485,0.318454936,0,5,8,14
2,4,1048576,1280,4,9,0.71,10486,0.364390616,0,5,9,14
2,4,1048576,1280,4,9,0.72,10486,0.407018882,0,5,9,14
2,4,1048576,1280,4,9,0.73,10486,0.445546443,0,5,9,16
2,4,1048576,1280,4,9,0.74,10485,0.511683357,0,6,10,24
2,4,1048576,1280,4,9,0.75,10486,0.562559603,0,6,11,16
2,4,1048576,1280,4,9,0.76,10486,0.654110242,0,7,12,15
2,4,1048576,1280,4,9,0.77,10486,0.717909594,0,7,12,19
2,4,1048576,1280,4,9,0.78,10486,0.846461949,0,9,14,21
2,4,1048576,1280,4,9,0.79,10485,0.932093467,0,9,16,27
2,4,1048576,1280,4,9,0.8,10486,1.06112912,0,10,16,24
2,4,1048576,1280,4,9,0.81,10486,1.21380889,0,11,19,27
2,4,1048576,1280,4,9,0.82,10486,1.42609193,0,12,20,28
2,4,1048576,1280,4,9,0.83,10485,1.56251788,0,14,22,29
2,4,1048576,1280,4,9,0.84,10486,1.86763303,0,15,25,50
2,4,1048576,1280,4,9,0.85,10486,2.15306122,0,17,27,35
2,4,1048576,1280,4,9,0.86,10486,2.54091169,0,21,34,52
2,4,1048576,1280,4,9,0.87,10485,2.95231283,0,22,37,43
2,4,1048576,1280,4,9,0.88,10486,3.4868396,1,26,44,65
2,4,1048576,1280,4,9,0.89,10486,4.41216861,1,30,48,84
2,4,1048576,1280,4,9,0.9,10486,5.38680145,2,37,58,89
2,4,1048576,1280,4,9,0.91,10485,6.99685265,3,47,75,121
2,4,1048576,1280,4,9,0.92,10486,9.4212283,4,59,98,128
2,4,1048576,1280,4,9,0.93,10486,13.1341789,6,80,128,187
2,4,1048576,1280,4,9,0.94,10486,19.9285714,11,117,177,232
2,4,1048576,1280,4,9,0.95,10485,35.0977587,19,204,329,596
2,4,1048576,1280,4,9,0.96,9736,76.7558546,42,461,710,984
2,4,1048576,1280,4,10,0,10486,0,0,0,0,0
2,4,1048576,1280,4,10,0.01,10486,0,0,0,0,0
2,4,1048576,1280,4,10,0.02,10486,0,0,0,0,0
2,4,1048576,1280,4,10,0.03,10486,0,0,0,0,0
2,4,1048576,1280,4,10,0.04,10485,0,0,0,0,0
2,4,1048576,1280,4,10,0.05,10486,0,0,0,0,0
2,4,1048576,1280,4,10,0.06,10486,0,0,0,0,0
2,4,1048576,1280,4,10,0.07,10486,0,0,0,0,0
2,4,1048576,1280,4,10,0.08,10485,0,0,0,0,0
2,4,1048576,1280,4,10,0.09,10486,0,0,0,0,0
2,4,1048576,1280,4,10,0.1,10486,0,0,0,0,0
2,4,1048576,1280,4,10,0.11,10486,0,0,0,0,0
2,4,1048576,1280,4,10,0.12,10485,0,0,0,0,0
2,4,1048576,1280,4,10,0.13,10486,0,0,0,0,0
2,4,1048576,1280,4,10,0.14,10486,0.000190730498,0,0,0,1
2,4,1048576,1280,4,10,0.15,10486,0,0,0,0,0
2,4,1048576,1280,4,10,0.16,10485,0,0,0,0,0
2,4,1048576,1280,4,10,0.17,10486,9.53652489e-05,0,0,0,1
2,4,1048576,1280,4,10,0.18,10486,0,0,0,0,0
2,4,1048576,1280,4,10,0.19,10486,0,0,0,0,0
2,4,1048576,1280,4,10,0.2,10485,0.000190748689,0,0,0,1
2,4,1048576,1280,4,10,0.21,10486,0.000190730498,0,0,0,1
2,4,1048576,1280,4,10,0.22,10486,0.000381460996,0,0,0,2
2,4,1048576,1280,4,10,0.23,10486,0.000381460996,0,0,0,1
2,4,1048576,1280,4,10,0.24,10485,0.000381497377,0,0,0,1
2,4,1048576,1280,4,10,0.25,10486,0.000667556742,0,0,0,1
2,4,1048576,1280,4,10,0.26,10486,0.000572191493,0,0,0,1
2,4,1048576,1280,4,10,0.27,10486,0.000381460996,0,0,0,1
2,4,1048576,1280,4,10,0.28,10486,0.00133511348,0,0,1,1
2,4,1048576,1280,4,10,0.29,10485,0.00066762041,0,0,0,1
2,4,1048576,1280,4,10,0.3,10486,0.00190730498,0,0,1,2
2,4,1048576,1280,4,10,0.31,10486,0.00190730498,0,0,1,2
2,4,1048576,1280,4,10,0.32,10486,0.00219340072,0,0,1,2
2,4,1048576,1280,4,10,0.33,10485,0.00247973295,0,0,1,2
2,4,1048576,1280,4,10,0.34,10486,0.00400534045,0,0,1,2
2,4,1048576,1280,4,10,0.35,10486,0.00333778371,0,0,1,3
2,4,1048576,1280,4,10,0.36,10486,0.00486362769,0,0,1,4
2,4,1048576,1280,4,10,0.37,10485,0.00457796853,0,0,1,2
2,4,1048576,1280,4,10,0.38,10486,0.00705702842,0,0,1,4
2,4,1048576,1280,4,10,0.39,10486,0.00772458516,0,0,1,3
2,4,1048576,1280,4,10,0.4,10486,0.0089643334,0,0,1,4
2,4,1048576,1280,4,10,0.41,10485,0.00944206009,0,0,1,2
2,4,1048576,1280,4,10,0.42,10486,0.0114438299,0,0,2,4
2,4,1048576,1280,4,10,0.43,10486,0.0146862483,0,1,2,5
2,4,1048576,1280,4,10,0.44,10486,0.0162120923,0,1,2,3
2,4,1048576,1280,4,10,0.45,10485,0.0185026228,0,1,2,5
2,4,1048576,1280,4,10,0.46,10486,0.0208849895,0,1,2,3
2,4,1048576,1280,4,10,0.47,10486,0.02107572,0,1,2,4
2,4,1048576,1280,4,10,0.48,10486,0.0267976349,0,1,2,4
2,4,1048576,1280,4,10,0.49,10485,0.0330948975,0,1,3,4
2,4,1048576,1280,4,10,0.5,10486,0.0349036811,0,1,3,4
2,4,1048576,1280,4,10,0.51,10486,0.0386229258,0,1,3,4
2,4,1048576,1280,4,10,0.52,10486,0.0443448407,0,1,3,5
2,4,1048576,1280,4,10,0.53,10486,0.0538813656,0,2,4,5
2,4,1048576,1280,4,10,0.54,10485,0.0555078684,0,2,3,5
2,4,1048576,1280,4,10,0.55,10486,0.0631317948,0,2,3,7
2,4,1048576,1280,4,10,0.56,10486,0.0742895289,0,2,4,5
2,4,1048576,1280,4,10,0.57,10486,0.0786763303,0,2,3,5
2,4,1048576,1280,4,10,0.58,10485,0.0865045303,0,2,4,8
2,4,1048576,1280,4,10,0.59,10486,0.103471295,0,2,4,9
2,4,1048576,1280,4,10,0.6,10486,0.105283235,0,2,4,7
2,4,1048576,1280,4,10,0.61,10486,0.121113866,0,2,5,9
2,4,1048576,1280,4,10,0.62,10485,0.141249404,0,3,6,7
2,4,1048576,1280,4,10,0.63,10486,0.144287622,0,3,5,9
2,4,1048576,1280,4,10,0.64,10486,0.17222964,0,3,6,9
2,4,1048576,1280,4,10,0.65,10486,0.17623498,0,3,6,8
2,4,1048576,1280,4,10,0.66,10485,0.202765856,0,3,6,8
2,4,1048576,1280,4,10,0.67,10486,0.24508869,0,4,7,12
2,4,1048576,1280,4,10,0.68,10486,0.258153729,0,4,7,9
2,4,1048576,1280,4,10,0.69,10486,0.287144764,0,4,7,12
2,4,1048576,1280,4,10,0.7,10485,0.327801621,0,4,7,11
2,4,1048576,1280,4,10,0.71,10486,0.368777418,0,5,8,14
2,4,1048576,1280,4,10,0.72,10486,0.399485028,0,5,9,14
2,4,1048576,1280,4,10,0.73,10486,0.440873546,0,6,9,17
2,4,1048576,1280,4,10,0.74,10485,0.50538865,0,6,10,20
2,4,1048576,1280,4,10,0.75,10486,0.5672325,0,6,12,19
2,4,1048576,1280,4,10,0.76,10486,0.6457181,0,7,11,21
2,4,1048576,1280,4,10,0.77,10486,0.74709136,0,8,13,16
2,4,1048576,1280,4,10,0.78,10486,0.797825672,0,9,16,26
2,4,1048576,1280,4,10,0.79,10485,0.926275632,0,9,15,22
2,4,1048576,1280,4,10,0.8,10486,1.02822811,0,10,16,29
2,4,1048576,1280,4,10,0.81,10486,1.22601564,0,11,19,29
2,4,1048576,1280,4,10,0.82,10486,1.40434866,0,13,21,31
2,4,1048576,1280,4,10,0.83,10485,1.57482117,0,14,23,34
2,4,1048576,1280,4,10,0.84,10486,1.83368301,0,16,24,37
2,4,1048576,1280,4,10,0.85,10486,2.06275033,0,17,27,37
2,4,1048576,1280,4,10,0.86,10486,2.5450124,0,20,30,38
2,4,1048576,1280,4,10,0.87,10485,3.03519313,1,22,38,64
2,4,1048576,1280,4,10,0.88,10486,3.60299447,1,26,45,65
2,4,1048576,1280,4,10,0.89,10486,4.4374404,1,30,46,77
2,4,1048576,1280,4,10,0.9,10486,5.48817471,2,38,55,84
2,4,1048576,1280,4,10,0.91,10485,6.9059609,2,46,70,87
2,4,1048576,1280,4,10,0.92,10486,9.02775129,4,58,87,199
2,4,1048576,1280,4,10,0.93,10486,12.8447454,6,78,118,150
2,4,1048576,1280,4,10,0.94,10486,20.2476636,10,121,186,263
2,4,1048576,1280,4,10,0.95,10485,34.5800668,19,203,328,500
2,4,1048576,1280,4,10,0.96,10415,83.8327412,48,491,829,1202
2,4,1048576,1280,4,11,0,10486,0,0,0,0,0
2,4,1048576,1280,4,11,0.01,10486,0,0,0,0,0
2,4,1048576,1280,4,11,0.02,10486,0,0,0,0,0
2,4,1048576,1280,4,11,0.03,10486,0,0,0,0,0
2,4,1048576,1280,4,11,0.04,10485,0,0,0,0,0
2,4,1048576,1280,4,11,0.05,10486,0,0,0,0,0
2,4,1048576,1280,4,11,0.06,10486,0,0,0,0,0
2,4,1048576,1280,4,11,0.07,10486,0,0,0,0,0
2,4,1048576,1280,4,11,0.08,10485,0,0,0,0,0
2,4,1048576,1280,4,11,0.09,10486,0,0,0,0,0
2,4,1048576,1280,4,11,0.1,10486,0,0,0,0,0
2,4,1048576,1280,4,11,0.11,10486,0,0,0,0,0
2,4,1048576,1280,4,11,0.12,10485,0,0,0,0,0
2,4,1048576,1280,4,11,0.13,10486,0,0,0,0,0
2,4,1048576,1280,4,11,0.14,10486,0,0,0,0,0
2,4,1048576,1280,4,11,0.15,10486,0,0,0,0,0
2,4,1048576,1280,4,11,0.16,10485,9.53743443e-05,0,0,0,1
2,4,1048576,1280,4,11,0.17,10486,0,0,0,0,0
2,4,1048576,1280,4,11,0.18,10486,0,0,0,0,0
2,4,1048576,1280,4,11,0.19,10486,0.000190730498,0,0,0,1
2,4,1048576,1280,4,11,0.2,10485,9.53743443e-05,0,0,0,1
2,4,1048576,1280,4,11,0.21,10486,9.53652489e-05,0,0,0,1
2,4,1048576,1280,4,11,0.22,10486,0,0,0,0,0
2,4,1048576,1280,4,11,0.23,10486,0.000190730498,0,0,0,1
2,4,1048576,1280,4,11,0.24,10485,0.00066762041,0,0,0,2
2,4,1048576,1280,4,11,0.25,10486,0.000762921991,0,0,0,1
2,4,1048576,1280,4,11,0.26,10486,0.000286095747,0,0,0,1
2,4,1048576,1280,4,11,0.27,10486,0.000953652489,0,0,0,1
2,4,1048576,1280,4,11,0.28,10486,0.000953652489,0,0,0,2
2,4,1048576,1280,4,11,0.29,10485,0.00104911779,0,0,1,1
2,4,1048576,1280,4,11,0.3,10486,0.00219340072,0,0,1,2
2,4,1048576,1280,4,11,0.31,10486,0.00200267023,0,0,1,1
2,4,1048576,1280,4,11,0.32,10486,0.00295632272,0,0,1,3
2,4,1048576,1280,4,11,0.33,10485,0.00133524082,0,0,1,1
2,4,1048576,1280,4,11,0.34,10486,0.00219340072,0,0,1,1
2,4,1048576,1280,4,11,0.35,10486,0.00295632272,0,0,1,1
2,4,1048576,1280,4,11,0.36,10486,0.00495899294,0,0,1,2
2,4,1048576,1280,4,11,0.37,10485,0.00429184549,0,0,1,2
2,4,1048576,1280,4,11,0.38,10486,0.00638947168,0,0,1,2
2,4,1048576,1280,4,11,0.39,10486,0.00648483693,0,0,1,3
2,4,1048576,1280,4,11,0.4,10486,0.0089643334,0,0,1,4
2,4,1048576,1280,4,11,0.41,10485,0.0103958035,0,0,2,2
2,4,1048576,1280,4,11,0.42,10486,0.0132557696,0,1,2,3
2,4,1048576,1280,4,11,0.43,10486,0.0107762731,0,1,1,3
2,4,1048576,1280,4,11,0.44,10486,0.0153538051,0,1,2,7
2,4,1048576,1280,4,11,0.45,10485,0.0191702432,0,1,2,4
2,4,1048576,1280,4,11,0.46,10486,0.0197406065,0,1,2,3
2,4,1048576,1280,4,11,0.47,10486,0.023364486,0,1,2,4
2,4,1048576,1280,4,11,0.48,10486,0.0266069044,0,1,2,3
2,4,1048576,1280,4,11,0.49,10485,0.0281354316,0,1,3,4
2,4,1048576,1280,4,11,0.5,10486,0.0332824719,0,1,3,6
2,4,1048576,1280,4,11,0.51,10486,0.0420560748,0,1,3,4
2,4,1048576,1280,4,11,0.52,10486,0.0412931528,0,1,3,5
2,4,1048576,1280,4,11,0.53,10486,0.047110433,0,1,3,4
2,4,1048576,1280,4,11,0.54,10485,0.0556032427,0,2,3,5
2,4,1048576,1280,4,11,0.55,10486,0.06322716,0,2,3,5
2,4,1048576,1280,4,11,0.56,10486,0.0707610147,0,2,3,6
2,4,1048576,1280,4,11,0.57,10486,0.0761014686,0,2,4,5
2,4,1048576,1280,4,11,0.58,10485,0.0870767763,0,2,4,10
2,4,1048576,1280,4,11,0.59,10486,0.0980354759,0,2,4,7
2,4,1048576,1280,4,11,0.6,10486,0.108048827,0,2,5,6
2,4,1048576,1280,4,11,0.61,10486,0.114915125,0,2,4,6
2,4,1048576,1280,4,11,0.62,10485,0.14029566,0,3,5,13
2,4,1048576,1280,4,11,0.63,10486,0.14733931,0,3,5,9
2,4,1048576,1280,4,11,0.64,10486,0.169845508,0,3,7,9
2,4,1048576,1280,4,11,0.65,10486,0.187106618,0,3,5,9
2,4,1048576,1280,4,11,0.66,10485,0.228421555,0,4,6,10
2,4,1048576,1280,4,11,0.67,10486,0.233072668,0,4,6,9
2,4,1048576,1280,4,11,0.68,10486,0.258344459,0,4,7,9
2,4,1048576,1280,4,11,0.69,10486,0.302021743,0,4,7,15
2,4,1048576,1280,4,11,0.7,10485,0.326847878,0,5,8,10
2,4,1048576,1280,4,11,0.71,10486,0.355044822,0,5,9,14
2,4,1048576,1280,4,11,0.72,10486,0.397291627,0,5,9,12
2,4,1048576,1280,4,11,0.73,10486,0.45603662,0,6,9,15
2,4,1048576,1280,4,11,0.74,10485,0.51130186,0,6,10,14
2,4,1048576,1280,4,11,0.75,10486,0.554358192,0,6,11,19
2,4,1048576,1280,4,11,0.76,10486,0.629315278,0,7,12,18
2,4,1048576,1280,4,11,0.77,10486,0.730688537,0,8,14,17
2,4,1048576,1280,4,11,0.78,10486,0.800019073,0,8,14,24
2,4,1048576,1280,4,11,0.79,10485,0.934096328,0,9,15,23
2,4,1048576,1280,4,11,0.8,10486,1.07648293,0,11,17,25
2,4,1048576,1280,4,11,0.81,10486,1.18424566,0,11,18,25
2,4,1048576,1280,4,11,0.82,10486,1.36753767,0,12,20,34
2,4,1048576,1280,4,11,0.83,10485,1.55288507,0,13,20,24
2,4,1048576,1280,4,11,0.84,10486,1.81670799,0,15,25,35
2,4,1048576,1280,4,11,0.85,10486,2.12149533,0,17,27,33
2,4,1048576,1280,4,11,0.86,10486,2.43152775,0,19,29,41
2,4,1048576,1280,4,11,0.87,10485,2.93037673,0,22,36,47
2,4,1048576,1280,4,11,0.88,10486,3.61472439,1,27,40,57
2,4,1048576,1280,4,11,0.89,10486,4.30669464,1,30,51,62
2,4,1048576,1280,4,11,0.9,10486,5.42389853,2,38,59,117
2,4,1048576,1280,4,11,0.91,10485,6.95145446,3,46,72,93
2,4,1048576,1280,4,11,0.92,10486,9.31708945,4,59,95,161
2,4,1048576,1280,4,11,0.93,10486,12.8816517,6,75,118,151
2,4,1048576,1280,4,11,0.94,10486,19.7085638,10,119,186,218
2,4,1048576,1280,4,11,0.95,10485,35.1310443,19,205,324,627
2,4,1048576,1280,4,11,0.96,8776,75.170237,42,460,794,1134
2,4,1048576,1280,4,12,0,10486,0,0,0,0,0
2,4,1048576,1280,4,12,0.01,10486,0,0,0,0,0
2,4,1048576,1280,4,12,0.02,10486,0,0,0,0,0
2,4,1048576,1280,4,12,0.03,10486,0,0,0,0,0
2,4,1048576,1280,4,12,0.04,10485,0,0,0,0,0
2,4,1048576,1280,4,12,0.05,10486,0,0,0,0,0
2,4,1048576,1280,4,12,0.06,10486,0,0,0,0,0
2,4,1048576,1280,4,12,0.07,10486,0,0,0,0,0
2,4,1048576,1280,4,12,0.08,10485,0,0,0,0,0
2,4,1048576,1280,4,12,0.09,10486,0,0,0,0,0
2,4,1048576,1280,4,12,0.1,10486,0,0,0,0,0
2,4,1048576,1280,4,12,0.11,10486,0,0,0,0,0
2,4,1048576,1280,4,12,0.12,10485,0,0,0,0,0
2,4,1048576,1280,4,12,0.13,10486,0,0,0,0,0
2,4,1048576,1280,4,12,0.14,10486,0,0,0,0,0
2,4,1048576,1280,4,12,0.15,10486,0,0,0,0,0
2,4,1048576,1280,4,12,0.16,10485,9.53743443e-05,0,0,0,1
2,4,1048576,1280,4,12,0.17,10486,9.53652489e-05,0,0,0,1
2,4,1048576,1280,4,12,0.18,10486,0,0,0,0,0
2,4,1048576,1280,4,12,0.19,10486,0.000190730498,0,0,0,1
2,4,1048576,1280,4,12,0.2,10485,0.000286123033,0,0,0,1
2,4,1048576,1280,4,12,0.21,10486,0.000190730498,0,0,0,1
2,4,1048576,1280,4,12,0.22,10486,0.000190730498,0,0,0,1
2,4,1048576,1280,4,12,0.23,10486,0.000286095747,0,0,0,1
2,4,1048576,1280,4,12,0.24,10485,0,0,0,0,0
2,4,1048576,1280,4,12,0.25,10486,0.000476826245,0,0,0,1
2,4,1048576,1280,4,12,0.26,10486,0.000667556742,0,0,0,1
2,4,1048576,1280,4,12,0.27,10486,0.000953652489,0,0,0,3
2,4,1048576,1280,4,12,0.28,10486,0.000381460996,0,0,0,1
2,4,1048576,1280,4,12,0.29,10485,0.00066762041,0,0,0,1
2,4,1048576,1280,4,12,0.3,10486,0.00143047873,0,0,1,1
2,4,1048576,1280,4,12,0.31,10486,0.00181193973,0,0,1,2
2,4,1048576,1280,4,12,0.32,10486,0.00133511348,0,0,1,2
2,4,1048576,1280,4,12,0.33,10485,0.00267048164,0,0,1,2
2,4,1048576,1280,4,12,0.34,10486,0.00238413122,0,0,1,2
2,4,1048576,1280,4,12,0.35,10486,0.00305168796,0,0,1,2
2,4,1048576,1280,4,12,0.36,10486,0.00495899294,0,0,1,2
2,4,1048576,1280,4,12,0.37,10485,0.00534096328,0,0,1,2
2,4,1048576,1280,4,12,0.38,10486,0.00543581919,0,0,1,3
2,4,1048576,1280,4,12,0.39,10486,0.00934579439,0,0,1,3
2,4,1048576,1280,4,12,0.4,10486,0.00781995041,0,0,1,3
2,4,1048576,1280,4,12,0.41,10485,0.00820219361,0,0,1,3
2,4,1048576,1280,4,12,0.42,10486,0.0104901774,0,0,1,2
2,4,1048576,1280,4,12,0.43,10486,0.0131604043,0,1,2,4
2,4,1048576,1280,4,12,0.44,10486,0.0149723441,0,1,2,4
2,4,1048576,1280,4,12,0.45,10485,0.0168812589,0,1,2,4
2,4,1048576,1280,4,12,0.46,10486,0.019549876,0,1,2,4
2,4,1048576,1280,4,12,0.47,10486,0.0254625215,0,1,2,4
2,4,1048576,1280,4,12,0.48,10486,0.025271791,0,1,2,4
2,4,1048576,1280,4,12,0.49,10485,0.0301382928,0,1,2,6
2,4,1048576,1280,4,12,0.5,10486,0.0284188442,0,1,2,3
2,4,1048576,1280,4,12,0.51,10486,0.0390043868,0,1,3,4
2,4,1048576,1280,4,12,0.52,10486,0.0443448407,0,1,3,7
2,4,1048576,1280,4,12,0.53,10486,0.0519740607,0,2,3,4
2,4,1048576,1280,4,12,0.54,10485,0.0545541249,0,2,3,5
2,4,1048576,1280,4,12,0.55,10486,0.0621781423,0,2,4,6
2,4,1048576,1280,4,12,0.56,10486,0.0669464047,0,2,3,5
2,4,1048576,1280,4,12,0.57,10486,0.0708563799,0,2,4,7
2,4,1048576,1280,4,12,0.58,10485,0.0904148784,0,2,4,8
2,4,1048576,1280,4,12,0.59,10486,0.100228877,0,2,5,7
2,4,1048576,1280,4,12,0.6,10486,0.105473965,0,2,5,7
2,4,1048576,1280,4,12,0.61,10486,0.123021171,0,3,5,7
2,4,1048576,1280,4,12,0.62,10485,0.131616595,0,3,5,6
2,4,1048576,1280,4,12,0.63,10486,0.146194927,0,3,5,9
2,4,1048576,1280,4,12,0.64,10486,0.167652108,0,3,6,9
2,4,1048576,1280,4,12,0.65,10486,0.200648484,0,3,6,9
2,4,1048576,1280,4,12,0.66,10485,0.215164521,0,4,6,11
2,4,1048576,1280,4,12,0.67,10486,0.236601183,0,4,6,9
2,4,1048576,1280,4,12,0.68,10486,0.264733931,0,4,8,10
2,4,1048576,1280,4,12,0.69,10486,0.290196452,0,4,7,13
2,4,1048576,1280,4,12,0.7,10485,0.342870768,0,5,9,11
2,4,1048576,1280,4,12,0.71,10486,0.370684722,0,5,9,12
2,4,1048576,1280,4,12,0.72,10486,0.407686439,0,5,9,19
2,4,1048576,1280,4,12,0.73,10486,0.445832539,0,5,10,11
2,4,1048576,1280,4,12,0.74,10485,0.507677635,0,6,11,17
2,4,1048576,1280,4,12,0.75,10486,0.559698646,0,7,11,19
2,4,1048576,1280,4,12,0.76,10486,0.62626359,0,7,12,14
2,4,1048576,1280,4,12,0.77,10486,0.699885562,0,8,13,19
2,4,1048576,1280,4,12,0.78,10486,0.839404921,0,8,14,19
2,4,1048576,1280,4,12,0.79,10485,0.905007153,0,9,16,22
2,4,1048576,1280,4,12,0.8,10486,1.04053023,0,10,16,24
2,4,1048576,1280,4,12,0.81,10486,1.20665649,0,11,18,20
2,4,1048576,1280,4,12,0.82,10486,1.35409117,0,12,19,26
2,4,1048576,1280,4,12,0.83,10485,1.60715308,0,14,24,39
2,4,1048576,1280,4,12,0.84,10486,1.87955369,0,16,25,48
2,4,1048576,1280,4,12,0.85,10486,2.09994278,0,17,27,34
2,4,1048576,1280,4,12,0.86,10486,2.50390998,0,19,28,46
2,4,1048576,1280,4,12,0.87,10485,2.9921793,0,22,33,49
2,4,1048576,1280,4,12,0.88,10486,3.56580202,1,26,42,66
2,4,1048576,1280,4,12,0.89,10486,4.44382987,1,31,47,143
2,4,1048576,1280,4,12,0.9,10486,5.32805646,2,37,55,78
2,4,1048576,1280,4,12,0.91,10485,7.05922747,3,48,76,100
2,4,1048576,1280,4,12,0.92,10486,9.6034713,4,59,86,136
2,4,1048576,1280,4,12,0.93,10486,12.818806,6,76,125,190
2,4,1048576,1280,4,12,0.94,10486,20.0067709,10,120,178,283
2,4,1048576,1280,4,12,0.95,10485,36.3996185,20,217,332,661
2,4,1048576,1280,4,12,0.96,10486,83.4850277,46,517,837,1234
2,4,1048576,1280,4,12,0.97,161,132.037267,96,661,761,761
2,4,1048576,1280,4,13,0,10486,0,0,0,0,0
2,4,1048576,1280,4,13,0.01,10486,0,0,0,0,0
2,4,1048576,1280,4,13,0.02,10486,0,0,0,0,0
2,4,1048576,1280,4,13,0.03,10486,0,0,0,0,0
2,4,1048576,1280,4,13,0.04,10485,0,0,0,0,0
2,4,1048576,1280,4,13,0.05,10486,0,0,0,0,0
2,4,1048576,1280,4,13,0.06,10486,0,0,0,0,0
2,4,1048576,1280,4,13,0.07,10486,0,0,0,0,0
2,4,1048576,1280,4,13,0.08,10485,0,0,0,0,0
2,4,1048576,1280,4,13,0.09,10486,0,0,0,0,0
2,4,1048576,1280,4,13,0.1,10486,0,0,0,0,0
2,4,1048576,1280,4,13,0.11,10486,0,0,0,0,0
2,4,1048576,1280,4,13,0.12,10485,0,0,0,0,0
2,4,1048576,1280,4,13,0.13,10486,0,0,0,0,0
2,4,1048576,1280,4,13,0.14,10486,0,0,0,0,0
2,4,1048576,1280,4,13,0.15,10486,9.53652489e-05,0,0,0,1
2,4,1048576,1280,4,13,0.16,10485,0,0,0,0,0
2,4,1048576,1280,4,13,0.17,10486,0,0,0,0,0
2,4,1048576,1280,4,13,0.18,10486,0,0,0,0,0
2,4,1048576,1280,4,13,0.19,10486,9.53652489e-05,0,0,0,1
2,4,1048576,1280,4,13,0.2,10485,0,0,0,0,0
2,4,1048576,1280,4,13,0.21,10486,9.53652489e-05,0,0,0,1
2,4,1048576,1280,4,13,0.22,10486,0,0,0,0,0
2,4,1048576,1280,4,13,0.23,10486,0.000190730498,0,0,0,1
2,4,1048576,1280,4,13,0.24,10485,0.000286123033,0,0,0,1
2,4,1048576,1280,4,13,0.25,10486,0.000572191493,0,0,0,2
2,4,1048576,1280,4,13,0.26,10486,0.000381460996,0,0,0,1
2,4,1048576,1280,4,13,0.27,10486,0.000667556742,0,0,0,1
2,4,1048576,1280,4,13,0.28,10486,0.000667556742,0,0,0,1
2,4,1048576,1280,4,13,0.29,10485,0.000476871722,0,0,0,1
2,4,1048576,1280,4,13,0.3,10486,0.00104901774,0,0,0,2
2,4,1048576,1280,4,13,0.31,10486,0.00114438299,0,0,1,1
2,4,1048576,1280,4,13,0.32,10486,0.00247949647,0,0,1,1
2,4,1048576,1280,4,13,0.33,10485,0.0017167382,0,0,1,3
2,4,1048576,1280,4,13,0.34,10486,0.00200267023,0,0,1,1
2,4,1048576,1280,4,13,0.35,10486,0.0041007057,0,0,1,2
2,4,1048576,1280,4,13,0.36,10486,0.00343314896,0,0,1,1
2,4,1048576,1280,4,13,0.37,10485,0.00572246066,0,0,1,3
2,4,1048576,1280,4,13,0.38,10486,0.00486362769,0,0,1,2
2,4,1048576,1280,4,13,0.39,10486,0.00667556742,0,0,1,4
2,4,1048576,1280,4,13,0.4,10486,0.00753385466,0,0,2,2
2,4,1048576,1280,4,13,0.41,10485,0.0105865522,0,0,2,3
2,4,1048576,1280,4,13,0.42,10486,0.0110623689,0,0,2,3
2,4,1048576,1280,4,13,0.43,10486,0.0129696739,0,1,2,3
2,4,1048576,1280,4,13,0.44,10486,0.0153538051,0,1,2,4
2,4,1048576,1280,4,13,0.45,10485,0.0184072485,0,1,2,3
2,4,1048576,1280,4,13,0.46,10486,0.0193591455,0,1,2,3
2,4,1048576,1280,4,13,0.47,10486,0.0221247377,0,1,2,4
2,4,1048576,1280,4,13,0.48,10486,0.0250810605,0,1,2,5
2,4,1048576,1280,4,13,0.49,10485,0.0287076776,0,1,2,4
2,4,1048576,1280,4,13,0.5,10486,0.0331871066,0,1,3,6
2,4,1048576,1280,4,13,0.51,10486,0.0370017166,0,1,3,4
2,4,1048576,1280,4,13,0.52,10486,0.0465382415,0,1,3,6
2,4,1048576,1280,4,13,0.53,10486,0.0473011635,0,1,3,5
2,4,1048576,1280,4,13,0.54,10485,0.0507391512,0,1,3,6
2,4,1048576,1280,4,13,0.55,10486,0.0641808125,0,2,3,7
2,4,1048576,1280,4,13,0.56,10486,0.0667556742,0,2,4,11
2,4,1048576,1280,4,13,0.57,10486,0.0761014686,0,2,4,7
2,4,1048576,1280,4,13,0.58,10485,0.0836433,0,2,4,6
2,4,1048576,1280,4,13,0.59,10486,0.106522983,0,2,5,8
2,4,1048576,1280,4,13,0.6,10486,0.108048827,0,2,4,8
2,4,1048576,1280,4,13,0.61,10486,0.125309937,0,3,5,8
2,4,1048576,1280,4,13,0.62,10485,0.136671435,0,3,5,7
2,4,1048576,1280,4,13,0.63,10486,0.15315659,0,3,5,10
2,4,1048576,1280,4,13,0.64,10486,0.169464047,0,3,6,8
2,4,1048576,1280,4,13,0.65,10486,0.186534427,0,3,6,10
2,4,1048576,1280,4,13,0.66,10485,0.211921793,0,4,6,10
2,4,1048576,1280,4,13,0.67,10486,0.223536143,0,4,7,12
2,4,1048576,1280,4,13,0.68,10486,0.25290864,0,4,7,9
2,4,1048576,1280,4,13,0.69,10486,0.284760633,0,4,8,12
2,4,1048576,1280,4,13,0.7,10485,0.338769671,0,5,7,10
2,4,1048576,1280,4,13,0.71,10486,0.371638375,0,5,8,12
2,4,1048576,1280,4,13,0.72,10486,0.397673088,0,5,9,18
2,4,1048576,1280,4,13,0.73,10486,0.455082968,0,5,10,17
2,4,1048576,1280,4,13,0.74,10485,0.508249881,0,6,9,14
2,4,1048576,1280,4,13,0.75,10486,0.564085447,0,7,11,19
2,4,1048576,1280,4,13,0.76,10486,0.644001526,0,7,12,18
2,4,1048576,1280,4,13,0.77,10486,0.708563799,0,8,13,20
2,4,1048576,1280,4,13,0.78,10486,0.784855998,0,8,15,21
2,4,1048576,1280,4,13,0.79,10485,0.903671912,0,9,13,19
2,4,1048576,1280,4,13,0.8,10486,1.03318711,0,10,16,24
2,4,1048576,1280,4,13,0.81,10486,1.17747473,0,11,18,29
2,4,1048576,1280,4,13,0.82,10486,1.36048064,0,12,18,30
2,4,1048576,1280,4,13,0.83,10485,1.57129232,0,13,21,33
2,4,1048576,1280,4,13,0.84,10486,1.74432577,0,14,23,32
2,4,1048576,1280,4,13,0.85,10486,2.04377265,0,16,23,27
2,4,1048576,1280,4,13,0.86,10486,2.41655541,0,19,31,48
2,4,1048576,1280,4,13,0.87,10485,2.89661421,0,22,35,47
2,4,1048576,1280,4,13,0.88,10486,3.51687965,1,25,38,58
2,4,1048576,1280,4,13,0.89,10486,4.24604234,1,31,46,63
2,4,1048576,1280,4,13,0.9,10486,5.19177952,2,36,51,85
2,4,1048576,1280,4,13,0.91,10485,6.84511206,3,44,68,96
2,4,1048576,1280,4,13,0.92,10486,9.18682052,4,59,97,150
2,4,1048576,1280,4,13,0.93,10486,12.8847988,6,80,123,167
2,4,1048576,1280,4,13,0.94,10486,19.5659928,10,120,184,271
2,4,1048576,1280,4,13,0.95,10485,34.3762518,19,195,323,525
2,4,1048576,1280,4,13,0.96,10486,79.4361053,45,484,831,1143
2,4,1048576,1280,4,13,0.97,257,144.023346,71,901,1124,1124
2,4,1048576,1280,4,14,0,10486,0,0,0,0,0
2,4,1048576,1280,4,14,0.01,10486,0,0,0,0,0
2,4,1048576,1280,4,14,0.02,10486,0,0,0,0,0
2,4,1048576,1280,4,14,0.03,10486,0,0,0,0,0
2,4,1048576,1280,4,14,0.04,10485,0,0,0,0,0
2,4,1048576,1280,4,14,0.05,10486,0,0,0,0,0
2,4,1048576,1280,4,14,0.06,10486,0,0,0,0,0
2,4,1048576,1280,4,14,0.07,10486,0,0,0,0,0
2,4,1048576,1280,4,14,0.08,10485,0,0,0,0,0
2,4,1048576,1280,4,14,0.09,10486,0,0,0,0,0
2,4,1048576,1280,4,14,0.1,10486,0,0,0,0,0
2,4,1048576,1280,4,14,0.11,10486,0,0,0,0,0
2,4,1048576,1280,4,14,0.12,10485,0,0,0,0,0
2,4,1048576,1280,4,14,0.13,10486,9.53652489e-05,0,0,0,1
2,4,1048576,1280,4,14,0.14,10486,0,0,0,0,0
2,4,1048576,1280,4,14,0.15,10486,0,0,0,0,0
2,4,1048576,1280,4,14,0.16,10485,0.000190748689,0,0,0,1
2,4,1048576,1280,4,14,0.17,10486,0,0,0,0,0
2,4,1048576,1280,4,14,0.18,10486,0,0,0,0,0
2,4,1048576,1280,4,14,0.19,10486,9.53652489e-05,0,0,0,1
2,4,1048576,1280,4,14,0.2,10485,0,0,0,0,0
2,4,1048576,1280,4,14,0.21,10486,9.53652489e-05,0,0,0,1
2,4,1048576,1280,4,14,0.22,10486,9.53652489e-05,0,0,0,1
2,4,1048576,1280,4,14,0.23,10486,9.53652489e-05,0,0,0,1
2,4,1048576,1280,4,14,0.24,10485,0.000381497377,0,0,0,1
2,4,1048576,1280,4,14,0.25,10486,0.00085828724,0,0,0,2
2,4,1048576,1280,4,14,0.26,10486,0.000286095747,0,0,0,1
2,4,1048576,1280,4,14,0.27,10486,0.000762921991,0,0,0,1
2,4,1048576,1280,4,14,0.28,10486,0.00104901774,0,0,1,1
2,4,1048576,1280,4,14,0.29,10485,0.000858369099,0,0,0,1
2,4,1048576,1280,4,14,0.3,10486,0.00133511348,0,0,1,1
2,4,1048576,1280,4,14,0.31,10486,0.00247949647,0,0,1,2
2,4,1048576,1280,4,14,0.32,10486,0.00114438299,0,0,1,1
2,4,1048576,1280,4,14,0.33,10485,0.00276585598,0,0,1,2
2,4,1048576,1280,4,14,0.34,10486,0.00295632272,0,0,1,2
2,4,1048576,1280,4,14,0.35,10486,0.00352851421,0,0,1,3
2,4,1048576,1280,4,14,0.36,10486,0.00419607095,0,0,1,3
2,4,1048576,1280,4,14,0.37,10485,0.00467334287,0,0,1,2
2,4,1048576,1280,4,14,0.38,10486,0.00734312417,0,0,1,2
2,4,1048576,1280,4,14,0.39,10486,0.00801068091,0,0,1,2
2,4,1048576,1280,4,14,0.4,10486,0.00934579439,0,0,2,3
2,4,1048576,1280,4,14,0.41,10485,0.00963280877,0,0,1,3
2,4,1048576,1280,4,14,0.42,10486,0.0118252909,0,1,2,3
2,4,1048576,1280,4,14,0.43,10486,0.0138279611,0,1,2,3
2,4,1048576,1280,4,14,0.44,10486,0.0161167271,0,1,2,3
2,4,1048576,1280,4,14,0.45,10485,0.0152598951,0,1,2,4
2,4,1048576,1280,4,14,0.46,10486,0.0202174328,0,1,2,3
2,4,1048576,1280,4,14,0.47,10486,0.022983025,0,1,2,3
2,4,1048576,1280,4,14,0.48,10486,0.0264161739,0,1,2,5
2,4,1048576,1280,4,14,0.49,10485,0.0273724368,0,1,2,4
2,4,1048576,1280,4,14,0.5,10486,0.0323288194,0,1,2,4
2,4,1048576,1280,4,14,0.51,10486,0.0382414648,0,1,2,4
2,4,1048576,1280,4,14,0.52,10486,0.043295823,0,1,3,4
2,4,1048576,1280,4,14,0.53,10486,0.0484455464,0,1,3,5
2,4,1048576,1280,4,14,0.54,10485,0.0519790176,0,1,3,5
2,4,1048576,1280,4,14,0.55,10486,0.0587449933,0,2,3,5
2,4,1048576,1280,4,14,0.56,10486,0.0721914934,0,2,3,6
2,4,1048576,1280,4,14,0.57,10486,0.0755292771,0,2,3,7
2,4,1048576,1280,4,14,0.58,10485,0.0775393419,0,2,4,8
2,4,1048576,1280,4,14,0.59,10486,0.0906923517,0,2,4,6
2,4,1048576,1280,4,14,0.6,10486,0.108430288,0,2,5,6
2,4,1048576,1280,4,14,0.61,10486,0.123497997,0,2,5,10
2,4,1048576,1280,4,14,0.62,10485,0.136099189,0,3,5,8
2,4,1048576,1280,4,14,0.63,10486,0.146576388,0,3,5,8
2,4,1048576,1280,4,14,0.64,10486,0.155063895,0,3,6,7
2,4,1048576,1280,4,14,0.65,10486,0.193591455,0,3,6,9
2,4,1048576,1280,4,14,0.66,10485,0.210491178,0,4,6,7
2,4,1048576,1280,4,14,0.67,10486,0.244897959,0,4,7,13
2,4,1048576,1280,4,14,0.68,10486,0.261777608,0,4,7,10
2,4,1048576,1280,4,14,0.69,10486,0.285046729,0,4,8,10
2,4,1048576,1280,4,14,0.7,10485,0.34029566,0,5,9,14
2,4,1048576,1280,4,14,0.71,10486,0.372782758,0,5,8,11
2,4,1048576,1280,4,14,0.72,10486,0.398340645,0,5,9,12
2,4,1048576,1280,4,14,0.73,10486,0.46748045,0,6,9,16
2,4,1048576,1280,4,14,0.74,10485,0.508154506,0,6,10,17
2,4,1048576,1280,4,14,0.75,10486,0.573908068,0,7,11,18
2,4,1048576,1280,4,14,0.76,10486,0.6569712,0,7,11,18
2,4,1048576,1280,4,14,0.77,10486,0.728685867,0,8,13,21
2,4,1048576,1280,4,14,0.78,10486,0.822716002,0,8,15,21
2,4,1048576,1280,4,14,0.79,10485,0.893466857,0,9,15,39
2,4,1048576,1280,4,14,0.8,10486,1.01172993,0,10,16,23
2,4,1048576,1280,4,14,0.81,10486,1.16269311,0,11,18,26
2,4,1048576,1280,4,14,0.82,10486,1.34913218,0,12,21,30
2,4,1048576,1280,4,14,0.83,10485,1.56289938,0,13,22,31
2,4,1048576,1280,4,14,0.84,10486,1.82347892,0,15,25,35
2,4,1048576,1280,4,14,0.85,10486,2.09898913,0,17,28,46
2,4,1048576,1280,4,14,0.86,10486,2.49160786,0,20,30,45
2,4,1048576,1280,4,14,0.87,10485,2.88221268,0,22,32,45
2,4,1048576,1280,4,14,0.88,10486,3.58277704,1,26,39,59
2,4,1048576,1280,4,14,0.89,10486,4.33892809,1,29,45,70
2,4,1048576,1280,4,14,0.9,10486,5.44659546,2,36,55,69
2,4,1048576,1280,4,14,0.91,10485,6.90472103,3,46,72,150
2,4,1048576,1280,4,14,0.92,10486,9.30288003,4,58,91,131
2,4,1048576,1280,4,14,0.93,10486,13.1099561,6,84,129,200
2,4,1048576,1280,4,14,0.94,10486,19.6973107,10,114,179,295
2,4,1048576,1280,4,14,0.95,10485,33.9370529,18,198,311,398
2,4,1048576,1280,4,14,0.96,10414,79.1987709,45,463,794,1172
2,4,1048576,1280,4,15,0,10486,0,0,0,0,0
2,4,1048576,1280,4,15,0.01,10486,0,0,0,0,0
2,4,1048576,1280,4,15,0.02,10486,0,0,0,0,0
2,4,1048576,1280,4,15,0.03,10486,0,0,0,0,0
2,4,1048576,1280,4,15,0.04,10485,0,0,0,0,0
2,4,1048576,1280,4,15,0.05,10486,0,0,0,0,0
2,4,1048576,1280,4,15,0.06,10486,0,0,0,0,0
2,4,1048576,1280,4,15,0.07,10486,0,0,0,0,0
2,4,1048576,1280,4,15,0.08,10485,0,0,0,0,0
2,4,1048576,1280,4,15,0.09,10486,0,0,0,0,0
2,4,1048576,1280,4,15,0.1,10486,0,0,0,0,0
2,4,1048576,1280,4,15,0.11,10486,0,0,0,0,0
2,4,1048576,1280,4,15,0.12,10485,0,0,0,0,0
2,4,1048576,1280,4,15,0.13,10486,0,0,0,0,0
2,4,1048576,1280,4,15,0.14,10486,0,0,0,0,0
2,4,1048576,1280,4,15,0.15,10486,0,0,0,0,0
2,4,1048576,1280,4,15,0.16,10485,9.53743443e-05,0,0,0,1
2,4,1048576,1280,4,15,0.17,10486,0.000190730498,0,0,0,1
2,4,1048576,1280,4,15,0.18,10486,0,0,0,0,0
2,4,1048576,1280,4,15,0.19,10486,0,0,0,0,0
2,4,1048576,1280,4,15,0.2,10485,0,0,0,0,0
2,4,1048576,1280,4,15,0.21,10486,0.000381460996,0,0,0,1
2,4,1048576,1280,4,15,0.22,10486,9.53652489e-05,0,0,0,1
2,4,1048576,1280,4,15,0.23,10486,9.53652489e-05,0,0,0,1
2,4,1048576,1280,4,15,0.24,10485,0.000476871722,0,0,0,1
2,4,1048576,1280,4,15,0.25,10486,0.000953652489,0,0,0,2
2,4,1048576,1280,4,15,0.26,10486,0.000572191493,0,0,0,1
2,4,1048576,1280,4,15,0.27,10486,0.000953652489,0,0,0,3
2,4,1048576,1280,4,15,0.28,10486,0.00085828724,0,0,0,1
2,4,1048576,1280,4,15,0.29,10485,0.000953743443,0,0,0,1
2,4,1048576,1280,4,15,0.3,10486,0.00152584398,0,0,1,2
2,4,1048576,1280,4,15,0.31,10486,0.00133511348,0,0,1,1
2,4,1048576,1280,4,15,0.32,10486,0.00238413122,0,0,1,2
2,4,1048576,1280,4,15,0.33,10485,0.00247973295,0,0,1,1
2,4,1048576,1280,4,15,0.34,10486,0.00343314896,0,0,1,2
2,4,1048576,1280,4,15,0.35,10486,0.00286095747,0,0,1,2
2,4,1048576,1280,4,15,0.36,10486,0.00343314896,0,0,1,1
2,4,1048576,1280,4,15,0.37,10485,0.00429184549,0,0,1,3
2,4,1048576,1280,4,15,0.38,10486,0.00553118444,0,0,1,2
2,4,1048576,1280,4,15,0.39,10486,0.00457753195,0,0,1,2
2,4,1048576,1280,4,15,0.4,10486,0.00810604616,0,0,1,2
2,4,1048576,1280,4,15,0.41,10485,0.00906056271,0,0,1,2
2,4,1048576,1280,4,15,0.42,10486,0.0109670036,0,0,2,3
2,4,1048576,1280,4,15,0.43,10486,0.0124928476,0,1,2,3
2,4,1048576,1280,4,15,0.44,10486,0.0149723441,0,1,2,3
2,4,1048576,1280,4,15,0.45,10485,0.0175488794,0,1,2,3
2,4,1048576,1280,4,15,0.46,10486,0.0225061987,0,1,2,3
2,4,1048576,1280,4,15,0.47,10486,0.021838642,0,1,2,3
2,4,1048576,1280,4,15,0.48,10486,0.0268930002,0,1,3,4
2,4,1048576,1280,4,15,0.49,10485,0.0277539342,0,1,2,5
2,4,1048576,1280,4,15,0.5,10486,0.0366202556,0,1,3,4
2,4,1048576,1280,4,15,0.51,10486,0.0357619683,0,1,2,3
2,4,1048576,1280,4,15,0.52,10486,0.0424375358,0,1,3,6
2,4,1048576,1280,4,15,0.53,10486,0.0499713904,0,1,3,5
2,4,1048576,1280,4,15,0.54,10485,0.0533142585,0,2,3,4
2,4,1048576,1280,4,15,0.55,10486,0.0627503338,0,2,3,5
2,4,1048576,1280,4,15,0.56,10486,0.0697119969,0,2,4,9
2,4,1048576,1280,4,15,0.57,10486,0.0797253481,0,2,4,7
2,4,1048576,1280,4,15,0.58,10485,0.0913686218,0,2,4,7
2,4,1048576,1280,4,15,0.59,10486,0.0987983979,0,2,4,6
2,4,1048576,1280,4,15,0.6,10486,0.111958802,0,2,5,6
2,4,1048576,1280,4,15,0.61,10486,0.11481976,0,2,4,7
2,4,1048576,1280,4,15,0.62,10485,0.133524082,0,3,5,9
2,4,1048576,1280,4,15,0.63,10486,0.154587068,0,3,5,9
2,4,1048576,1280,4,15,0.64,10486,0.177665459,0,3,6,11
2,4,1048576,1280,4,15,0.65,10486,0.191207324,0,3,7,9
2,4,1048576,1280,4,15,0.66,10485,0.209632809,0,4,6,9
2,4,1048576,1280,4,15,0.67,10486,0.231356094,0,4,7,10
2,4,1048576,1280,4,15,0.68,10486,0.262254434,0,4,7,12
2,4,1048576,1280,4,15,0.69,10486,0.293343506,0,4,7,12
2,4,1048576,1280,4,15,0.7,10485,0.335908441,0,5,8,14
2,4,1048576,1280,4,15,0.71,10486,0.375452985,0,5,9,13
2,4,1048576,1280,4,15,0.72,10486,0.411310319,0,5,9,15
2,4,1048576,1280,4,15,0.73,10486,0.434674805,0,5,9,13
2,4,1048576,1280,4,15,0.74,10485,0.528469242,0,6,10,13
2,4,1048576,1280,4,15,0.75,10486,0.572000763,0,6,12,16
2,4,1048576,1280,4,15,0.76,10486,0.646767118,0,7,12,15
2,4,1048576,1280,4,15,0.77,10486,0.731356094,0,8,14,18
2,4,1048576,1280,4,15,0.78,10486,0.838546634,0,9,13,19
2,4,1048576,1280,4,15,0.79,10485,0.955078684,0,9,14,22
2,4,1048576,1280,4,15,0.8,10486,1.053786,0,10,17,29
2,4,1048576,1280,4,15,0.81,10486,1.20141141,0,11,18,27
2,4,1048576,1280,4,15,0.82,10486,1.39414457,0,13,20,25
2,4,1048576,1280,4,15,0.83,10485,1.62069623,0,14,23,30
2,4,1048576,1280,4,15,0.84,10486,1.84598512,0,16,23,40
2,4,1048576,1280,4,15,0.85,10486,2.16288385,0,18,27,39
2,4,1048576,1280,4,15,0.86,10486,2.52384131,0,19,29,50
2,4,1048576,1280,4,15,0.87,10485,2.94248927,0,22,35,47
2,4,1048576,1280,4,15,0.88,10486,3.56685104,1,27,41,59
2,4,1048576,1280,4,15,0.89,10486,4.2914362,1,31,51,64
2,4,1048576,1280,4,15,0.9,10486,5.34970437,2,36,57,90
2,4,1048576,1280,4,15,0.91,10485,6.8691464,3,46,72,157
2,4,1048576,1280,4,15,0.92,10486,9.01602136,4,57,88,105
2,4,1048576,1280,4,15,0.93,10486,12.84465,6,77,122,179
2,4,1048576,1280,4,15,0.94,10486,19.2528133,10,118,176,231
2,4,1048576,1280,4,15,0.95,10485,34.112351,19,204,312,424
2,4,1048576,1280,4,15,0.96,10486,80.9853138,45,471,730,1119
2,4,1048576,1280,4,15,0.97,1361,155.387215,97,850,1120,1175
2,4,1048576,1280,4,16,0,10486,0,0,0,0,0
2,4,1048576,1280,4,16,0.01,10486,0,0,0,0,0
2,4,1048576,1280,4,16,0.02,10486,0,0,0,0,0
2,4,1048576,1280,4,16,0.03,10486,0,0,0,0,0
2,4,1048576,1280,4,16,0.04,10485,0,0,0,0,0
2,4,1048576,1280,4,16,0.05,10486,0,0,0,0,0
2,4,1048576,1280,4,16,0.06,10486,0,0,0,0,0
2,4,1048576,1280,4,16,0.07,10486,0,0,0,0,0
2,4,1048576,1280,4,16,0.08,10485,0,0,0,0,0
2,4,1048576,1280,4,16,0.09,10486,0,0,0,0,0
2,4,1048576,1280,4,16,0.1,10486,0,0,0,0,0
2,4,1048576,1280,4,16,0.11,10486,0,0,0,0,0
2,4,1048576,1280,4,16,0.12,10485,0,0,0,0,0
2,4,1048576,1280,4,16,0.13,10486,0,0,0,0,0
2,4,1048576,1280,4,16,0.14,10486,0,0,0,0,0
2,4,1048576,1280,4,16,0.15,10486,0,0,0,0,0
2,4,1048576,1280,4,16,0.16,10485,0,0,0,0,0
2,4,1048576,1280,4,16,0.17,10486,0,0,0,0,0
2,4,1048576,1280,4,16,0.18,10486,0,0,0,0,0
2,4,1048576,1280,4,16,0.19,10486,9.53652489e-05,0,0,0,1
2,4,1048576,1280,4,16,0.2,10485,0,0,0,0,0
2,4,1048576,1280,4,16,0.21,10486,0.000286095747,0,0,0,1
2,4,1048576,1280,4,16,0.22,10486,9.53652489e-05,0,0,0,1
2,4,1048576,1280,4,16,0.23,10486,0.000190730498,0,0,0,1
2,4,1048576,1280,4,16,0.24,10485,0.000286123033,0,0,0,1
2,4,1048576,1280,4,16,0.25,10486,0.000190730498,0,0,0,1
2,4,1048576,1280,4,16,0.26,10486,0.000286095747,0,0,0,1
2,4,1048576,1280,4,16,0.27,10486,0.000381460996,0,0,0,1
2,4,1048576,1280,4,16,0.28,10486,0.000762921991,0,0,0,1
2,4,1048576,1280,4,16,0.29,10485,0.00114449213,0,0,1,2
2,4,1048576,1280,4,16,0.3,10486,0.00114438299,0,0,1,2
2,4,1048576,1280,4,16,0.31,10486,0.00133511348,0,0,1,1
2,4,1048576,1280,4,16,0.32,10486,0.00238413122,0,0,1,1
2,4,1048576,1280,4,16,0.33,10485,0.00276585598,0,0,1,2
2,4,1048576,1280,4,16,0.34,10486,0.00286095747,0,0,1,2
2,4,1048576,1280,4,16,0.35,10486,0.00324241846,0,0,1,2
2,4,1048576,1280,4,16,0.36,10486,0.00419607095,0,0,1,3
2,4,1048576,1280,4,16,0.37,10485,0.00572246066,0,0,1,2
2,4,1048576,1280,4,16,0.38,10486,0.00705702842,0,0,1,3
2,4,1048576,1280,4,16,0.39,10486,0.00810604616,0,0,2,2
2,4,1048576,1280,4,16,0.4,10486,0.00886896815,0,0,1,3
2,4,1048576,1280,4,16,0.41,10485,0.0105865522,0,0,2,3
2,4,1048576,1280,4,16,0.42,10486,0.0132557696,0,1,2,4
2,4,1048576,1280,4,16,0.43,10486,0.0142094221,0,1,2,2
2,4,1048576,1280,4,16,0.44,10486,0.0170703796,0,1,2,3
2,4,1048576,1280,4,16,0.45,10485,0.0183118741,0,1,2,4
2,4,1048576,1280,4,16,0.46,10486,0.022601564,0,1,2,5
2,4,1048576,1280,4,16,0.47,10486,0.021838642,0,1,2,4
2,4,1048576,1280,4,16,0.48,10486,0.0282281137,0,1,2,3
2,4,1048576,1280,4,16,0.49,10485,0.0262279447,0,1,3,4
2,4,1048576,1280,4,16,0.5,10486,0.0339500286,0,1,2,3
2,4,1048576,1280,4,16,0.51,10486,0.0370017166,0,1,2,4
2,4,1048576,1280,4,16,0.52,10486,0.0422468053,0,1,3,5
2,4,1048576,1280,4,16,0.53,10486,0.0476826245,0,1,3,6
2,4,1048576,1280,4,16,0.54,10485,0.0535050072,0,2,3,4
2,4,1048576,1280,4,16,0.55,10486,0.06322716,0,2,3,7
2,4,1048576,1280,4,16,0.56,10486,0.0720007629,0,2,4,5
2,4,1048576,1280,4,16,0.57,10486,0.0814419226,0,2,5,6
2,4,1048576,1280,4,16,0.58,10485,0.0867906533,0,2,4,8
2,4,1048576,1280,4,16,0.59,10486,0.0930764829,0,2,4,9
2,4,1048576,1280,4,16,0.6,10486,0.106618348,0,2,4,8
2,4,1048576,1280,4,16,0.61,10486,0.129506008,0,3,5,9
2,4,1048576,1280,4,16,0.62,10485,0.144110634,0,3,5,10
2,4,1048576,1280,4,16,0.63,10486,0.15115392,0,3,5,9
2,4,1048576,1280,4,16,0.64,10486,0.1704177,0,3,6,11
2,4,1048576,1280,4,16,0.65,10486,0.179954225,0,3,5,9
2,4,1048576,1280,4,16,0.66,10485,0.213733906,0,4,7,9
2,4,1048576,1280,4,16,0.67,10486,0.228876597,0,4,6,9
2,4,1048576,1280,4,16,0.68,10486,0.264447835,0,4,7,10
2,4,1048576,1280,4,16,0.69,10486,0.290387183,0,4,8,13
2,4,1048576,1280,4,16,0.7,10485,0.328946113,0,5,9,12
2,4,1048576,1280,4,16,0.71,10486,0.363436964,0,5,8,14
2,4,1048576,1280,4,16,0.72,10486,0.403681099,0,5,8,16
2,4,1048576,1280,4,16,0.73,10486,0.456894907,0,6,11,15
2,4,1048576,1280,4,16,0.74,10485,0.492322365,0,6,10,16
2,4,1048576,1280,4,16,0.75,10486,0.542532901,0,6,11,17
2,4,1048576,1280,4,16,0.76,10486,0.621113866,0,7,11,15
2,4,1048576,1280,4,16,0.77,10486,0.706370399,0,8,13,23
2,4,1048576,1280,4,16,0.78,10486,0.789910357,0,8,13,21
2,4,1048576,1280,4,16,0.79,10485,0.929899857,0,9,16,26
2,4,1048576,1280,4,16,0.8,10486,1.03824146,0,10,16,21
2,4,1048576,1280,4,16,0.81,10486,1.22258249,0,11,20,29
2,4,1048576,1280,4,16,0.82,10486,1.40015258,0,12,21,31
2,4,1048576,1280,4,16,0.83,10485,1.60066762,0,13,21,34
2,4,1048576,1280,4,16,0.84,10486,1.87535762,0,15,25,36
2,4,1048576,1280,4,16,0.85,10486,2.13761205,0,18,30,46
2,4,1048576,1280,4,16,0.86,10486,2.53013542,0,20,31,43
2,4,1048576,1280,4,16,0.87,10485,3.06638054,1,23,37,55
2,4,1048576,1280,4,16,0.88,10486,3.50638947,1,25,41,57
2,4,1048576,1280,4,16,0.89,10486,4.295823,1,29,47,58
2,4,1048576,1280,4,16,0.9,10486,5.5628457,2,38,58,93
2,4,1048576,1280,4,16,0.91,10485,6.79446829,2,44,70,113
2,4,1048576,1280,4,16,0.92,10486,9.32567233,4,59,103,137
2,4,1048576,1280,4,16,0.93,10486,13.1831966,6,83,136,180
2,4,1048576,1280,4,16,0.94,10486,20.3497997,11,117,191,297
2,4,1048576,1280,4,16,0.95,10485,34.9948498,19,204,314,539
2,4,1048576,1280,4,16,0.96,9771,79.3401904,46,464,774,918
2,4,1048576,1280,4,17,0,10486,0,0,0,0,0
2,4,1048576,1280,4,17,0.01,10486,0,0,0,0,0
2,4,1048576,1280,4,17,0.02,10486,0,0,0,0,0
2,4,1048576,1280,4,17,0.03,10486,0,0,0,0,0
2,4,1048576,1280,4,17,0.04,10485,0,0,0,0,0
2,4,1048576,1280,4,17,0.05,10486,0,0,0,0,0
2,4,1048576,1280,4,17,0.06,10486,0,0,0,0,0
2,4,1048576,1280,4,17,0.07,10486,0,0,0,0,0
2,4,1048576,1280,4,17,0.08,10485,0,0,0,0,0
2,4,1048576,1280,4,17,0.09,10486,0,0,0,0,0
2,4,1048576,1280,4,17,0.1,10486,0,0,0,0,0
2,4,1048576,1280,4,17,0.11,10486,0,0,0,0,0
2,4,1048576,1280,4,17,0.12,10485,0,0,0,0,0
2,4,1048576,1280,4,17,0.13,10486,0,0,0,0,0
2,4,1048576,1280,4,17,0.14,10486,0,0,0,0,0
2,4,1048576,1280,4,17,0.15,10486,0,0,0,0,0
2,4,1048576,1280,4,17,0.16,10485,0,0,0,0,0
2,4,1048576,1280,4,17,0.17,10486,9.53652489e-05,0,0,0,1
2,4,1048576,1280,4,17,0.18,10486,0.000190730498,0,0,0,1
2,4,1048576,1280,4,17,0.19,10486,0,0,0,0,0
2,4,1048576,1280,4,17,0.2,10485,0,0,0,0,0
2,4,1048576,1280,4,17,0.21,10486,0.000286095747,0,0,0,1
2,4,1048576,1280,4,17,0.22,10486,9.53652489e-05,0,0,0,1
2,4,1048576,1280,4,17,0.23,10486,0.000190730498,0,0,0,1
2,4,1048576,1280,4,17,0.24,10485,0.000286123033,0,0,0,1
2,4,1048576,1280,4,17,0.25,10486,0.000572191493,0,0,0,1
2,4,1048576,1280,4,17,0.26,10486,0.00085828724,0,0,0,1
2,4,1048576,1280,4,17,0.27,10486,0.000572191493,0,0,0,1
2,4,1048576,1280,4,17,0.28,10486,0.00171657448,0,0,1,2
2,4,1048576,1280,4,17,0.29,10485,0.00114449213,0,0,1,1
2,4,1048576,1280,4,17,0.3,10486,0.00123974824,0,0,1,1
2,4,1048576,1280,4,17,0.31,10486,0.00200267023,0,0,1,1
2,4,1048576,1280,4,17,0.32,10486,0.00219340072,0,0,1,2
2,4,1048576,1280,4,17,0.33,10485,0.00295660467,0,0,1,3
2,4,1048576,1280,4,17,0.34,10486,0.00438680145,0,0,1,3
2,4,1048576,1280,4,17,0.35,10486,0.00343314896,0,0,1,2
2,4,1048576,1280,4,17,0.36,10486,0.00343314896,0,0,1,1
2,4,1048576,1280,4,17,0.37,10485,0.00591320935,0,0,1,3
2,4,1048576,1280,4,17,0.38,10486,0.00791531566,0,0,1,2
2,4,1048576,1280,4,17,0.39,10486,0.00658020217,0,0,1,2
2,4,1048576,1280,4,17,0.4,10486,0.00801068091,0,0,1,2
2,4,1048576,1280,4,17,0.41,10485,0.0100143062,0,0,1,3
2,4,1048576,1280,4,17,0.42,10486,0.0112530994,0,0,2,3
2,4,1048576,1280,4,17,0.43,10486,0.0113484646,0,1,2,3
2,4,1048576,1280,4,17,0.44,10486,0.017642571,0,1,2,3
2,4,1048576,1280,4,17,0.45,10485,0.0185026228,0,1,2,4
2,4,1048576,1280,4,17,0.46,10486,0.0224108335,0,1,2,4
2,4,1048576,1280,4,17,0.47,10486,0.0220293725,0,1,2,3
2,4,1048576,1280,4,17,0.48,10486,0.0257486172,0,1,2,4
2,4,1048576,1280,4,17,0.49,10485,0.0324272771,0,1,3,6
2,4,1048576,1280,4,17,0.5,10486,0.0336639329,0,1,3,5
2,4,1048576,1280,4,17,0.51,10486,0.0350944116,0,1,3,4
2,4,1048576,1280,4,17,0.52,10486,0.0445355712,0,1,3,6
2,4,1048576,1280,4,17,0.53,10486,0.0500667557,0,1,3,4
2,4,1048576,1280,4,17,0.54,10485,0.0528373867,0,1,3,5
2,4,1048576,1280,4,17,0.55,10486,0.064371543,0,2,4,5
2,4,1048576,1280,4,17,0.56,10486,0.0711424757,0,2,4,5
2,4,1048576,1280,4,17,0.57,10486,0.0766736601,0,2,4,5
2,4,1048576,1280,4,17,0.58,10485,0.0895565093,0,2,4,5
2,4,1048576,1280,4,17,0.59,10486,0.090406256,0,2,4,8
2,4,1048576,1280,4,17,0.6,10486,0.108811749,0,2,4,6
2,4,1048576,1280,4,17,0.61,10486,0.123021171,0,2,5,9
2,4,1048576,1280,4,17,0.62,10485,0.146018121,0,3,5,11
2,4,1048576,1280,4,17,0.63,10486,0.161358001,0,3,6,8
2,4,1048576,1280,4,17,0.64,10486,0.178714476,0,3,6,9
2,4,1048576,1280,4,17,0.65,10486,0.185485409,0,3,6,8
2,4,1048576,1280,4,17,0.66,10485,0.21230329,0,4,6,10
2,4,1048576,1280,4,17,0.67,10486,0.238127027,0,4,7,11
2,4,1048576,1280,4,17,0.68,10486,0.271218768,0,4,7,15
2,4,1048576,1280,4,17,0.69,10486,0.284665268,0,4,8,11
2,4,1048576,1280,4,17,0.7,10485,0.320648546,0,4,8,12
2,4,1048576,1280,4,17,0.71,10486,0.353328247,0,5,8,11
2,4,1048576,1280,4,17,0.72,10486,0.401964524,0,5,10,13
2,4,1048576,1280,4,17,0.73,10486,0.459183673,0,6,9,13
2,4,1048576,1280,4,17,0.74,10485,0.515879828,0,6,10,20
2,4,1048576,1280,4,17,0.75,10486,0.58630555,0,7,12,16
2,4,1048576,1280,4,17,0.76,10486,0.623688728,0,7,11,17
2,4,1048576,1280,4,17,0.77,10486,0.70493992,0,7,13,21
2,4,1048576,1280,4,17,0.78,10486,0.799923708,0,9,15,25
2,4,1048576,1280,4,17,0.79,10485,0.907105389,0,9,15,24
2,4,1048576,1280,4,17,0.8,10486,1.05769598,0,10,17,33
2,4,1048576,1280,4,17,0.81,10486,1.18443639,0,10,18,23
2,4,1048576,1280,4,17,0.82,10486,1.29410643,0,12,19,30
2,4,1048576,1280,4,17,0.83,10485,1.52312828,0,13,20,28
2,4,1048576,1280,4,17,0.84,10486,1.80755293,0,15,23,36
2,4,1048576,1280,4,17,0.85,10486,2.09813084,0,17,27,36
2,4,1048576,1280,4,17,0.86,10486,2.42637803,0,19,32,51
2,4,1048576,1280,4,17,0.87,10485,2.8579876,0,22,33,60
2,4,1048576,1280,4,17,0.88,10486,3.48607667,1,25,40,52
2,4,1048576,1280,4,17,0.89,10486,4.29887469,1,31,48,79
2,4,1048576,1280,4,17,0.9,10486,5.32891474,2,36,54,74
2,4,1048576,1280,4,17,0.91,10485,6.98874583,3,47,73,106
2,4,1048576,1280,4,17,0.92,10486,9.1588785,4,59,89,117
2,4,1048576,1280,4,17,0.93,10486,12.9455464,6,82,123,202
2,4,1048576,1280,4,17,0.94,10486,19.5577913,10,115,192,453
2,4,1048576,1280,4,17,0.95,10485,34.5172151,19,204,298,415
2,4,1048576,1280,4,17,0.96,10081,79.3524452,45,458,787,1190
2,4,1048576,1280,4,18,0,10486,0,0,0,0,0
2,4,1048576,1280,4,18,0.01,10486,0,0,0,0,0
2,4,1048576,1280,4,18,0.02,10486,0,0,0,0,0
2,4,1048576,1280,4,18,0.03,10486,0,0,0,0,0
2,4,1048576,1280,4,18,0.04,10485,0,0,0,0,0
2,4,1048576,1280,4,18,0.05,10486,0,0,0,0,0
2,4,1048576,1280,4,18,0.06,10486,0,0,0,0,0
2,4,1048576,1280,4,18,0.07,10486,0,0,0,0,0
2,4,1048576,1280,4,18,0.08,10485,0,0,0,0,0
2,4,1048576,1280,4,18,0.09,10486,0,0,0,0,0
2,4,1048576,1280,4,18,0.1,10486,0,0,0,0,0
2,4,1048576,1280,4,18,0.11,10486,0,0,0,0,0
2,4,1048576,1280,4,18,0.12,10485,0,0,0,0,0
2,4,1048576,1280,4,18,0.13,10486,0,0,0,0,0
2,4,1048576,1280,4,18,0.14,10486,0,0,0,0,0
2,4,1048576,1280,4,18,0.15,10486,0,0,0,0,0
2,4,1048576,1280,4,18,0.16,10485,0,0,0,0,0
2,4,1048576,1280,4,18,0.17,10486,0,0,0,0,0
2,4,1048576,1280,4,18,0.18,10486,0,0,0,0,0
2,4,1048576,1280,4,18,0.19,10486,9.53652489e-05,0,0,0,1
2,4,1048576,1280,4,18,0.2,10485,9.53743443e-05,0,0,0,1
2,4,1048576,1280,4,18,0.21,10486,0.000190730498,0,0,0,1
2,4,1048576,1280,4,18,0.22,10486,9.53652489e-05,0,0,0,1
2,4,1048576,1280,4,18,0.23,10486,0.000286095747,0,0,0,1
2,4,1048576,1280,4,18,0.24,10485,9.53743443e-05,0,0,0,1
2,4,1048576,1280,4,18,0.25,10486,0.000476826245,0,0,0,1
2,4,1048576,1280,4,18,0.26,10486,0.00133511348,0,0,1,1
2,4,1048576,1280,4,18,0.27,10486,0.000476826245,0,0,0,1
2,4,1048576,1280,4,18,0.28,10486,0.00123974824,0,0,1,2
2,4,1048576,1280,4,18,0.29,10485,0.0017167382,0,0,1,1
2,4,1048576,1280,4,18,0.3,10486,0.00152584398,0,0,1,1
2,4,1048576,1280,4,18,0.31,10486,0.00162120923,0,0,1,2
2,4,1048576,1280,4,18,0.32,10486,0.00219340072,0,0,1,2
2,4,1048576,1280,4,18,0.33,10485,0.00181211254,0,0,1,1
2,4,1048576,1280,4,18,0.34,10486,0.00267022697,0,0,1,2
2,4,1048576,1280,4,18,0.35,10486,0.00419607095,0,0,1,2
2,4,1048576,1280,4,18,0.36,10486,0.00553118444,0,0,1,2
2,4,1048576,1280,4,18,0.37,10485,0.00505484025,0,0,1,3
2,4,1048576,1280,4,18,0.38,10486,0.00562654969,0,0,1,2
2,4,1048576,1280,4,18,0.39,10486,0.00724775892,0,0,1,4
2,4,1048576,1280,4,18,0.4,10486,0.00810604616,0,0,1,2
2,4,1048576,1280,4,18,0.41,10485,0.0112541726,0,1,2,2
2,4,1048576,1280,4,18,0.42,10486,0.0126835781,0,1,2,4
2,4,1048576,1280,4,18,0.43,10486,0.0138279611,0,1,2,4
2,4,1048576,1280,4,18,0.44,10486,0.0156399008,0,1,2,3
2,4,1048576,1280,4,18,0.45,10485,0.017739628,0,1,2,3
2,4,1048576,1280,4,18,0.46,10486,0.022601564,0,1,2,4
2,4,1048576,1280,4,18,0.47,10486,0.023364486,0,1,3,4
2,4,1048576,1280,4,18,0.48,10486,0.0268930002,0,1,2,3
2,4,1048576,1280,4,18,0.49,10485,0.0319504053,0,1,3,4
2,4,1048576,1280,4,18,0.5,10486,0.0337592981,0,1,2,5
2,4,1048576,1280,4,18,0.51,10486,0.0374785428,0,1,2,4
2,4,1048576,1280,4,18,0.52,10486,0.040625596,0,1,3,5
2,4,1048576,1280,4,18,0.53,10486,0.0488270074,0,1,3,5
2,4,1048576,1280,4,18,0.54,10485,0.052360515,0,1,3,6
2,4,1048576,1280,4,18,0.55,10486,0.0615105855,0,2,3,5
2,4,1048576,1280,4,18,0.56,10486,0.0659927522,0,2,4,4
2,4,1048576,1280,4,18,0.57,10486,0.0794392523,0,2,4,5
2,4,1048576,1280,4,18,0.58,10485,0.0828803052,0,2,4,6
2,4,1048576,1280,4,18,0.59,10486,0.101945451,0,2,4,8
2,4,1048576,1280,4,18,0.6,10486,0.108430288,0,2,5,6
2,4,1048576,1280,4,18,0.61,10486,0.113484646,0,2,5,7
2,4,1048576,1280,4,18,0.62,10485,0.138578922,0,3,5,10
2,4,1048576,1280,4,18,0.63,10486,0.155731451,0,3,5,10
2,4,1048576,1280,4,18,0.64,10486,0.167461377,0,3,5,10
2,4,1048576,1280,4,18,0.65,10486,0.186152966,0,3,6,10
2,4,1048576,1280,4,18,0.66,10485,0.206294707,0,3,6,10
2,4,1048576,1280,4,18,0.67,10486,0.232405112,0,4,6,9
2,4,1048576,1280,4,18,0.68,10486,0.252145718,0,4,7,12
2,4,1048576,1280,4,18,0.69,10486,0.292389853,0,4,8,13
2,4,1048576,1280,4,18,0.7,10485,0.305865522,0,4,8,12
2,4,1048576,1280,4,18,0.71,10486,0.362864772,0,5,8,10
2,4,1048576,1280,4,18,0.72,10486,0.402059889,0,5,9,12
2,4,1048576,1280,4,18,0.73,10486,0.44058745,0,5,9,15
2,4,1048576,1280,4,18,0.74,10485,0.512541726,0,6,10,18
2,4,1048576,1280,4,18,0.75,10486,0.569330536,0,7,11,18
2,4,1048576,1280,4,18,0.76,10486,0.642952508,0,7,13,21
2,4,1048576,1280,4,18,0.77,10486,0.71857715,0,8,13,18
2,4,1048576,1280,4,18,0.78,10486,0.834827389,0,9,15,22
2,4,1048576,1280,4,18,0.79,10485,0.923891273,0,9,16,22
2,4,1048576,1280,4,18,0.8,10486,1.06513447,0,10,17,30
2,4,1048576,1280,4,18,0.81,10486,1.16193019,0,11,18,26
2,4,1048576,1280,4,18,0.82,10486,1.37345031,0,12,19,27
2,4,1048576,1280,4,18,0.83,10485,1.57606104,0,13,24,36
2,4,1048576,1280,4,18,0.84,10486,1.79095937,0,15,24,30
2,4,1048576,1280,4,18,0.85,10486,2.09050162,0,16,27,38
2,4,1048576,1280,4,18,0.86,10486,2.51993134,0,19,33,48
2,4,1048576,1280,4,18,0.87,10485,2.97205532,0,22,35,46
2,4,1048576,1280,4,18,0.88,10486,3.63551402,1,25,39,53
2,4,1048576,1280,4,18,0.89,10486,4.30755293,1,30,49,81
2,4,1048576,1280,4,18,0.9,10486,5.4146481,2,38,59,92
2,4,1048576,1280,4,18,0.91,10485,6.92656175,2,46,74,98
2,4,1048576,1280,4,18,0.92,10486,9.1926378,4,58,91,115
2,4,1048576,1280,4,18,0.93,10486,13.0124928,6,80,130,227
2,4,1048576,1280,4,18,0.94,10486,19.8145146,10,116,168,288
2,4,1048576,1280,4,18,0.95,10485,33.3232237,18,201,286,413
2,4,1048576,1280,4,18,0.96,10486,80.2351707,46,480,754,1048
2,4,1048576,1280,4,18,0.97,800,152.06875,90,767,1115,1115
2,4,1048576,1280,4,19,0,10486,0,0,0,0,0
2,4,1048576,1280,4,19,0.01,10486,0,0,0,0,0
2,4,1048576,1280,4,19,0.02,10486,0,0,0,0,0
2,4,1048576,1280,4,19,0.03,10486,0,0,0,0,0
2,4,1048576,1280,4,19,0.04,10485,0,0,0,0,0
2,4,1048576,1280,4,19,0.05,10486,0,0,0,0,0
2,4,1048576,1280,4,19,0.06,10486,0,0,0,0,0
2,4,1048576,1280,4,19,0.07,10486,0,0,0,0,0
2,4,1048576,1280,4,19,0.08,10485,0,0,0,0,0
2,4,1048576,1280,4,19,0.09,10486,0,0,0,0,0
2,4,1048576,1280,4,19,0.1,10486,0,0,0,0,0
2,4,1048576,1280,4,19,0.11,10486,0,0,0,0,0
2,4,1048576,1280,4,19,0.12,10485,0,0,0,0,0
2,4,1048576,1280,4,19,0.13,10486,0,0,0,0,0
2,4,1048576,1280,4,19,0.14,10486,0,0,0,0,0
2,4,1048576,1280,4,19,0.15,10486,0,0,0,0,0
2,4,1048576,1280,4,19,0.16,10485,0,0,0,0,0
2,4,1048576,1280,4,19,0.17,10486,0,0,0,0,0
2,4,1048576,1280,4,19,0.18,10486,0,0,0,0,0
2,4,1048576,1280,4,19,0.19,10486,9.53652489e-05,0,0,0,1
2,4,1048576,1280,4,19,0.2,10485,9.53743443e-05,0,0,0,1
2,4,1048576,1280,4,19,0.21,10486,0.000190730498,0,0,0,1
2,4,1048576,1280,4,19,0.22,10486,9.53652489e-05,0,0,0,1
2,4,1048576,1280,4,19,0.23,10486,0.000476826245,0,0,0,1
2,4,1048576,1280,4,19,0.24,10485,0.000190748689,0,0,0,1
2,4,1048576,1280,4,19,0.25,10486,0.000286095747,0,0,0,1
2,4,1048576,1280,4,19,0.26,10486,0.000476826245,0,0,0,1
2,4,1048576,1280,4,19,0.27,10486,0.000667556742,0,0,0,1
2,4,1048576,1280,4,19,0.28,10486,0.000762921991,0,0,0,1
2,4,1048576,1280,4,19,0.29,10485,0.000858369099,0,0,0,1
2,4,1048576,1280,4,19,0.3,10486,0.00143047873,0,0,1,1
2,4,1048576,1280,4,19,0.31,10486,0.00143047873,0,0,1,1
2,4,1048576,1280,4,19,0.32,10486,0.00228876597,0,0,1,1
2,4,1048576,1280,4,19,0.33,10485,0.00209823557,0,0,1,2
2,4,1048576,1280,4,19,0.34,10486,0.00314705321,0,0,1,2
2,4,1048576,1280,4,19,0.35,10486,0.00343314896,0,0,1,2
2,4,1048576,1280,4,19,0.36,10486,0.00514972344,0,0,1,2
2,4,1048576,1280,4,19,0.37,10485,0.00448259418,0,0,1,3
2,4,1048576,1280,4,19,0.38,10486,0.00600801068,0,0,1,4
2,4,1048576,1280,4,19,0.39,10486,0.00724775892,0,0,1,4
2,4,1048576,1280,4,19,0.4,10486,0.00972725539,0,0,2,2
2,4,1048576,1280,4,19,0.41,10485,0.0111587983,0,0,2,4
2,4,1048576,1280,4,19,0.42,10486,0.0123974824,0,1,2,3
2,4,1048576,1280,4,19,0.43,10486,0.0124928476,0,1,2,3
2,4,1048576,1280,4,19,0.44,10486,0.0158306313,0,1,2,3
2,4,1048576,1280,4,19,0.45,10485,0.017739628,0,1,2,3
2,4,1048576,1280,4,19,0.46,10486,0.0188823193,0,1,2,3
2,4,1048576,1280,4,19,0.47,10486,0.0231737555,0,1,2,4
2,4,1048576,1280,4,19,0.48,10486,0.0272744612,0,1,2,3
2,4,1048576,1280,4,19,0.49,10485,0.0326180258,0,1,2,4
2,4,1048576,1280,4,19,0.5,10486,0.0303261492,0,1,2,4
2,4,1048576,1280,4,19,0.51,10486,0.0400534045,0,1,3,6
2,4,1048576,1280,4,19,0.52,10486,0.0486362769,0,1,3,7
2,4,1048576,1280,4,19,0.53,10486,0.0504482167,0,1,3,6
2,4,1048576,1280,4,19,0.54,10485,0.0568431092,0,2,3,4
2,4,1048576,1280,4,19,0.55,10486,0.0599847416,0,2,3,7
2,4,1048576,1280,4,19,0.56,10486,0.0650390998,0,2,4,9
2,4,1048576,1280,4,19,0.57,10486,0.0791531566,0,2,4,6
2,4,1048576,1280,4,19,0.58,10485,0.0938483548,0,2,4,5
2,4,1048576,1280,4,19,0.59,10486,0.0915506389,0,2,5,6
2,4,1048576,1280,4,19,0.6,10486,0.114915125,0,2,5,7
2,4,1048576,1280,4,19,0.61,10486,0.128933817,0,3,5,8
2,4,1048576,1280,4,19,0.62,10485,0.140963281,0,3,5,8
2,4,1048576,1280,4,19,0.63,10486,0.153442685,0,3,5,8
2,4,1048576,1280,4,19,0.64,10486,0.175853519,0,3,6,8
2,4,1048576,1280,4,19,0.65,10486,0.193400725,0,3,5,10
2,4,1048576,1280,4,19,0.66,10485,0.211921793,0,4,7,8
2,4,1048576,1280,4,19,0.67,10486,0.234598512,0,4,7,11
2,4,1048576,1280,4,19,0.68,10486,0.264447835,0,4,7,12
2,4,1048576,1280,4,19,0.69,10486,0.288861339,0,4,7,8
2,4,1048576,1280,4,19,0.7,10485,0.311683357,0,4,8,12
2,4,1048576,1280,4,19,0.71,10486,0.372973488,0,5,8,12
2,4,1048576,1280,4,19,0.72,10486,0.413026893,0,5,10,15
2,4,1048576,1280,4,19,0.73,10486,0.455178333,0,6,10,13
2,4,1048576,1280,4,19,0.74,10485,0.508345255,0,7,11,20
2,4,1048576,1280,4,19,0.75,10486,0.57486172,0,7,12,26
2,4,1048576,1280,4,19,0.76,10486,0.622067519,0,7,12,17
2,4,1048576,1280,4,19,0.77,10486,0.712092314,0,8,13,27
2,4,1048576,1280,4,19,0.78,10486,0.825290864,0,9,14,20
2,4,1048576,1280,4,19,0.79,10485,0.956795422,0,9,16,28
2,4,1048576,1280,4,19,0.8,10486,1.04548922,0,10,17,23
2,4,1048576,1280,4,19,0.81,10486,1.1973107,0,11,18,24
2,4,1048576,1280,4,19,0.82,10486,1.43419798,0,13,21,29
2,4,1048576,1280,4,19,0.83,10485,1.56633286,0,13,21,25
2,4,1048576,1280,4,19,0.84,10486,1.85523555,0,15,23,41
2,4,1048576,1280,4,19,0.85,10486,2.10928858,0,17,28,62
2,4,1048576,1280,4,19,0.86,10486,2.56561129,0,21,32,48
2,4,1048576,1280,4,19,0.87,10485,3.04368145,1,22,34,44
2,4,1048576,1280,4,19,0.88,10486,3.66374213,1,27,43,57
2,4,1048576,1280,4,19,0.89,10486,4.37268739,1,31,46,63
2,4,1048576,1280,4,19,0.9,10486,5.48369254,2,38,61,80
2,4,1048576,1280,4,19,0.91,10485,6.79752027,2,45,69,149
2,4,1048576,1280,4,19,0.92,10486,9.349609,4,58,94,133
2,4,1048576,1280,4,19,0.93,10486,12.9572764,6,77,120,155
2,4,1048576,1280,4,19,0.94,10486,19.9797826,11,116,178,384
2,4,1048576,1280,4,19,0.95,10485,34.4792561,18,205,316,527
2,4,1048576,1280,4,19,0.96,10486,79.6478161,45,478,766,1002
2,4,1048576,1280,4,19,0.97,168,132.202381,87,704,708,708
2,4,1048576,1280,4,20,0,10486,0,0,0,0,0
2,4,1048576,1280,4,20,0.01,10486,0,0,0,0,0
2,4,1048576,1280,4,20,0.02,10486,0,0,0,0,0
2,4,1048576,1280,4,20,0.03,10486,0,0,0,0,0
2,4,1048576,1280,4,20,0.04,10485,0,0,0,0,0
2,4,1048576,1280,4,20,0.05,10486,0,0,0,0,0
2,4,1048576,1280,4,20,0.06,10486,0,0,0,0,0
2,4,1048576,1280,4,20,0.07,10486,0,0,0,0,0
2,4,1048576,1280,4,20,0.08,10485,0,0,0,0,0
2,4,1048576,1280,4,20,0.09,10486,0,0,0,0,0
2,4,1048576,1280,4,20,0.1,10486,0,0,0,0,0
2,4,1048576,1280,4,20,0.11,10486,0,0,0,0,0
2,4,1048576,1280,4,20,0.12,10485,0,0,0,0,0
2,4,1048576,1280,4,20,0.13,10486,0,0,0,0,0
2,4,1048576,1280,4,20,0.14,10486,0,0,0,0,0
2,4,1048576,1280,4,20,0.15,10486,0,0,0,0,0
2,4,1048576,1280,4,20,0.16,10485,0,0,0,0,0
2,4,1048576,1280,4,20,0.17,10486,0,0,0,0,0
2,4,1048576,1280,4,20,0.18,10486,0,0,0,0,0
2,4,1048576,1280,4,20,0.19,10486,0,0,0,0,0
2,4,1048576,1280,4,20,0.2,10485,9.53743443e-05,0,0,0,1
2,4,1048576,1280,4,20,0.21,10486,0.000190730498,0,0,0,1
2,4,1048576,1280,4,20,0.22,10486,0.000286095747,0,0,0,2
2,4,1048576,1280,4,20,0.23,10486,0.000190730498,0,0,0,1
2,4,1048576,1280,4,20,0.24,10485,0.00066762041,0,0,0,2
2,4,1048576,1280,4,20,0.25,10486,9.53652489e-05,0,0,0,1
2,4,1048576,1280,4,20,0.26,10486,0.000476826245,0,0,0,1
2,4,1048576,1280,4,20,0.27,10486,0.000476826245,0,0,0,1
2,4,1048576,1280,4,20,0.28,10486,0.000762921991,0,0,0,1
2,4,1048576,1280,4,20,0.29,10485,0.00114449213,0,0,1,1
2,4,1048576,1280,4,20,0.3,10486,0.00190730498,0,0,1,1
2,4,1048576,1280,4,20,0.31,10486,0.00152584398,0,0,1,1
2,4,1048576,1280,4,20,0.32,10486,0.00209803548,0,0,1,3
2,4,1048576,1280,4,20,0.33,10485,0.00286123033,0,0,1,4
2,4,1048576,1280,4,20,0.34,10486,0.00295632272,0,0,1,2
2,4,1048576,1280,4,20,0.35,10486,0.00228876597,0,0,1,1
2,4,1048576,1280,4,20,0.36,10486,0.00505435819,0,0,1,2
2,4,1048576,1280,4,20,0.37,10485,0.00572246066,0,0,1,2
2,4,1048576,1280,4,20,0.38,10486,0.00610337593,0,0,1,3
2,4,1048576,1280,4,20,0.39,10486,0.00705702842,0,0,1,2
2,4,1048576,1280,4,20,0.4,10486,0.00667556742,0,0,1,3
2,4,1048576,1280,4,20,0.41,10485,0.0092513114,0,0,1,3
2,4,1048576,1280,4,20,0.42,10486,0.0116345604,0,0,2,3
2,4,1048576,1280,4,20,0.43,10486,0.0123974824,0,1,2,3
2,4,1048576,1280,4,20,0.44,10486,0.0160213618,0,1,2,3
2,4,1048576,1280,4,20,0.45,10485,0.0162136385,0,1,2,4
2,4,1048576,1280,4,20,0.46,10486,0.0186915888,0,1,2,4
2,4,1048576,1280,4,20,0.47,10486,0.0254625215,0,1,3,3
2,4,1048576,1280,4,20,0.48,10486,0.0262254434,0,1,2,4
2,4,1048576,1280,4,20,0.49,10485,0.0298521698,0,1,2,6
2,4,1048576,1280,4,20,0.5,10486,0.0309937059,0,1,2,5
2,4,1048576,1280,4,20,0.51,10486,0.0374785428,0,1,2,6
2,4,1048576,1280,4,20,0.52,10486,0.041388518,0,1,3,6
2,4,1048576,1280,4,20,0.53,10486,0.0540720961,0,2,3,5
2,4,1048576,1280,4,20,0.54,10485,0.0532188841,0,2,3,5
2,4,1048576,1280,4,20,0.55,10486,0.0584588976,0,2,3,4
2,4,1048576,1280,4,20,0.56,10486,0.068567614,0,2,4,6
2,4,1048576,1280,4,20,0.57,10486,0.0799160786,0,2,4,5
2,4,1048576,1280,4,20,0.58,10485,0.0924177396,0,2,4,5
2,4,1048576,1280,4,20,0.59,10486,0.100324242,0,2,4,6
2,4,1048576,1280,4,20,0.6,10486,0.0999427809,0,2,4,8
2,4,1048576,1280,4,20,0.61,10486,0.123402632,0,3,5,9
2,4,1048576,1280,4,20,0.62,10485,0.128946113,0,3,5,7
2,4,1048576,1280,4,20,0.63,10486,0.158592409,0,3,5,7
2,4,1048576,1280,4,20,0.64,10486,0.171085257,0,3,6,9
2,4,1048576,1280,4,20,0.65,10486,0.189586115,0,3,6,10
2,4,1048576,1280,4,20,0.66,10485,0.217548879,0,4,6,14
2,4,1048576,1280,4,20,0.67,10486,0.234503147,0,4,7,9
2,4,1048576,1280,4,20,0.68,10486,0.285046729,0,4,7,10
2,4,1048576,1280,4,20,0.69,10486,0.292675949,0,4,8,11
2,4,1048576,1280,4,20,0.7,10485,0.325703386,0,4,7,11
2,4,1048576,1280,4,20,0.71,10486,0.353042151,0,5,8,12
2,4,1048576,1280,4,20,0.72,10486,0.426473393,0,5,10,14
2,4,1048576,1280,4,20,0.73,10486,0.445641808,0,5,9,14
2,4,1048576,1280,4,20,0.74,10485,0.501096805,0,6,11,15
2,4,1048576,1280,4,20,0.75,10486,0.582681671,0,7,12,19
2,4,1048576,1280,4,20,0.76,10486,0.656017547,0,7,12,21
2,4,1048576,1280,4,20,0.77,10486,0.743086019,0,8,13,19
2,4,1048576,1280,4,20,0.78,10486,0.815849704,0,8,14,21
2,4,1048576,1280,4,20,0.79,10485,0.936003815,0,9,15,21
2,4,1048576,1280,4,20,0.8,10486,1.0534999,0,10,15,31
2,4,1048576,1280,4,20,0.81,10486,1.19845508,0,11,18,27
2,4,1048576,1280,4,20,0.82,10486,1.36658402,0,12,19,26
2,4,1048576,1280,4,20,0.83,10485,1.56995708,0,14,22,38
2,4,1048576,1280,4,20,0.84,10486,1.89080679,0,16,24,38
2,4,1048576,1280,4,20,0.85,10486,2.13456037,0,17,26,49
2,4,1048576,1280,4,20,0.86,10486,2.47596796,0,19,32,39
2,4,1048576,1280,4,20,0.87,10485,2.93686218,0,22,35,51
2,4,1048576,1280,4,20,0.88,10486,3.60089643,1,25,42,67
2,4,1048576,1280,4,20,0.89,10486,4.43047873,1,31,49,72
2,4,1048576,1280,4,20,0.9,10486,5.38022125,2,37,58,81
2,4,1048576,1280,4,20,0.91,10485,7.10920362,3,46,70,96
2,4,1048576,1280,4,20,0.92,10486,9.38231928,4,58,95,126
2,4,1048576,1280,4,20,0.93,10486,12.8515163,6,81,125,160
2,4,1048576,1280,4,20,0.94,10486,20.2535762,11,120,176,361
2,4,1048576,1280,4,20,0.95,10485,34.568145,19,196,294,408
2,4,1048576,1280,4,20,0.96,9566,77.2282041,44,444,722,1009
2,4,1048576,5120,16,1,0,10486,0,0,0,0,0
2,4,1048576,5120,16,1,0.01,10486,0,0,0,0,0
2,4,1048576,5120,16,1,0.02,10486,0,0,0,0,0
2,4,1048576,5120,16,1,0.03,10486,0,0,0,0,0
2,4,1048576,5120,16,1,0.04,10485,0,0,0,0,0
2,4,1048576,5120,16,1,0.05,10486,0,0,0,0,0
2,4,1048576,5120,16,1,0.06,10486,0,0,0,0,0
2,4,1048576,5120,16,1,0.07,10486,0,0,0,0,0
2,4,1048576,5120,16,1,0.08,10485,0,0,0,0,0
2,4,1048576,5120,16,1,0.09,10486,0,0,0,0,0
2,4,1048576,5120,16,1,0.1,10486,0,0,0,0,0
2,4,1048576,5120,16,1,0.11,10486,0,0,0,0,0
2,4,1048576,5120,16,1,0.12,10485,0,0,0,0,0
2,4,1048576,5120,16,1,0.13,10486,0,0,0,0,0
2,4,1048576,5120,16,1,0.14,10486,0,0,0,0,0
2,4,1048576,5120,16,1,0.15,10486,0,0,0,0,0
2,4,1048576,5120,16,1,0.16,10485,9.53743443e-05,0,0,0,1
2,4,1048576,5120,16,1,0.17,10486,0,0,0,0,0
2,4,1048576,5120,16,1,0.18,10486,0,0,0,0,0
2,4,1048576,5120,16,1,0.19,10486,9.53652489e-05,0,0,0,1
2,4,1048576,5120,16,1,0.2,10485,9.53743443e-05,0,0,0,1
2,4,1048576,5120,16,1,0.21,10486,9.53652489e-05,0,0,0,1
2,4,1048576,5120,16,1,0.22,10486,0.000286095747,0,0,0,1
2,4,1048576,5120,16,1,0.23,10486,0,0,0,0,0
2,4,1048576,5120,16,1,0.24,10485,0.000381497377,0,0,0,1
2,4,1048576,5120,16,1,0.25,10486,0.000190730498,0,0,0,1
2,4,1048576,5120,16,1,0.26,10486,0.000381460996,0,0,0,1
2,4,1048576,5120,16,1,0.27,10486,0.00085828724,0,0,0,1
2,4,1048576,5120,16,1,0.28,10486,0.000572191493,0,0,0,1
2,4,1048576,5120,16,1,0.29,10485,0.00133524082,0,0,1,2
2,4,1048576,5120,16,1,0.3,10486,0.00114438299,0,0,1,1
2,4,1048576,5120,16,1,0.31,10486,0.00333778371,0,0,1,3
2,4,1048576,5120,16,1,0.32,10486,0.00133511348,0,0,1,1
2,4,1048576,5120,16,1,0.33,10485,0.00276585598,0,0,1,2
2,4,1048576,5120,16,1,0.34,10486,0.00343314896,0,0,1,2
2,4,1048576,5120,16,1,0.35,10486,0.00305168796,0,0,1,3
2,4,1048576,5120,16,1,0.36,10486,0.00495899294,0,0,1,3
2,4,1048576,5120,16,1,0.37,10485,0.00524558894,0,0,1,2
2,4,1048576,5120,16,1,0.38,10486,0.00524508869,0,0,1,3
2,4,1048576,5120,16,1,0.39,10486,0.00486362769,0,0,1,2
2,4,1048576,5120,16,1,0.4,10486,0.0083921419,0,0,1,3
2,4,1048576,5120,16,1,0.41,10485,0.0110634239,0,1,1,3
2,4,1048576,5120,16,1,0.42,10486,0.0129696739,0,1,2,3
2,4,1048576,5120,16,1,0.43,10486,0.0119206561,0,1,2,3
2,4,1048576,5120,16,1,0.44,10486,0.0124928476,0,1,2,3
2,4,1048576,5120,16,1,0.45,10485,0.017167382,0,1,2,3
2,4,1048576,5120,16,1,0.46,10486,0.021838642,0,1,2,4
2,4,1048576,5120,16,1,0.47,10486,0.0202174328,0,1,2,3
2,4,1048576,5120,16,1,0.48,10486,0.0281327484,0,1,2,4
2,4,1048576,5120,16,1,0.49,10485,0.0308059132,0,1,2,5
2,4,1048576,5120,16,1,0.5,10486,0.0321380889,0,1,2,4
2,4,1048576,5120,16,1,0.51,10486,0.0357619683,0,1,3,6
2,4,1048576,5120,16,1,0.52,10486,0.0422468053,0,1,3,4
2,4,1048576,5120,16,1,0.53,10486,0.0469197025,0,1,3,6
2,4,1048576,5120,16,1,0.54,10485,0.0577968526,0,2,3,5
2,4,1048576,5120,16,1,0.55,10486,0.063608621,0,2,3,6
2,4,1048576,5120,16,1,0.56,10486,0.0692351707,0,2,4,6
2,4,1048576,5120,16,1,0.57,10486,0.0775319474,0,2,3,9
2,4,1048576,5120,16,1,0.58,10485,0.0947067239,0,2,4,7
2,4,1048576,5120,16,1,0.59,10486,0.0960328056,0,2,5,7
2,4,1048576,5120,16,1,0.6,10486,0.117489987,0,2,4,10
2,4,1048576,5120,16,1,0.61,10486,0.122258249,0,3,5,7
2,4,1048576,5120,16,1,0.62,10485,0.141630901,0,3,5,6
2,4,1048576,5120,16,1,0.63,10486,0.159736792,0,3,5,7
2,4,1048576,5120,16,1,0.64,10486,0.159259966,0,3,5,10
2,4,1048576,5120,16,1,0.65,10486,0.198455083,0,3,5,8
2,4,1048576,5120,16,1,0.66,10485,0.199523128,0,3,6,8
2,4,1048576,5120,16,1,0.67,10486,0.255292771,0,4,6,11
2,4,1048576,5120,16,1,0.68,10486,0.263875644,0,4,8,13
2,4,1048576,5120,16,1,0.69,10486,0.283520885,0,4,7,11
2,4,1048576,5120,16,1,0.7,10485,0.318931807,0,4,8,10
2,4,1048576,5120,16,1,0.71,10486,0.366488652,0,5,8,11
2,4,1048576,5120,16,1,0.72,10486,0.384703414,0,5,9,12
2,4,1048576,5120,16,1,0.73,10486,0.449551783,0,6,9,15
2,4,1048576,5120,16,1,0.74,10485,0.508726753,0,6,11,14
2,4,1048576,5120,16,1,0.75,10486,0.558268167,0,7,12,15
2,4,1048576,5120,16,1,0.76,10486,0.6591646,0,7,12,23
2,4,1048576,5120,16,1,0.77,10486,0.735075339,0,8,13,19
2,4,1048576,5120,16,1,0.78,10486,0.855903109,0,9,16,24
2,4,1048576,5120,16,1,0.79,10485,0.892703863,0,9,15,31
2,4,1048576,5120,16,1,0.8,10486,1.04634751,0,10,15,24
2,4,1048576,5120,16,1,0.81,10486,1.16221629,0,11,17,27
2,4,1048576,5120,16,1,0.82,10486,1.39967576,0,12,21,29
2,4,1048576,5120,16,1,0.83,10485,1.57463042,0,14,23,49
2,4,1048576,5120,16,1,0.84,10486,1.84293344,0,16,24,42
2,4,1048576,5120,16,1,0.85,10486,2.0963189,0,17,28,36
2,4,1048576,5120,16,1,0.86,10486,2.57276368,0,20,30,39
2,4,1048576,5120,16,1,0.87,10485,2.98197425,0,23,36,50
2,4,1048576,5120,16,1,0.88,10486,3.58783139,1,26,40,56
2,4,1048576,5120,16,1,0.89,10486,4.44688156,1,32,50,77
2,4,1048576,5120,16,1,0.9,10486,5.48960519,2,37,64,73
2,4,1048576,5120,16,1,0.91,10485,7.11807344,3,46,74,104
2,4,1048576,5120,16,1,0.92,10486,9.35523555,4,58,95,135
2,4,1048576,5120,16,1,0.93,10486,13.4028228,6,85,134,185
2,4,1048576,5120,16,1,0.94,10486,20.2801831,11,119,183,246
2,4,1048576,5120,16,1,0.95,10485,34.6211731,19,203,317,477
2,4,1048576,5120,16,1,0.96,10486,85.8956704,48,526,896,1188
2,4,1048576,5120,16,1,0.97,5918,294.051707,168,1765,3176,4398
2,4,1048576,5120,16,2,0,10486,0,0,0,0,0
2,4,1048576,5120,16,2,0.01,10486,0,0,0,0,0
2,4,1048576,5120,16,2,0.02,10486,0,0,0,0,0
2,4,1048576,5120,16,2,0.03,10486,0,0,0,0,0
2,4,1048576,5120,16,2,0.04,10485,0,0,0,0,0
2,4,1048576,5120,16,2,0.05,10486,0,0,0,0,0
2,4,1048576,5120,16,2,0.06,10486,0,0,0,0,0
2,4,1048576,5120,16,2,0.07,10486,0,0,0,0,0
2,4,1048576,5120,16,2,0.08,10485,0,0,0,0,0
2,4,1048576,5120,16,2,0.09,10486,0,0,0,0,0
2,4,1048576,5120,16,2,0.1,10486,0,0,0,0,0
2,4,1048576,5120,16,2,0.11,10486,0,0,0,0,0
2,4,1048576,5120,16,2,0.12,10485,0,0,0,0,0
2,4,1048576,5120,16,2,0.13,10486,0,0,0,0,0
2,4,1048576,5120,16,2,0.14,10486,0,0,0,0,0
2,4,1048576,5120,16,2,0.15,10486,0,0,0,0,0
2,4,1048576,5120,16,2,0.16,10485,0,0,0,0,0
2,4,1048576,5120,16,2,0.17,10486,9.53652489e-05,0,0,0,1
2,4,1048576,5120,16,2,0.18,10486,9.53652489e-05,0,0,0,1
2,4,1048576,5120,16,2,0.19,10486,9.53652489e-05,0,0,0,1
2,4,1048576,5120,16,2,0.2,10485,9.53743443e-05,0,0,0,1
2,4,1048576,5120,16,2,0.21,10486,0,0,0,0,0
2,4,1048576,5120,16,2,0.22,10486,0.000572191493,0,0,0,1
2,4,1048576,5120,16,2,0.23,10486,0.000572191493,0,0,0,2
2,4,1048576,5120,16,2,0.24,10485,0.000476871722,0,0,0,1
2,4,1048576,5120,16,2,0.25,10486,9.53652489e-05,0,0,0,1
2,4,1048576,5120,16,2,0.26,10486,0.000190730498,0,0,0,1
2,4,1048576,5120,16,2,0.27,10486,0.000762921991,0,0,0,2
2,4,1048576,5120,16,2,0.28,10486,0.000953652489,0,0,0,1
2,4,1048576,5120,16,2,0.29,10485,0.000572246066,0,0,0,1
2,4,1048576,5120,16,2,0.3,10486,0.00114438299,0,0,1,1
2,4,1048576,5120,16,2,0.31,10486,0.00181193973,0,0,1,2
2,4,1048576,5120,16,2,0.32,10486,0.00219340072,0,0,1,1
2,4,1048576,5120,16,2,0.33,10485,0.00333810205,0,0,1,2
2,4,1048576,5120,16,2,0.34,10486,0.00257486172,0,0,1,2
2,4,1048576,5120,16,2,0.35,10486,0.0046728972,0,0,1,2
2,4,1048576,5120,16,2,0.36,10486,0.00381460996,0,0,1,2
2,4,1048576,5120,16,2,0.37,10485,0.0049594659,0,0,1,2
2,4,1048576,5120,16,2,0.38,10486,0.00524508869,0,0,1,2
2,4,1048576,5120,16,2,0.39,10486,0.00648483693,0,0,1,3
2,4,1048576,5120,16,2,0.4,10486,0.00772458516,0,0,2,3
2,4,1048576,5120,16,2,0.41,10485,0.0102050548,0,0,2,3
2,4,1048576,5120,16,2,0.42,10486,0.0116345604,0,1,1,3
2,4,1048576,5120,16,2,0.43,10486,0.0133511348,0,1,2,3
2,4,1048576,5120,16,2,0.44,10486,0.0146862483,0,1,2,3
2,4,1048576,5120,16,2,0.45,10485,0.0178350024,0,1,2,3
2,4,1048576,5120,16,2,0.46,10486,0.0197406065,0,1,2,4
2,4,1048576,5120,16,2,0.47,10486,0.021838642,0,1,2,4
2,4,1048576,5120,16,2,0.48,10486,0.026034713,0,1,2,5
2,4,1048576,5120,16,2,0.49,10485,0.0304244158,0,1,2,5
2,4,1048576,5120,16,2,0.5,10486,0.0320427236,0,1,2,4
2,4,1048576,5120,16,2,0.51,10486,0.0370017166,0,1,3,4
2,4,1048576,5120,16,2,0.52,10486,0.0382414648,0,1,3,5
2,4,1048576,5120,16,2,0.53,10486,0.0482548159,0,1,3,5
2,4,1048576,5120,16,2,0.54,10485,0.057892227,0,2,3,5
2,4,1048576,5120,16,2,0.55,10486,0.0567423231,0,2,3,6
2,4,1048576,5120,16,2,0.56,10486,0.0712378409,0,2,4,8
2,4,1048576,5120,16,2,0.57,10486,0.0792485218,0,2,4,7
2,4,1048576,5120,16,2,0.58,10485,0.0932761087,0,2,5,7
2,4,1048576,5120,16,2,0.59,10486,0.0966049971,0,2,4,7
2,4,1048576,5120,16,2,0.6,10486,0.104901774,0,2,5,8
2,4,1048576,5120,16,2,0.61,10486,0.112912455,0,2,5,9
2,4,1048576,5120,16,2,0.62,10485,0.138388174,0,3,5,8
2,4,1048576,5120,16,2,0.63,10486,0.159069235,0,3,5,10
2,4,1048576,5120,16,2,0.64,10486,0.165172611,0,3,6,10
2,4,1048576,5120,16,2,0.65,10486,0.192351707,0,3,6,10
2,4,1048576,5120,16,2,0.66,10485,0.219170243,0,4,6,13
2,4,1048576,5120,16,2,0.67,10486,0.244039672,0,4,7,10
2,4,1048576,5120,16,2,0.68,10486,0.259012016,0,4,6,10
2,4,1048576,5120,16,2,0.69,10486,0.296585924,0,4,7,10
2,4,1048576,5120,16,2,0.7,10485,0.318359561,0,4,8,10
2,4,1048576,5120,16,2,0.71,10486,0.374117871,0,5,9,11
2,4,1048576,5120,16,2,0.72,10486,0.397577723,0,5,9,14
2,4,1048576,5120,16,2,0.73,10486,0.453461759,0,6,10,14
2,4,1048576,5120,16,2,0.74,10485,0.523795899,0,6,11,16
2,4,1048576,5120,16,2,0.75,10486,0.561510586,0,7,11,20
2,4,1048576,5120,16,2,0.76,10486,0.616345604,0,7,12,15
2,4,1048576,5120,16,2,0.77,10486,0.686725157,0,7,12,18
2,4,1048576,5120,16,2,0.78,10486,0.843600992,0,8,13,19
2,4,1048576,5120,16,2,0.79,10485,0.919980925,0,9,15,21
2,4,1048576,5120,16,2,0.8,10486,1.04739653,0,10,16,26
2,4,1048576,5120,16,2,0.81,10486,1.18672516,0,10,17,34
2,4,1048576,5120,16,2,0.82,10486,1.34875072,0,12,19,30
2,4,1048576,5120,16,2,0.83,10485,1.52885074,0,13,21,25
2,4,1048576,5120,16,2,0.84,10486,1.85599847,0,16,24,32
2,4,1048576,5120,16,2,0.85,10486,2.00524509,0,17,29,39
2,4,1048576,5120,16,2,0.86,10486,2.5134465,0,19,31,43
2,4,1048576,5120,16,2,0.87,10485,2.98273724,0,22,35,56
2,4,1048576,5120,16,2,0.88,10486,3.54358192,1,26,39,49
2,4,1048576,5120,16,2,0.89,10486,4.28695403,1,29,47,95
2,4,1048576,5120,16,2,0.9,10486,5.43353042,2,37,58,99
2,4,1048576,5120,16,2,0.91,10485,7.12055317,3,46,76,104
2,4,1048576,5120,16,2,0.92,10486,9.24299065,4,59,89,115
2,4,1048576,5120,16,2,0.93,10486,12.9266641,6,82,119,170
2,4,1048576,5120,16,2,0.94,10486,19.6896815,10,117,175,270
2,4,1048576,5120,16,2,0.95,10485,34.9917024,20,205,309,434
2,4,1048576,5120,16,2,0.96,10486,83.4814038,47,491,793,1243
2,4,1048576,5120,16,2,0.97,6553,305.004731,168,1938,3260,4095
2,4,1048576,5120,16,3,0,10486,0,0,0,0,0
2,4,1048576,5120,16,3,0.01,10486,0,0,0,0,0
2,4,1048576,5120,16,3,0.02,10486,0,0,0,0,0
2,4,1048576,5120,16,3,0.03,10486,0,0,0,0,0
2,4,1048576,5120,16,3,0.04,10485,0,0,0,0,0
2,4,1048576,5120,16,3,0.05,10486,0,0,0,0,0
2,4,1048576,5120,16,3,0.06,10486,0,0,0,0,0
2,4,1048576,5120,16,3,0.07,10486,0,0,0,0,0
2,4,1048576,5120,16,3,0.08,10485,0,0,0,0,0
2,4,1048576,5120,16,3,0.09,10486,0,0,0,0,0
2,4,1048576,5120,16,3,0.1,10486,0,0,0,0,0
2,4,1048576,5120,16,3,0.11,10486,0,0,0,0,0
2,4,1048576,5120,16,3,0.12,10485,0,0,0,0,0
2,4,1048576,5120,16,3,0.13,10486,0,0,0,0,0
2,4,1048576,5120,16,3,0.14,10486,0,0,0,0,0
2,4,1048576,5120,16,3,0.15,10486,0,0,0,0,0
2,4,1048576,5120,16,3,0.16,10485,0,0,0,0,0
2,4,1048576,5120,16,3,0.17,10486,9.53652489e-05,0,0,0,1
2,4,1048576,5120,16,3,0.18,10486,0,0,0,0,0
2,4,1048576,5120,16,3,0.19,10486,0,0,0,0,0
2,4,1048576,5120,16,3,0.2,10485,0.000190748689,0,0,0,1
2,4,1048576,5120,16,3,0.21,10486,9.53652489e-05,0,0,0,1
2,4,1048576,5120,16,3,0.22,10486,0.000190730498,0,0,0,1
2,4,1048576,5120,16,3,0.23,10486,9.53652489e-05,0,0,0,1
2,4,1048576,5120,16,3,0.24,10485,0.000953743443,0,0,0,1
2,4,1048576,5120,16,3,0.25,10486,9.53652489e-05,0,0,0,1
2,4,1048576,5120,16,3,0.26,10486,0.000572191493,0,0,0,1
2,4,1048576,5120,16,3,0.27,10486,0.00104901774,0,0,0,2
2,4,1048576,5120,16,3,0.28,10486,0.000762921991,0,0,0,1
2,4,1048576,5120,16,3,0.29,10485,0.00162136385,0,0,1,1
2,4,1048576,5120,16,3,0.3,10486,0.00143047873,0,0,1,2
2,4,1048576,5120,16,3,0.31,10486,0.00162120923,0,0,1,1
2,4,1048576,5120,16,3,0.32,10486,0.00295632272,0,0,1,2
2,4,1048576,5120,16,3,0.33,10485,0.00190748689,0,0,1,1
2,4,1048576,5120,16,3,0.34,10486,0.00247949647,0,0,1,2
2,4,1048576,5120,16,3,0.35,10486,0.00362387946,0,0,1,2
2,4,1048576,5120,16,3,0.36,10486,0.00362387946,0,0,1,1
2,4,1048576,5120,16,3,0.37,10485,0.00686695279,0,0,1,3
2,4,1048576,5120,16,3,0.38,10486,0.00524508869,0,0,1,2
2,4,1048576,5120,16,3,0.39,10486,0.00495899294,0,0,1,2
2,4,1048576,5120,16,3,0.4,10486,0.00820141141,0,0,1,3
2,4,1048576,5120,16,3,0.41,10485,0.00953743443,0,0,1,2
2,4,1048576,5120,16,3,0.42,10486,0.0104901774,0,0,2,2
2,4,1048576,5120,16,3,0.43,10486,0.0125882129,0,1,2,3
2,4,1048576,5120,16,3,0.44,10486,0.0159259966,0,1,2,4
2,4,1048576,5120,16,3,0.45,10485,0.0157367668,0,1,2,4
2,4,1048576,5120,16,3,0.46,10486,0.0170703796,0,1,2,3
2,4,1048576,5120,16,3,0.47,10486,0.0228876597,0,1,2,4
2,4,1048576,5120,16,3,0.48,10486,0.0265115392,0,1,2,3
2,4,1048576,5120,16,3,0.49,10485,0.0274678112,0,1,2,5
2,4,1048576,5120,16,3,0.5,10486,0.0316612626,0,1,3,3
2,4,1048576,5120,16,3,0.51,10486,0.0383368301,0,1,3,5
2,4,1048576,5120,16,3,0.52,10486,0.0415792485,0,1,2,5
2,4,1048576,5120,16,3,0.53,10486,0.0499713904,0,1,3,6
2,4,1048576,5120,16,3,0.54,10485,0.0558893658,0,2,3,5
2,4,1048576,5120,16,3,0.55,10486,0.0567423231,0,2,3,4
2,4,1048576,5120,16,3,0.56,10486,0.0641808125,0,2,3,5
2,4,1048576,5120,16,3,0.57,10486,0.0750524509,0,2,4,5
2,4,1048576,5120,16,3,0.58,10485,0.0863137816,0,2,4,6
2,4,1048576,5120,16,3,0.59,10486,0.0931718482,0,2,4,6
2,4,1048576,5120,16,3,0.6,10486,0.111768072,0,2,4,9
2,4,1048576,5120,16,3,0.61,10486,0.12263971,0,2,5,7
2,4,1048576,5120,16,3,0.62,10485,0.132188841,0,3,5,7
2,4,1048576,5120,16,3,0.63,10486,0.152584398,0,3,5,9
2,4,1048576,5120,16,3,0.64,10486,0.178619111,0,3,6,10
2,4,1048576,5120,16,3,0.65,10486,0.19168415,0,3,6,12
2,4,1048576,5120,16,3,0.66,10485,0.202288984,0,4,6,7
2,4,1048576,5120,16,3,0.67,10486,0.230688537,0,4,6,8
2,4,1048576,5120,16,3,0.68,10486,0.259012016,0,4,8,11
2,4,1048576,5120,16,3,0.69,10486,0.291340835,0,4,7,14
2,4,1048576,5120,16,3,0.7,10485,0.315498331,0,4,7,9
2,4,1048576,5120,16,3,0.71,10486,0.347129506,0,5,8,10
2,4,1048576,5120,16,3,0.72,10486,0.397386992,0,5,9,15
2,4,1048576,5120,16,3,0.73,10486,0.467385085,0,6,9,13
2,4,1048576,5120,16,3,0.74,10485,0.514544588,0,6,10,20
2,4,1048576,5120,16,3,0.75,10486,0.562178142,0,7,10,14
2,4,1048576,5120,16,3,0.76,10486,0.640473012,0,7,12,19
2,4,1048576,5120,16,3,0.77,10486,0.72601564,0,8,13,19
2,4,1048576,5120,16,3,0.78,10486,0.831489605,0,8,14,23
2,4,1048576,5120,16,3,0.79,10485,0.931235098,0,9,14,22
2,4,1048576,5120,16,3,0.8,10486,1.07715049,0,11,17,22
2,4,1048576,5120,16,3,0.81,10486,1.17556742,0,11,18,26
2,4,1048576,5120,16,3,0.82,10486,1.35981308,0,12,22,33
2,4,1048576,5120,16,3,0.83,10485,1.57300906,0,13,20,45
2,4,1048576,5120,16,3,0.84,10486,1.79105474,0,15,23,33
2,4,1048576,5120,16,3,0.85,10486,2.12025558,0,17,29,54
2,4,1048576,5120,16,3,0.86,10486,2.55016212,0,19,33,49
2,4,1048576,5120,16,3,0.87,10485,2.93218884,0,23,38,51
2,4,1048576,5120,16,3,0.88,10486,3.62006485,1,26,43,52
2,4,1048576,5120,16,3,0.89,10486,4.32529086,1,30,47,67
2,4,1048576,5120,16,3,0.9,10486,5.51335113,2,38,67,87
2,4,1048576,5120,16,3,0.91,10485,6.8832618,3,46,65,86
2,4,1048576,5120,16,3,0.92,10486,9.08697311,4,58,87,130
2,4,1048576,5120,16,3,0.93,10486,12.7512874,6,78,132,174
2,4,1048576,5120,16,3,0.94,10486,20.0161167,11,117,191,322
2,4,1048576,5120,16,3,0.95,10485,34.3848355,19,199,317,364
2,4,1048576,5120,16,3,0.96,10486,82.4275224,46,493,876,1300
2,4,1048576,5120,16,3,0.97,7258,339.581427,182,2286,3824,4799
2,4,1048576,5120,16,4,0,10486,0,0,0,0,0
2,4,1048576,5120,16,4,0.01,10486,0,0,0,0,0
2,4,1048576,5120,16,4,0.02,10486,0,0,0,0,0
2,4,1048576,5120,16,4,0.03,10486,0,0,0,0,0
2,4,1048576,5120,16,4,0.04,10485,0,0,0,0,0
2,4,1048576,5120,16,4,0.05,10486,0,0,0,0,0
2,4,1048576,5120,16,4,0.06,10486,0,0,0,0,0
2,4,1048576,5120,16,4,0.07,10486,0,0,0,0,0
2,4,1048576,5120,16,4,0.08,10485,0,0,0,0,0
2,4,1048576,5120,16,4,0.09,10486,0,0,0,0,0
2,4,1048576,5120,16,4,0.1,10486,9.53652489e-05,0,0,0,1
2,4,1048576,5120,16,4,0.11,10486,0,0,0,0,0
2,4,1048576,5120,16,4,0.12,10485,0,0,0,0,0
2,4,1048576,5120,16,4,0.13,10486,0,0,0,0,0
2,4,1048576,5120,16,4,0.14,10486,0,0,0,0,0
2,4,1048576,5120,16,4,0.15,10486,9.53652489e-05,0,0,0,1
2,4,1048576,5120,16,4,0.16,10485,0,0,0,0,0
2,4,1048576,5120,16,4,0.17,10486,0,0,0,0,0
2,4,1048576,5120,16,4,0.18,10486,0,0,0,0,0
2,4,1048576,5120,16,4,0.19,10486,0,0,0,0,0
2,4,1048576,5120,16,4,0.2,10485,0.000190748689,0,0,0,1
2,4,1048576,5120,16,4,0.21,10486,9.53652489e-05,0,0,0,1
2,4,1048576,5120,16,4,0.22,10486,0.000381460996,0,0,0,1
2,4,1048576,5120,16,4,0.23,10486,0.000286095747,0,0,0,1
2,4,1048576,5120,16,4,0.24,10485,0.000286123033,0,0,0,1
2,4,1048576,5120,16,4,0.25,10486,0.000572191493,0,0,0,1
2,4,1048576,5120,16,4,0.26,10486,0.000572191493,0,0,0,1
2,4,1048576,5120,16,4,0.27,10486,0.000667556742,0,0,0,2
2,4,1048576,5120,16,4,0.28,10486,0.000667556742,0,0,0,2
2,4,1048576,5120,16,4,0.29,10485,0.00123986648,0,0,1,1
2,4,1048576,5120,16,4,0.3,10486,0.000762921991,0,0,0,1
2,4,1048576,5120,16,4,0.31,10486,0.00152584398,0,0,1,2
2,4,1048576,5120,16,4,0.32,10486,0.00143047873,0,0,1,1
2,4,1048576,5120,16,4,0.33,10485,0.0025751073,0,0,1,1
2,4,1048576,5120,16,4,0.34,10486,0.00276559222,0,0,1,2
2,4,1048576,5120,16,4,0.35,10486,0.00486362769,0,0,1,3
2,4,1048576,5120,16,4,0.36,10486,0.00476826245,0,0,1,2
2,4,1048576,5120,16,4,0.37,10485,0.00505484025,0,0,1,3
2,4,1048576,5120,16,4,0.38,10486,0.00734312417,0,0,2,2
2,4,1048576,5120,16,4,0.39,10486,0.00572191493,0,0,1,2
2,4,1048576,5120,16,4,0.4,10486,0.00972725539,0,0,1,2
2,4,1048576,5120,16,4,0.41,10485,0.01163567,0,1,2,3
2,4,1048576,5120,16,4,0.42,10486,0.00915506389,0,0,1,3
2,4,1048576,5120,16,4,0.43,10486,0.0125882129,0,1,2,2
2,4,1048576,5120,16,4,0.44,10486,0.0151630746,0,1,2,3
2,4,1048576,5120,16,4,0.45,10485,0.0161182642,0,1,2,3
2,4,1048576,5120,16,4,0.46,10486,0.019549876,0,1,2,4
2,4,1048576,5120,16,4,0.47,10486,0.0216479115,0,1,2,4
2,4,1048576,5120,16,4,0.48,10486,0.0287049399,0,1,2,4
2,4,1048576,5120,16,4,0.49,10485,0.0284215546,0,1,3,4
2,4,1048576,5120,16,4,0.5,10486,0.0327102804,0,1,3,4
2,4,1048576,5120,16,4,0.51,10486,0.0404348655,0,1,3,5
2,4,1048576,5120,16,4,0.52,10486,0.0431050925,0,1,3,5
2,4,1048576,5120,16,4,0.53,10486,0.0480640854,0,1,3,5
2,4,1048576,5120,16,4,0.54,10485,0.0584644731,0,1,3,4
2,4,1048576,5120,16,4,0.55,10486,0.0626549685,0,2,3,5
2,4,1048576,5120,16,4,0.56,10486,0.0705702842,0,2,3,6
2,4,1048576,5120,16,4,0.57,10486,0.0772458516,0,2,3,9
2,4,1048576,5120,16,4,0.58,10485,0.0845970434,0,2,4,5
2,4,1048576,5120,16,4,0.59,10486,0.100324242,0,2,4,6
2,4,1048576,5120,16,4,0.6,10486,0.109956132,0,2,4,7
2,4,1048576,5120,16,4,0.61,10486,0.11319855,0,2,5,6
2,4,1048576,5120,16,4,0.62,10485,0.137529804,0,3,5,8
2,4,1048576,5120,16,4,0.63,10486,0.161739462,0,3,6,9
2,4,1048576,5120,16,4,0.64,10486,0.17442304,0,3,6,12
2,4,1048576,5120,16,4,0.65,10486,0.190730498,0,3,6,7
2,4,1048576,5120,16,4,0.66,10485,0.210681927,0,4,7,11
2,4,1048576,5120,16,4,0.67,10486,0.23164219,0,4,7,10
2,4,1048576,5120,16,4,0.68,10486,0.252622544,0,4,7,11
2,4,1048576,5120,16,4,0.69,10486,0.305550257,0,5,8,14
2,4,1048576,5120,16,4,0.7,10485,0.336385312,0,5,9,12
2,4,1048576,5120,16,4,0.71,10486,0.385084875,0,5,9,13
2,4,1048576,5120,16,4,0.72,10486,0.411501049,0,6,10,12
2,4,1048576,5120,16,4,0.73,10486,0.449742514,0,6,10,15
2,4,1048576,5120,16,4,0.74,10485,0.506437768,0,6,10,14
2,4,1048576,5120,16,4,0.75,10486,0.606427618,0,7,13,18
2,4,1048576,5120,16,4,0.76,10486,0.641998856,0,7,13,20
2,4,1048576,5120,16,4,0.77,10486,0.708277704,0,8,12,18
2,4,1048576,5120,16,4,0.78,10486,0.853232882,0,9,14,19
2,4,1048576,5120,16,4,0.79,10485,0.919408679,0,9,14,18
2,4,1048576,5120,16,4,0.8,10486,1.04863628,0,10,16,21
2,4,1048576,5120,16,4,0.81,10486,1.20226969,0,11,16,23
2,4,1048576,5120,16,4,0.82,10486,1.36830059,0,12,20,28
2,4,1048576,5120,16,4,0.83,10485,1.60591321,0,14,22,27
2,4,1048576,5120,16,4,0.84,10486,1.80392905,0,15,27,33
2,4,1048576,5120,16,4,0.85,10486,2.16221629,0,17,26,41
2,4,1048576,5120,16,4,0.86,10486,2.45012397,0,19,29,45
2,4,1048576,5120,16,4,0.87,10485,2.96948021,0,22,34,45
2,4,1048576,5120,16,4,0.88,10486,3.6119588,1,26,40,63
2,4,1048576,5120,16,4,0.89,10486,4.38422659,1,32,49,67
2,4,1048576,5120,16,4,0.9,10486,5.4640473,2,37,61,84
2,4,1048576,5120,16,4,0.91,10485,7.21773963,3,48,75,114
2,4,1048576,5120,16,4,0.92,10486,9.41140568,4,62,94,159
2,4,1048576,5120,16,4,0.93,10486,13.3107953,6,84,135,215
2,4,1048576,5120,16,4,0.94,10486,20.0512111,10,122,173,270
2,4,1048576,5120,16,4,0.95,10485,35.4537911,20,196,356,454
2,4,1048576,5120,16,4,0.96,10486,85.1038528,47,505,834,1358
2,4,1048576,5120,16,4,0.97,7223,345.420601,184,2298,3887,4858
2,4,1048576,5120,16,5,0,10486,0,0,0,0,0
2,4,1048576,5120,16,5,0.01,10486,0,0,0,0,0
2,4,1048576,5120,16,5,0.02,10486,0,0,0,0,0
2,4,1048576,5120,16,5,0.03,10486,0,0,0,0,0
2,4,1048576,5120,16,5,0.04,10485,0,0,0,0,0
2,4,1048576,5120,16,5,0.05,10486,0,0,0,0,0
2,4,1048576,5120,16,5,0.06,10486,0,0,0,0,0
2,4,1048576,5120,16,5,0.07,10486,0,0,0,0,0
2,4,1048576,5120,16,5,0.08,10485,0,0,0,0,0
2,4,1048576,5120,16,5,0.09,10486,0,0,0,0,0
2,4,1048576,5120,16,5,0.1,10486,0,0,0,0,0
2,4,1048576,5120,16,5,0.11,10486,0,0,0,0,0
2,4,1048576,5120,16,5,0.12,10485,0,0,0,0,0
2,4,1048576,5120,16,5,0.13,10486,0,0,0,0,0
2,4,1048576,5120,16,5,0.14,10486,0,0,0,0,0
2,4,1048576,5120,16,5,0.15,10486,0,0,0,0,0
2,4,1048576,5120,16,5,0.16,10485,9.53743443e-05,0,0,0,1
2,4,1048576,5120,16,5,0.17,10486,0,0,0,0,0
2,4,1048576,5120,16,5,0.18,10486,0,0,0,0,0
2,4,1048576,5120,16,5,0.19,10486,9.53652489e-05,0,0,0,1
2,4,1048576,5120,16,5,0.2,10485,0,0,0,0,0
2,4,1048576,5120,16,5,0.21,10486,9.53652489e-05,0,0,0,1
2,4,1048576,5120,16,5,0.22,10486,0.000190730498,0,0,0,1
2,4,1048576,5120,16,5,0.23,10486,0.000381460996,0,0,0,1
2,4,1048576,5120,16,5,0.24,10485,0.000286123033,0,0,0,1
2,4,1048576,5120,16,5,0.25,10486,0.000286095747,0,0,0,1
2,4,1048576,5120,16,5,0.26,10486,0.000381460996,0,0,0,1
2,4,1048576,5120,16,5,0.27,10486,0.00085828724,0,0,0,1
2,4,1048576,5120,16,5,0.28,10486,0.000762921991,0,0,0,1
2,4,1048576,5120,16,5,0.29,10485,0.00104911779,0,0,1,1
2,4,1048576,5120,16,5,0.3,10486,0.00123974824,0,0,1,1
2,4,1048576,5120,16,5,0.31,10486,0.00171657448,0,0,1,1
2,4,1048576,5120,16,5,0.32,10486,0.00200267023,0,0,1,3
2,4,1048576,5120,16,5,0.33,10485,0.00190748689,0,0,1,2
2,4,1048576,5120,16,5,0.34,10486,0.00314705321,0,0,1,2
2,4,1048576,5120,16,5,0.35,10486,0.00343314896,0,0,1,2
2,4,1048576,5120,16,5,0.36,10486,0.0044821667,0,0,1,2
2,4,1048576,5120,16,5,0.37,10485,0.00314735336,0,0,1,2
2,4,1048576,5120,16,5,0.38,10486,0.00753385466,0,0,1,2
2,4,1048576,5120,16,5,0.39,10486,0.00705702842,0,0,1,2
2,4,1048576,5120,16,5,0.4,10486,0.00829677665,0,0,2,3
2,4,1048576,5120,16,5,0.41,10485,0.00953743443,0,0,2,3
2,4,1048576,5120,16,5,0.42,10486,0.0105855426,0,0,1,5
2,4,1048576,5120,16,5,0.43,10486,0.0107762731,0,0,2,3
2,4,1048576,5120,16,5,0.44,10486,0.0154491703,0,1,2,4
2,4,1048576,5120,16,5,0.45,10485,0.017739628,0,1,2,5
2,4,1048576,5120,16,5,0.46,10486,0.0194545108,0,1,2,4
2,4,1048576,5120,16,5,0.47,10486,0.024127408,0,1,2,7
2,4,1048576,5120,16,5,0.48,10486,0.02489033,0,1,2,3
2,4,1048576,5120,16,5,0.49,10485,0.0296614211,0,1,2,5
2,4,1048576,5120,16,5,0.5,10486,0.0317566279,0,1,2,4
2,4,1048576,5120,16,5,0.51,10486,0.0369063513,0,1,3,4
2,4,1048576,5120,16,5,0.52,10486,0.044058745,0,1,3,7
2,4,1048576,5120,16,5,0.53,10486,0.0452984932,0,1,3,5
2,4,1048576,5120,16,5,0.54,10485,0.0559847401,0,2,3,4
2,4,1048576,5120,16,5,0.55,10486,0.061319855,0,2,3,6
2,4,1048576,5120,16,5,0.56,10486,0.0721914934,0,2,4,8
2,4,1048576,5120,16,5,0.57,10486,0.0813465573,0,2,4,5
2,4,1048576,5120,16,5,0.58,10485,0.0859322842,0,2,4,6
2,4,1048576,5120,16,5,0.59,10486,0.103280565,0,2,5,6
2,4,1048576,5120,16,5,0.6,10486,0.109956132,0,2,4,7
2,4,1048576,5120,16,5,0.61,10486,0.122544345,0,2,4,7
2,4,1048576,5120,16,5,0.62,10485,0.144587506,0,3,5,9
2,4,1048576,5120,16,5,0.63,10486,0.145336639,0,3,5,9
2,4,1048576,5120,16,5,0.64,10486,0.17222964,0,3,6,9
2,4,1048576,5120,16,5,0.65,10486,0.181098608,0,3,5,8
2,4,1048576,5120,16,5,0.66,10485,0.214973772,0,4,7,9
2,4,1048576,5120,16,5,0.67,10486,0.235170704,0,4,7,11
2,4,1048576,5120,16,5,0.68,10486,0.267976349,0,4,7,11
2,4,1048576,5120,16,5,0.69,10486,0.291626931,0,4,8,15
2,4,1048576,5120,16,5,0.7,10485,0.327515498,0,5,7,10
2,4,1048576,5120,16,5,0.71,10486,0.372592027,0,5,9,15
2,4,1048576,5120,16,5,0.72,10486,0.389662407,0,5,9,11
2,4,1048576,5120,16,5,0.73,10486,0.468910929,0,6,11,18
2,4,1048576,5120,16,5,0.74,10485,0.51855031,0,6,11,14
2,4,1048576,5120,16,5,0.75,10486,0.560556933,0,7,11,13
2,4,1048576,5120,16,5,0.76,10486,0.665554072,0,7,12,21
2,4,1048576,5120,16,5,0.77,10486,0.747568186,0,8,13,16
2,4,1048576,5120,16,5,0.78,10486,0.822429907,0,8,13,22
2,4,1048576,5120,16,5,0.79,10485,0.916642823,0,9,15,23
2,4,1048576,5120,16,5,0.8,10486,1.08621019,0,10,16,23
2,4,1048576,5120,16,5,0.81,10486,1.16584017,0,11,18,21
2,4,1048576,5120,16,5,0.82,10486,1.32691207,0,12,21,29
2,4,1048576,5120,16,5,0.83,10485,1.52799237,0,14,21,28
2,4,1048576,5120,16,5,0.84,10486,1.81966431,0,15,23,29
2,4,1048576,5120,16,5,0.85,10486,2.08430288,0,17,28,47
2,4,1048576,5120,16,5,0.86,10486,2.45765783,0,19,31,39
2,4,1048576,5120,16,5,0.87,10485,3.02794468,0,23,36,52
2,4,1048576,5120,16,5,0.88,10486,3.50095365,1,26,40,62
2,4,1048576,5120,16,5,0.89,10486,4.37354568,1,30,53,83
2,4,1048576,5120,16,5,0.9,10486,5.35847797,2,38,58,86
2,4,1048576,5120,16,5,0.91,10485,7.02460658,3,45,76,100
2,4,1048576,5120,16,5,0.92,10486,9.31165363,4,60,96,140
2,4,1048576,5120,16,5,0.93,10486,12.9395384,6,79,123,180
2,4,1048576,5120,16,5,0.94,10486,19.6217814,10,119,193,323
2,4,1048576,5120,16,5,0.95,10485,33.9595613,19,199,315,409
2,4,1048576,5120,16,5,0.96,10486,80.385371,44,486,799,1162
2,4,1048576,5120,16,5,0.97,6556,295.059335,158,1845,3371,4577
2,4,1048576,5120,16,6,0,10486,0,0,0,0,0
2,4,1048576,5120,16,6,0.01,10486,0,0,0,0,0
2,4,1048576,5120,16,6,0.02,10486,0,0,0,0,0
2,4,1048576,5120,16,6,0.03,10486,0,0,0,0,0
2,4,1048576,5120,16,6,0.04,10485,0,0,0,0,0
2,4,1048576,5120,16,6,0.05,10486,0,0,0,0,0
2,4,1048576,5120,16,6,0.06,10486,0,0,0,0,0
2,4,1048576,5120,16,6,0.07,10486,0,0,0,0,0
2,4,1048576,5120,16,6,0.08,10485,0,0,0,0,0
2,4,1048576,5120,16,6,0.09,10486,0,0,0,0,0
2,4,1048576,5120,16,6,0.1,10486,0,0,0,0,0
2,4,1048576,5120,16,6,0.11,10486,0,0,0,0,0
2,4,1048576,5120,16,6,0.12,10485,0,0,0,0,0
2,4,1048576,5120,16,6,0.13,10486,0,0,0,0,0
2,4,1048576,5120,16,6,0.14,10486,0,0,0,0,0
2,4,1048576,5120,16,6,0.15,10486,0,0,0,0,0
2,4,1048576,5120,16,6,0.16,10485,0,0,0,0,0
2,4,1048576,5120,16,6,0.17,10486,0,0,0,0,0
2,4,1048576,5120,16,6,0.18,10486,0,0,0,0,0
2,4,1048576,5120,16,6,0.19,10486,9.53652489e-05,0,0,0,1
2,4,1048576,5120,16,6,0.2,10485,0.000190748689,0,0,0,1
2,4,1048576,5120,16,6,0.21,10486,9.53652489e-05,0,0,0,1
2,4,1048576,5120,16,6,0.22,10486,0.000476826245,0,0,0,1
2,4,1048576,5120,16,6,0.23,10486,9.53652489e-05,0,0,0,1
2,4,1048576,5120,16,6,0.24,10485,0.000476871722,0,0,0,1
2,4,1048576,5120,16,6,0.25,10486,0.000190730498,0,0,0,1
2,4,1048576,5120,16,6,0.26,10486,0.000667556742,0,0,0,1
2,4,1048576,5120,16,6,0.27,10486,0.00085828724,0,0,0,2
2,4,1048576,5120,16,6,0.28,10486,0.00104901774,0,0,0,2
2,4,1048576,5120,16,6,0.29,10485,0.000858369099,0,0,0,2
2,4,1048576,5120,16,6,0.3,10486,0.00143047873,0,0,1,1
2,4,1048576,5120,16,6,0.31,10486,0.00200267023,0,0,1,2
2,4,1048576,5120,16,6,0.32,10486,0.00190730498,0,0,1,2
2,4,1048576,5120,16,6,0.33,10485,0.00286123033,0,0,1,2
2,4,1048576,5120,16,6,0.34,10486,0.00305168796,0,0,1,2
2,4,1048576,5120,16,6,0.35,10486,0.00381460996,0,0,1,3
2,4,1048576,5120,16,6,0.36,10486,0.00362387946,0,0,1,2
2,4,1048576,5120,16,6,0.37,10485,0.00505484025,0,0,1,2
2,4,1048576,5120,16,6,0.38,10486,0.00829677665,0,0,2,2
2,4,1048576,5120,16,6,0.39,10486,0.00638947168,0,0,1,2
2,4,1048576,5120,16,6,0.4,10486,0.00867823765,0,0,2,2
2,4,1048576,5120,16,6,0.41,10485,0.00944206009,0,0,2,3
2,4,1048576,5120,16,6,0.42,10486,0.0131604043,0,1,2,3
2,4,1048576,5120,16,6,0.43,10486,0.0123021171,0,1,2,3
2,4,1048576,5120,16,6,0.44,10486,0.0148769788,0,1,2,3
2,4,1048576,5120,16,6,0.45,10485,0.0159275155,0,1,2,3
2,4,1048576,5120,16,6,0.46,10486,0.0205035285,0,1,2,4
2,4,1048576,5120,16,6,0.47,10486,0.022601564,0,1,2,4
2,4,1048576,5120,16,6,0.48,10486,0.0274651917,0,1,2,5
2,4,1048576,5120,16,6,0.49,10485,0.0297567954,0,1,3,3
2,4,1048576,5120,16,6,0.5,10486,0.0291817662,0,1,2,4
2,4,1048576,5120,16,6,0.51,10486,0.0383368301,0,1,2,4
2,4,1048576,5120,16,6,0.52,10486,0.045584589,0,1,3,6
2,4,1048576,5120,16,6,0.53,10486,0.0483501812,0,1,3,5
2,4,1048576,5120,16,6,0.54,10485,0.055126371,0,2,3,5
2,4,1048576,5120,16,6,0.55,10486,0.0618920465,0,2,3,8
2,4,1048576,5120,16,6,0.56,10486,0.0729544154,0,2,4,7
2,4,1048576,5120,16,6,0.57,10486,0.0740987984,0,2,4,5
2,4,1048576,5120,16,6,0.58,10485,0.092513114,0,2,4,9
2,4,1048576,5120,16,6,0.59,10486,0.0930764829,0,2,4,7
2,4,1048576,5120,16,6,0.6,10486,0.11300782,0,2,5,7
2,4,1048576,5120,16,6,0.61,10486,0.117108526,0,2,5,7
2,4,1048576,5120,16,6,0.62,10485,0.141440153,0,3,5,9
2,4,1048576,5120,16,6,0.63,10486,0.154014877,0,3,5,10
2,4,1048576,5120,16,6,0.64,10486,0.167461377,0,3,6,9
2,4,1048576,5120,16,6,0.65,10486,0.179954225,0,3,6,10
2,4,1048576,5120,16,6,0.66,10485,0.217167382,0,4,7,11
2,4,1048576,5120,16,6,0.67,10486,0.237078009,0,4,7,11
2,4,1048576,5120,16,6,0.68,10486,0.256913981,0,4,6,10
2,4,1048576,5120,16,6,0.69,10486,0.301831013,0,5,8,12
2,4,1048576,5120,16,6,0.7,10485,0.319980925,0,5,8,12
2,4,1048576,5120,16,6,0.71,10486,0.356761396,0,5,8,13
2,4,1048576,5120,16,6,0.72,10486,0.384512684,0,5,9,17
2,4,1048576,5120,16,6,0.73,10486,0.446500095,0,6,9,18
2,4,1048576,5120,16,6,0.74,10485,0.487172151,0,6,11,16
2,4,1048576,5120,16,6,0.75,10486,0.576959756,0,7,11,18
2,4,1048576,5120,16,6,0.76,10486,0.653633416,0,7,12,20
2,4,1048576,5120,16,6,0.77,10486,0.730307076,0,8,13,20
2,4,1048576,5120,16,6,0.78,10486,0.808411215,0,8,14,22
2,4,1048576,5120,16,6,0.79,10485,0.929804483,0,9,14,24
2,4,1048576,5120,16,6,0.8,10486,0.988842266,0,9,16,21
2,4,1048576,5120,16,6,0.81,10486,1.16002289,0,11,18,26
2,4,1048576,5120,16,6,0.82,10486,1.36152966,0,12,20,29
2,4,1048576,5120,16,6,0.83,10485,1.59647115,0,13,21,43
2,4,1048576,5120,16,6,0.84,10486,1.77036048,0,15,24,52
2,4,1048576,5120,16,6,0.85,10486,2.07018882,0,17,27,47
2,4,1048576,5120,16,6,0.86,10486,2.46166317,0,19,29,39
2,4,1048576,5120,16,6,0.87,10485,2.92770625,0,22,40,61
2,4,1048576,5120,16,6,0.88,10486,3.49170322,1,26,40,48
2,4,1048576,5120,16,6,0.89,10486,4.22868587,1,30,48,63
2,4,1048576,5120,16,6,0.9,10486,5.30669464,2,37,56,84
2,4,1048576,5120,16,6,0.91,10485,6.91912256,2,46,67,104
2,4,1048576,5120,16,6,0.92,10486,9.10890711,4,60,85,124
2,4,1048576,5120,16,6,0.93,10486,12.6069998,6,77,123,157
2,4,1048576,5120,16,6,0.94,10486,19.1391379,10,116,188,300
2,4,1048576,5120,16,6,0.95,10485,31.6202194,17,189,295,362
2,4,1048576,5120,16,6,0.96,10486,77.5870685,43,463,765,1225
2,4,1048576,5120,16,6,0.97,7778,321.065184,165,2329,4056,5037
2,4,1048576,5120,16,7,0,10486,0,0,0,0,0
2,4,1048576,5120,16,7,0.01,10486,0,0,0,0,0
2,4,1048576,5120,16,7,0.02,10486,0,0,0,0,0
2,4,1048576,5120,16,7,0.03,10486,0,0,0,0,0
2,4,1048576,5120,16,7,0.04,10485,0,0,0,0,0
2,4,1048576,5120,16,7,0.05,10486,0,0,0,0,0
2,4,1048576,5120,16,7,0.06,10486,0,0,0,0,0
2,4,1048576,5120,16,7,0.07,10486,0,0,0,0,0
2,4,1048576,5120,16,7,0.08,10485,0,0,0,0,0
2,4,1048576,5120,16,7,0.09,10486,0,0,0,0,0
2,4,1048576,5120,16,7,0.1,10486,0,0,0,0,0
2,4,1048576,5120,16,7,0.11,10486,0,0,0,0,0
2,4,1048576,5120,16,7,0.12,10485,0,0,0,0,0
2,4,1048576,5120,16,7,0.13,10486,0,0,0,0,0
2,4,1048576,5120,16,7,0.14,10486,0,0,0,0,0
2,4,1048576,5120,16,7,0.15,10486,0,0,0,0,0
2,4,1048576,5120,16,7,0.16,10485,0,0,0,0,0
2,4,1048576,5120,16,7,0.17,10486,0,0,0,0,0
2,4,1048576,5120,16,7,0.18,10486,9.53652489e-05,0,0,0,1
2,4,1048576,5120,16,7,0.19,10486,9.53652489e-05,0,0,0,1
2,4,1048576,5120,16,7,0.2,10485,9.53743443e-05,0,0,0,1
2,4,1048576,5120,16,7,0.21,10486,0,0,0,0,0
2,4,1048576,5120,16,7,0.22,10486,9.53652489e-05,0,0,0,1
2,4,1048576,5120,16,7,0.23,10486,0.000572191493,0,0,0,1
2,4,1048576,5120,16,7,0.24,10485,0.00066762041,0,0,0,1
2,4,1048576,5120,16,7,0.25,10486,0.000476826245,0,0,0,1
2,4,1048576,5120,16,7,0.26,10486,0.000476826245,0,0,0,1
2,4,1048576,5120,16,7,0.27,10486,0.00123974824,0,0,1,2
2,4,1048576,5120,16,7,0.28,10486,0.00143047873,0,0,1,2
2,4,1048576,5120,16,7,0.29,10485,0.00152598951,0,0,1,1
2,4,1048576,5120,16,7,0.3,10486,0.00257486172,0,0,1,2
2,4,1048576,5120,16,7,0.31,10486,0.00219340072,0,0,1,2
2,4,1048576,5120,16,7,0.32,10486,0.00162120923,0,0,1,2
2,4,1048576,5120,16,7,0.33,10485,0.00190748689,0,0,1,1
2,4,1048576,5120,16,7,0.34,10486,0.00352851421,0,0,1,3
2,4,1048576,5120,16,7,0.35,10486,0.00286095747,0,0,1,2
2,4,1048576,5120,16,7,0.36,10486,0.00457753195,0,0,1,2
2,4,1048576,5120,16,7,0.37,10485,0.00467334287,0,0,1,3
2,4,1048576,5120,16,7,0.38,10486,0.00781995041,0,0,1,3
2,4,1048576,5120,16,7,0.39,10486,0.00658020217,0,0,1,3
2,4,1048576,5120,16,7,0.4,10486,0.0087736029,0,0,1,3
2,4,1048576,5120,16,7,0.41,10485,0.00963280877,0,0,1,2
2,4,1048576,5120,16,7,0.42,10486,0.0114438299,0,1,2,2
2,4,1048576,5120,16,7,0.43,10486,0.0126835781,0,1,2,3
2,4,1048576,5120,16,7,0.44,10486,0.0138279611,0,1,2,3
2,4,1048576,5120,16,7,0.45,10485,0.0181211254,0,1,2,5
2,4,1048576,5120,16,7,0.46,10486,0.0209803548,0,1,2,5
2,4,1048576,5120,16,7,0.47,10486,0.0225061987,0,1,2,3
2,4,1048576,5120,16,7,0.48,10486,0.0239366775,0,1,2,4
2,4,1048576,5120,16,7,0.49,10485,0.0279446829,0,1,2,4
2,4,1048576,5120,16,7,0.5,10486,0.0364295251,0,1,2,5
2,4,1048576,5120,16,7,0.51,10486,0.0415792485,0,1,3,4
2,4,1048576,5120,16,7,0.52,10486,0.04215144,0,1,3,5
2,4,1048576,5120,16,7,0.53,10486,0.0538813656,0,2,3,5
2,4,1048576,5120,16,7,0.54,10485,0.0535050072,0,1,3,8
2,4,1048576,5120,16,7,0.55,10486,0.0631317948,0,2,3,6
2,4,1048576,5120,16,7,0.56,10486,0.0688537097,0,2,4,6
2,4,1048576,5120,16,7,0.57,10486,0.0870684722,0,2,4,7
2,4,1048576,5120,16,7,0.58,10485,0.0834525513,0,2,4,7
2,4,1048576,5120,16,7,0.59,10486,0.0985123021,0,2,4,5
2,4,1048576,5120,16,7,0.6,10486,0.112626359,0,2,5,8
2,4,1048576,5120,16,7,0.61,10486,0.122067519,0,2,5,11
2,4,1048576,5120,16,7,0.62,10485,0.138674297,0,3,5,9
2,4,1048576,5120,16,7,0.63,10486,0.15534999,0,3,5,8
2,4,1048576,5120,16,7,0.64,10486,0.167079916,0,3,5,9
2,4,1048576,5120,16,7,0.65,10486,0.188727828,0,3,6,10
2,4,1048576,5120,16,7,0.66,10485,0.209060563,0,4,6,8
2,4,1048576,5120,16,7,0.67,10486,0.235361434,0,4,6,11
2,4,1048576,5120,16,7,0.68,10486,0.254529849,0,4,7,11
2,4,1048576,5120,16,7,0.69,10486,0.300972726,0,4,7,13
2,4,1048576,5120,16,7,0.7,10485,0.331044349,0,4,8,10
2,4,1048576,5120,16,7,0.71,10486,0.360576006,0,5,8,11
2,4,1048576,5120,16,7,0.72,10486,0.389185581,0,5,8,15
2,4,1048576,5120,16,7,0.73,10486,0.455559794,0,6,9,14
2,4,1048576,5120,16,7,0.74,10485,0.50405341,0,6,9,15
2,4,1048576,5120,16,7,0.75,10486,0.594030135,0,7,12,22
2,4,1048576,5120,16,7,0.76,10486,0.632939157,0,7,11,19
2,4,1048576,5120,16,7,0.77,10486,0.72019836,0,8,13,19
2,4,1048576,5120,16,7,0.78,10486,0.827293534,0,8,14,19
2,4,1048576,5120,16,7,0.79,10485,0.914544588,0,9,14,33
2,4,1048576,5120,16,7,0.8,10486,1.02231547,0,10,15,20
2,4,1048576,5120,16,7,0.81,10486,1.24766355,0,11,19,25
2,4,1048576,5120,16,7,0.82,10486,1.39977112,0,13,19,23
2,4,1048576,5120,16,7,0.83,10485,1.54248927,0,14,21,30
2,4,1048576,5120,16,7,0.84,10486,1.79200839,0,14,23,34
2,4,1048576,5120,16,7,0.85,10486,2.16784284,0,18,29,38
2,4,1048576,5120,16,7,0.86,10486,2.53080298,0,20,32,107
2,4,1048576,5120,16,7,0.87,10485,3.01144492,0,22,34,58
2,4,1048576,5120,16,7,0.88,10486,3.57695976,1,26,40,47
2,4,1048576,5120,16,7,0.89,10486,4.36248331,1,30,43,64
2,4,1048576,5120,16,7,0.9,10486,5.48321572,2,37,59,81
2,4,1048576,5120,16,7,0.91,10485,6.93180734,3,45,72,92
2,4,1048576,5120,16,7,0.92,10486,9.11148198,4,56,95,161
2,4,1048576,5120,16,7,0.93,10486,13.0903109,6,79,135,259
2,4,1048576,5120,16,7,0.94,10486,19.8280565,10,124,196,247
2,4,1048576,5120,16,7,0.95,10485,34.5500238,19,198,290,453
2,4,1048576,5120,16,7,0.96,10486,84.9526035,47,500,812,1623
2,4,1048576,5120,16,7,0.97,6410,290.642278,158,1875,3010,4042
2,4,1048576,5120,16,8,0,10486,0,0,0,0,0
2,4,1048576,5120,16,8,0.01,10486,0,0,0,0,0
2,4,1048576,5120,16,8,0.02,10486,0,0,0,0,0
2,4,1048576,5120,16,8,0.03,10486,0,0,0,0,0
2,4,1048576,5120,16,8,0.04,10485,0,0,0,0,0
2,4,1048576,5120,16,8,0.05,10486,0,0,0,0,0
2,4,1048576,5120,16,8,0.06,10486,0,0,0,0,0
2,4,1048576,5120,16,8,0.07,10486,0,0,0,0,0
2,4,1048576,5120,16,8,0.08,10485,0,0,0,0,0
2,4,1048576,5120,16,8,0.09,10486,0,0,0,0,0
2,4,1048576,5120,16,8,0.1,10486,0,0,0,0,0
2,4,1048576,5120,16,8,0.11,10486,0,0,0,0,0
2,4,1048576,5120,16,8,0.12,10485,0,0,0,0,0
2,4,1048576,5120,16,8,0.13,10486,0,0,0,0,0
2,4,1048576,5120,16,8,0.14,10486,0,0,0,0,0
2,4,1048576,5120,16,8,0.15,10486,0,0,0,0,0
2,4,1048576,5120,16,8,0.16,10485,0.000190748689,0,0,0,1
2,4,1048576,5120,16,8,0.17,10486,0,0,0,0,0
2,4,1048576,5120,16,8,0.18,10486,0,0,0,0,0
2,4,1048576,5120,16,8,0.19,10486,0.000381460996,0,0,0,1
2,4,1048576,5120,16,8,0.2,10485,9.53743443e-05,0,0,0,1
2,4,1048576,5120,16,8,0.21,10486,0.000286095747,0,0,0,1
2,4,1048576,5120,16,8,0.22,10486,0.000190730498,0,0,0,1
2,4,1048576,5120,16,8,0.23,10486,0.000190730498,0,0,0,2
2,4,1048576,5120,16,8,0.24,10485,0.000476871722,0,0,0,1
2,4,1048576,5120,16,8,0.25,10486,0.000572191493,0,0,0,1
2,4,1048576,5120,16,8,0.26,10486,0.000381460996,0,0,0,1
2,4,1048576,5120,16,8,0.27,10486,0.00104901774,0,0,1,1
2,4,1048576,5120,16,8,0.28,10486,0.000572191493,0,0,0,2
2,4,1048576,5120,16,8,0.29,10485,0.000858369099,0,0,0,1
2,4,1048576,5120,16,8,0.3,10486,0.00162120923,0,0,1,2
2,4,1048576,5120,16,8,0.31,10486,0.00123974824,0,0,1,2
2,4,1048576,5120,16,8,0.32,10486,0.00305168796,0,0,1,2
2,4,1048576,5120,16,8,0.33,10485,0.00324272771,0,0,1,2
2,4,1048576,5120,16,8,0.34,10486,0.00257486172,0,0,1,3
2,4,1048576,5120,16,8,0.35,10486,0.00438680145,0,0,1,2
2,4,1048576,5120,16,8,0.36,10486,0.0046728972,0,0,1,2
2,4,1048576,5120,16,8,0.37,10485,0.00486409156,0,0,1,1
2,4,1048576,5120,16,8,0.38,10486,0.00686629792,0,0,1,2
2,4,1048576,5120,16,8,0.39,10486,0.00705702842,0,0,1,3
2,4,1048576,5120,16,8,0.4,10486,0.00753385466,0,0,1,3
2,4,1048576,5120,16,8,0.41,10485,0.00963280877,0,0,1,4
2,4,1048576,5120,16,8,0.42,10486,0.0101087164,0,0,2,3
2,4,1048576,5120,16,8,0.43,10486,0.0150677093,0,1,2,3
2,4,1048576,5120,16,8,0.44,10486,0.0173564753,0,1,2,3
2,4,1048576,5120,16,8,0.45,10485,0.0186933715,0,1,2,3
2,4,1048576,5120,16,8,0.46,10486,0.0202174328,0,1,2,3
2,4,1048576,5120,16,8,0.47,10486,0.022983025,0,1,2,7
2,4,1048576,5120,16,8,0.48,10486,0.0267976349,0,1,2,4
2,4,1048576,5120,16,8,0.49,10485,0.0327134001,0,1,2,5
2,4,1048576,5120,16,8,0.5,10486,0.0350944116,0,1,3,8
2,4,1048576,5120,16,8,0.51,10486,0.0432004578,0,1,3,7
2,4,1048576,5120,16,8,0.52,10486,0.0422468053,0,1,3,4
2,4,1048576,5120,16,8,0.53,10486,0.0525462521,0,1,3,4
2,4,1048576,5120,16,8,0.54,10485,0.0536003815,0,2,3,6
2,4,1048576,5120,16,8,0.55,10486,0.060938394,0,2,3,5
2,4,1048576,5120,16,8,0.56,10486,0.0686629792,0,2,4,6
2,4,1048576,5120,16,8,0.57,10486,0.0880221247,0,2,4,7
2,4,1048576,5120,16,8,0.58,10485,0.0818311874,0,2,4,5
2,4,1048576,5120,16,8,0.59,10486,0.101754721,0,2,4,7
2,4,1048576,5120,16,8,0.6,10486,0.108716384,0,2,5,8
2,4,1048576,5120,16,8,0.61,10486,0.120541675,0,3,4,7
2,4,1048576,5120,16,8,0.62,10485,0.130662852,0,3,5,7
2,4,1048576,5120,16,8,0.63,10486,0.145813466,0,3,5,7
2,4,1048576,5120,16,8,0.64,10486,0.165267976,0,3,6,10
2,4,1048576,5120,16,8,0.65,10486,0.188251001,0,3,6,8
2,4,1048576,5120,16,8,0.66,10485,0.220314735,0,4,6,10
2,4,1048576,5120,16,8,0.67,10486,0.236410452,0,4,7,12
2,4,1048576,5120,16,8,0.68,10486,0.253480832,0,4,7,13
2,4,1048576,5120,16,8,0.69,10486,0.292962045,0,4,8,12
2,4,1048576,5120,16,8,0.7,10485,0.327706247,0,5,8,11
2,4,1048576,5120,16,8,0.71,10486,0.358954797,0,5,9,15
2,4,1048576,5120,16,8,0.72,10486,0.40244135,0,5,9,14
2,4,1048576,5120,16,8,0.73,10486,0.438680145,0,5,10,13
2,4,1048576,5120,16,8,0.74,10485,0.512064855,0,6,10,14
2,4,1048576,5120,16,8,0.75,10486,0.572096128,0,7,11,15
2,4,1048576,5120,16,8,0.76,10486,0.627980164,0,7,13,17
2,4,1048576,5120,16,8,0.77,10486,0.714762541,0,8,13,27
2,4,1048576,5120,16,8,0.78,10486,0.790291818,0,8,15,23
2,4,1048576,5120,16,8,0.79,10485,0.941440153,0,10,15,28
2,4,1048576,5120,16,8,0.8,10486,1.07657829,0,10,17,30
2,4,1048576,5120,16,8,0.81,10486,1.16707992,0,11,17,25
2,4,1048576,5120,16,8,0.82,10486,1.37497616,0,12,20,30
2,4,1048576,5120,16,8,0.83,10485,1.55393419,0,13,21,30
2,4,1048576,5120,16,8,0.84,10486,1.83463666,0,15,23,29
2,4,1048576,5120,16,8,0.85,10486,2.11071905,0,17,26,37
2,4,1048576,5120,16,8,0.86,10486,2.44249475,0,19,31,45
2,4,1048576,5120,16,8,0.87,10485,2.89976156,0,21,33,51
2,4,1048576,5120,16,8,0.88,10486,3.45851612,1,25,41,56
2,4,1048576,5120,16,8,0.89,10486,4.34541293,1,31,46,64
2,4,1048576,5120,16,8,0.9,10486,5.53108907,2,37,56,80
2,4,1048576,5120,16,8,0.91,10485,6.96270863,3,44,70,131
2,4,1048576,5120,16,8,0.92,10486,9.39338165,4,61,100,139
2,4,1048576,5120,16,8,0.93,10486,13.0534045,6,81,124,164
2,4,1048576,5120,16,8,0.94,10486,19.6726111,10,117,187,251
2,4,1048576,5120,16,8,0.95,10485,35.1693848,20,200,308,411
2,4,1048576,5120,16,8,0.96,10486,81.9798779,45,506,803,1333
2,4,1048576,5120,16,8,0.97,7074,328.188154,170,2225,3654,4185
2,4,1048576,5120,16,9,0,10486,0,0,0,0,0
2,4,1048576,5120,16,9,0.01,10486,0,0,0,0,0
2,4,1048576,5120,16,9,0.02,10486,0,0,0,0,0
2,4,1048576,5120,16,9,0.03,10486,0,0,0,0,0
2,4,1048576,5120,16,9,0.04,10485,0,0,0,0,0
2,4,1048576,5120,16,9,0.05,10486,0,0,0,0,0
2,4,1048576,5120,16,9,0.06,10486,0,0,0,0,0
2,4,1048576,5120,16,9,0.07,10486,0,0,0,0,0
2,4,1048576,5120,16,9,0.08,10485,0,0,0,0,0
2,4,1048576,5120,16,9,0.09,10486,0,0,0,0,0
2,4,1048576,5120,16,9,0.1,10486,0,0,0,0,0
2,4,1048576,5120,16,9,0.11,10486,0,0,0,0,0
2,4,1048576,5120,16,9,0.12,10485,0,0,0,0,0
2,4,1048576,5120,16,9,0.13,10486,0,0,0,0,0
2,4,1048576,5120,16,9,0.14,10486,0,0,0,0,0
2,4,1048576,5120,16,9,0.15,10486,0,0,0,0,0
2,4,1048576,5120,16,9,0.16,10485,0,0,0,0,0
2,4,1048576,5120,16,9,0.17,10486,0,0,0,0,0
2,4,1048576,5120,16,9,0.18,10486,0,0,0,0,0
2,4,1048576,5120,16,9,0.19,10486,0,0,0,0,0
2,4,1048576,5120,16,9,0.2,10485,9.53743443e-05,0,0,0,1
2,4,1048576,5120,16,9,0.21,10486,9.53652489e-05,0,0,0,1
2,4,1048576,5120,16,9,0.22,10486,0.000286095747,0,0,0,1
2,4,1048576,5120,16,9,0.23,10486,0.000572191493,0,0,0,1
2,4,1048576,5120,16,9,0.24,10485,0.000476871722,0,0,0,1
2,4,1048576,5120,16,9,0.25,10486,0.000286095747,0,0,0,1
2,4,1048576,5120,16,9,0.26,10486,0.000476826245,0,0,0,1
2,4,1048576,5120,16,9,0.27,10486,0.000667556742,0,0,0,1
2,4,1048576,5120,16,9,0.28,10486,0.000667556742,0,0,0,1
2,4,1048576,5120,16,9,0.29,10485,0.000762994754,0,0,0,1
2,4,1048576,5120,16,9,0.3,10486,0.00171657448,0,0,1,2
2,4,1048576,5120,16,9,0.31,10486,0.00190730498,0,0,1,2
2,4,1048576,5120,16,9,0.32,10486,0.00171657448,0,0,1,2
2,4,1048576,5120,16,9,0.33,10485,0.00200286123,0,0,1,2
2,4,1048576,5120,16,9,0.34,10486,0.00286095747,0,0,1,2
2,4,1048576,5120,16,9,0.35,10486,0.00390997521,0,0,1,3
2,4,1048576,5120,16,9,0.36,10486,0.00457753195,0,0,1,3
2,4,1048576,5120,16,9,0.37,10485,0.00524558894,0,0,1,2
2,4,1048576,5120,16,9,0.38,10486,0.00658020217,0,0,1,3
2,4,1048576,5120,16,9,0.39,10486,0.00619874118,0,0,1,3
2,4,1048576,5120,16,9,0.4,10486,0.0085828724,0,0,2,3
2,4,1048576,5120,16,9,0.41,10485,0.0092513114,0,0,1,3
2,4,1048576,5120,16,9,0.42,10486,0.0106809079,0,0,2,2
2,4,1048576,5120,16,9,0.43,10486,0.0125882129,0,1,2,3
2,4,1048576,5120,16,9,0.44,10486,0.0156399008,0,1,2,4
2,4,1048576,5120,16,9,0.45,10485,0.0164997616,0,1,2,4
2,4,1048576,5120,16,9,0.46,10486,0.0205988938,0,1,2,3
2,4,1048576,5120,16,9,0.47,10486,0.0246042342,0,1,2,4
2,4,1048576,5120,16,9,0.48,10486,0.0282281137,0,1,3,4
2,4,1048576,5120,16,9,0.49,10485,0.0299475441,0,1,2,4
2,4,1048576,5120,16,9,0.5,10486,0.0321380889,0,1,3,5
2,4,1048576,5120,16,9,0.51,10486,0.0370970818,0,1,3,5
2,4,1048576,5120,16,9,0.52,10486,0.0422468053,0,1,3,5
2,4,1048576,5120,16,9,0.53,10486,0.04215144,0,1,3,4
2,4,1048576,5120,16,9,0.54,10485,0.0535050072,0,2,4,7
2,4,1048576,5120,16,9,0.55,10486,0.0644669083,0,2,4,5
2,4,1048576,5120,16,9,0.56,10486,0.0691398055,0,2,4,5
2,4,1048576,5120,16,9,0.57,10486,0.0796299828,0,2,4,8
2,4,1048576,5120,16,9,0.58,10485,0.0939437291,0,2,4,6
2,4,1048576,5120,16,9,0.59,10486,0.0961281709,0,2,4,7
2,4,1048576,5120,16,9,0.6,10486,0.101087164,0,2,4,5
2,4,1048576,5120,16,9,0.61,10486,0.127503338,0,3,5,7
2,4,1048576,5120,16,9,0.62,10485,0.13237959,0,2,5,9
2,4,1048576,5120,16,9,0.63,10486,0.155540721,0,3,5,12
2,4,1048576,5120,16,9,0.64,10486,0.168319664,0,3,5,10
2,4,1048576,5120,16,9,0.65,10486,0.177570093,0,3,6,8
2,4,1048576,5120,16,9,0.66,10485,0.21010968,0,3,6,12
2,4,1048576,5120,16,9,0.67,10486,0.239271409,0,4,7,11
2,4,1048576,5120,16,9,0.68,10486,0.259107381,0,4,7,9
2,4,1048576,5120,16,9,0.69,10486,0.287335495,0,4,7,10
2,4,1048576,5120,16,9,0.7,10485,0.318454936,0,5,8,14
2,4,1048576,5120,16,9,0.71,10486,0.364390616,0,5,9,14
2,4,1048576,5120,16,9,0.72,10486,0.407018882,0,5,9,14
2,4,1048576,5120,16,9,0.73,10486,0.445546443,0,5,9,16
2,4,1048576,5120,16,9,0.74,10485,0.511683357,0,6,10,24
2,4,1048576,5120,16,9,0.75,10486,0.562559603,0,6,11,16
2,4,1048576,5120,16,9,0.76,10486,0.654110242,0,7,12,15
2,4,1048576,5120,16,9,0.77,10486,0.717909594,0,7,12,19
2,4,1048576,5120,16,9,0.78,10486,0.846461949,0,9,14,21
2,4,1048576,5120,16,9,0.79,10485,0.932093467,0,9,16,27
2,4,1048576,5120,16,9,0.8,10486,1.06112912,0,10,16,24
2,4,1048576,5120,16,9,0.81,10486,1.21380889,0,11,19,27
2,4,1048576,5120,16,9,0.82,10486,1.42609193,0,12,20,28
2,4,1048576,5120,16,9,0.83,10485,1.56251788,0,14,22,29
2,4,1048576,5120,16,9,0.84,10486,1.86763303,0,15,25,50
2,4,1048576,5120,16,9,0.85,10486,2.15306122,0,17,27,35
2,4,1048576,5120,16,9,0.86,10486,2.54091169,0,21,34,52
2,4,1048576,5120,16,9,0.87,10485,2.95231283,0,22,37,43
2,4,1048576,5120,16,9,0.88,10486,3.4868396,1,26,44,65
2,4,1048576,5120,16,9,0.89,10486,4.41216861,1,30,48,84
2,4,1048576,5120,16,9,0.9,10486,5.38680145,2,37,58,89
2,4,1048576,5120,16,9,0.91,10485,6.99685265,3,47,75,121
2,4,1048576,5120,16,9,0.92,10486,9.4212283,4,59,98,128
2,4,1048576,5120,16,9,0.93,10486,13.1341789,6,80,128,187
2,4,1048576,5120,16,9,0.94,10486,19.9285714,11,117,177,232
2,4,1048576,5120,16,9,0.95,10485,35.0977587,19,204,329,596
2,4,1048576,5120,16,9,0.96,10486,81.4907496,45,501,768,1396
2,4,1048576,5120,16,9,0.97,6365,294.67227,165,1813,3231,4069
2,4,1048576,5120,16,10,0,10486,0,0,0,0,0
2,4,1048576,5120,16,10,0.01,10486,0,0,0,0,0
2,4,1048576,5120,16,10,0.02,10486,0,0,0,0,0
2,4,1048576,5120,16,10,0.03,10486,0,0,0,0,0
2,4,1048576,5120,16,10,0.04,10485,0,0,0,0,0
2,4,1048576,5120,16,10,0.05,10486,0,0,0,0,0
2,4,1048576,5120,16,10,0.06,10486,0,0,0,0,0
2,4,1048576,5120,16,10,0.07,10486,0,0,0,0,0
2,4,1048576,5120,16,10,0.08,10485,0,0,0,0,0
2,4,1048576,5120,16,10,0.09,10486,0,0,0,0,0
2,4,1048576,5120,16,10,0.1,10486,0,0,0,0,0
2,4,1048576,5120,16,10,0.11,10486,0,0,0,0,0
2,4,1048576,5120,16,10,0.12,10485,0,0,0,0,0
2,4,1048576,5120,16,10,0.13,10486,0,0,0,0,0
2,4,1048576,5120,16,10,0.14,10486,0.000190730498,0,0,0,1
2,4,1048576,5120,16,10,0.15,10486,0,0,0,0,0
2,4,1048576,5120,16,10,0.16,10485,0,0,0,0,0
2,4,1048576,5120,16,10,0.17,10486,9.53652489e-05,0,0,0,1
2,4,1048576,5120,16,10,0.18,10486,0,0,0,0,0
2,4,1048576,5120,16,10,0.19,10486,0,0,0,0,0
2,4,1048576,5120,16,10,0.2,10485,0.000190748689,0,0,0,1
2,4,1048576,5120,16,10,0.21,10486,0.000190730498,0,0,0,1
2,4,1048576,5120,16,10,0.22,10486,0.000381460996,0,0,0,2
2,4,1048576,5120,16,10,0.23,10486,0.000381460996,0,0,0,1
2,4,1048576,5120,16,10,0.24,10485,0.000381497377,0,0,0,1
2,4,1048576,5120,16,10,0.25,10486,0.000667556742,0,0,0,1
2,4,1048576,5120,16,10,0.26,10486,0.000572191493,0,0,0,1
2,4,1048576,5120,16,10,0.27,10486,0.000381460996,0,0,0,1
2,4,1048576,5120,16,10,0.28,10486,0.00133511348,0,0,1,1
2,4,1048576,5120,16,10,0.29,10485,0.00066762041,0,0,0,1
2,4,1048576,5120,16,10,0.3,10486,0.00190730498,0,0,1,2
2,4,1048576,5120,16,10,0.31,10486,0.00190730498,0,0,1,2
2,4,1048576,5120,16,10,0.32,10486,0.00219340072,0,0,1,2
2,4,1048576,5120,16,10,0.33,10485,0.00247973295,0,0,1,2
2,4,1048576,5120,16,10,0.34,10486,0.00400534045,0,0,1,2
2,4,1048576,5120,16,10,0.35,10486,0.00333778371,0,0,1,3
2,4,1048576,5120,16,10,0.36,10486,0.00486362769,0,0,1,4
2,4,1048576,5120,16,10,0.37,10485,0.00457796853,0,0,1,2
2,4,1048576,5120,16,10,0.38,10486,0.00705702842,0,0,1,4
2,4,1048576,5120,16,10,0.39,10486,0.00772458516,0,0,1,3
2,4,1048576,5120,16,10,0.4,10486,0.0089643334,0,0,1,4
2,4,1048576,5120,16,10,0.41,10485,0.00944206009,0,0,1,2
2,4,1048576,5120,16,10,0.42,10486,0.0114438299,0,0,2,4
2,4,1048576,5120,16,10,0.43,10486,0.0146862483,0,1,2,5
2,4,1048576,5120,16,10,0.44,10486,0.0162120923,0,1,2,3
2,4,1048576,5120,16,10,0.45,10485,0.0185026228,0,1,2,5
2,4,1048576,5120,16,10,0.46,10486,0.0208849895,0,1,2,3
2,4,1048576,5120,16,10,0.47,10486,0.02107572,0,1,2,4
2,4,1048576,5120,16,10,0.48,10486,0.0267976349,0,1,2,4
2,4,1048576,5120,16,10,0.49,10485,0.0330948975,0,1,3,4
2,4,1048576,5120,16,10,0.5,10486,0.0349036811,0,1,3,4
2,4,1048576,5120,16,10,0.51,10486,0.0386229258,0,1,3,4
2,4,1048576,5120,16,10,0.52,10486,0.0443448407,0,1,3,5
2,4,1048576,5120,16,10,0.53,10486,0.0538813656,0,2,4,5
2,4,1048576,5120,16,10,0.54,10485,0.0555078684,0,2,3,5
2,4,1048576,5120,16,10,0.55,10486,0.0631317948,0,2,3,7
2,4,1048576,5120,16,10,0.56,10486,0.0742895289,0,2,4,5
2,4,1048576,5120,16,10,0.57,10486,0.0786763303,0,2,3,5
2,4,1048576,5120,16,10,0.58,10485,0.0865045303,0,2,4,8
2,4,1048576,5120,16,10,0.59,10486,0.103471295,0,2,4,9
2,4,1048576,5120,16,10,0.6,10486,0.105283235,0,2,4,7
2,4,1048576,5120,16,10,0.61,10486,0.121113866,0,2,5,9
2,4,1048576,5120,16,10,0.62,10485,0.141249404,0,3,6,7
2,4,1048576,5120,16,10,0.63,10486,0.144287622,0,3,5,9
2,4,1048576,5120,16,10,0.64,10486,0.17222964,0,3,6,9
2,4,1048576,5120,16,10,0.65,10486,0.17623498,0,3,6,8
2,4,1048576,5120,16,10,0.66,10485,0.202765856,0,3,6,8
2,4,1048576,5120,16,10,0.67,10486,0.24508869,0,4,7,12
2,4,1048576,5120,16,10,0.68,10486,0.258153729,0,4,7,9
2,4,1048576,5120,16,10,0.69,10486,0.287144764,0,4,7,12
2,4,1048576,5120,16,10,0.7,10485,0.327801621,0,4,7,11
2,4,1048576,5120,16,10,0.71,10486,0.368777418,0,5,8,14
2,4,1048576,5120,16,10,0.72,10486,0.399485028,0,5,9,14
2,4,1048576,5120,16,10,0.73,10486,0.440873546,0,6,9,17
2,4,1048576,5120,16,10,0.74,10485,0.50538865,0,6,10,20
2,4,1048576,5120,16,10,0.75,10486,0.5672325,0,6,12,19
2,4,1048576,5120,16,10,0.76,10486,0.6457181,0,7,11,21
2,4,1048576,5120,16,10,0.77,10486,0.74709136,0,8,13,16
2,4,1048576,5120,16,10,0.78,10486,0.797825672,0,9,16,26
2,4,1048576,5120,16,10,0.79,10485,0.926275632,0,9,15,22
2,4,1048576,5120,16,10,0.8,10486,1.02822811,0,10,16,29
2,4,1048576,5120,16,10,0.81,10486,1.22601564,0,11,19,29
2,4,1048576,5120,16,10,0.82,10486,1.40434866,0,13,21,31
2,4,1048576,5120,16,10,0.83,10485,1.57482117,0,14,23,34
2,4,1048576,5120,16,10,0.84,10486,1.83368301,0,16,24,37
2,4,1048576,5120,16,10,0.85,10486,2.06275033,0,17,27,37
2,4,1048576,5120,16,10,0.86,10486,2.5450124,0,20,30,38
2,4,1048576,5120,16,10,0.87,10485,3.03519313,1,22,38,64
2,4,1048576,5120,16,10,0.88,10486,3.60299447,1,26,45,65
2,4,1048576,5120,16,10,0.89,10486,4.4374404,1,30,46,77
2,4,1048576,5120,16,10,0.9,10486,5.48817471,2,38,55,84
2,4,1048576,5120,16,10,0.91,10485,6.9059609,2,46,70,87
2,4,1048576,5120,16,10,0.92,10486,9.02775129,4,58,87,199
2,4,1048576,5120,16,10,0.93,10486,12.8447454,6,78,118,150
2,4,1048576,5120,16,10,0.94,10486,20.2476636,10,121,186,263
2,4,1048576,5120,16,10,0.95,10485,34.5800668,19,203,328,500
2,4,1048576,5120,16,10,0.96,10486,84.3705894,48,498,850,1386
2,4,1048576,5120,16,10,0.97,6535,303.447743,164,1854,3172,4298
2,4,1048576,5120,16,11,0,10486,0,0,0,0,0
2,4,1048576,5120,16,11,0.01,10486,0,0,0,0,0
2,4,1048576,5120,16,11,0.02,10486,0,0,0,0,0
2,4,1048576,5120,16,11,0.03,10486,0,0,0,0,0
2,4,1048576,5120,16,11,0.04,10485,0,0,0,0,0
2,4,1048576,5120,16,11,0.05,10486,0,0,0,0,0
2,4,1048576,5120,16,11,0.06,10486,0,0,0,0,0
2,4,1048576,5120,16,11,0.07,10486,0,0,0,0,0
2,4,1048576,5120,16,11,0.08,10485,0,0,0,0,0
2,4,1048576,5120,16,11,0.09,10486,0,0,0,0,0
2,4,1048576,5120,16,11,0.1,10486,0,0,0,0,0
2,4,1048576,5120,16,11,0.11,10486,0,0,0,0,0
2,4,1048576,5120,16,11,0.12,10485,0,0,0,0,0
2,4,1048576,5120,16,11,0.13,10486,0,0,0,0,0
2,4,1048576,5120,16,11,0.14,10486,0,0,0,0,0
2,4,1048576,5120,16,11,0.15,10486,0,0,0,0,0
2,4,1048576,5120,16,11,0.16,10485,9.53743443e-05,0,0,0,1
2,4,1048576,5120,16,11,0.17,10486,0,0,0,0,0
2,4,1048576,5120,16,11,0.18,10486,0,0,0,0,0
2,4,1048576,5120,16,11,0.19,10486,0.000190730498,0,0,0,1
2,4,1048576,5120,16,11,0.2,10485,9.53743443e-05,0,0,0,1
2,4,1048576,5120,16,11,0.21,10486,9.53652489e-05,0,0,0,1
2,4,1048576,5120,16,11,0.22,10486,0,0,0,0,0
2,4,1048576,5120,16,11,0.23,10486,0.000190730498,0,0,0,1
2,4,1048576,5120,16,11,0.24,10485,0.00066762041,0,0,0,2
2,4,1048576,5120,16,11,0.25,10486,0.000762921991,0,0,0,1
2,4,1048576,5120,16,11,0.26,10486,0.000286095747,0,0,0,1
2,4,1048576,5120,16,11,0.27,10486,0.000953652489,0,0,0,1
2,4,1048576,5120,16,11,0.28,10486,0.000953652489,0,0,0,2
2,4,1048576,5120,16,11,0.29,10485,0.00104911779,0,0,1,1
2,4,1048576,5120,16,11,0.3,10486,0.00219340072,0,0,1,2
2,4,1048576,5120,16,11,0.31,10486,0.00200267023,0,0,1,1
2,4,1048576,5120,16,11,0.32,10486,0.00295632272,0,0,1,3
2,4,1048576,5120,16,11,0.33,10485,0.00133524082,0,0,1,1
2,4,1048576,5120,16,11,0.34,10486,0.00219340072,0,0,1,1
2,4,1048576,5120,16,11,0.35,10486,0.00295632272,0,0,1,1
2,4,1048576,5120,16,11,0.36,10486,0.00495899294,0,0,1,2
2,4,1048576,5120,16,11,0.37,10485,0.00429184549,0,0,1,2
2,4,1048576,5120,16,11,0.38,10486,0.00638947168,0,0,1,2
2,4,1048576,5120,16,11,0.39,10486,0.00648483693,0,0,1,3
2,4,1048576,5120,16,11,0.4,10486,0.0089643334,0,0,1,4
2,4,1048576,5120,16,11,0.41,10485,0.0103958035,0,0,2,2
2,4,1048576,5120,16,11,0.42,10486,0.0132557696,0,1,2,3
2,4,1048576,5120,16,11,0.43,10486,0.0107762731,0,1,1,3
2,4,1048576,5120,16,11,0.44,10486,0.0153538051,0,1,2,7
2,4,1048576,5120,16,11,0.45,10485,0.0191702432,0,1,2,4
2,4,1048576,5120,16,11,0.46,10486,0.0197406065,0,1,2,3
2,4,1048576,5120,16,11,0.47,10486,0.023364486,0,1,2,4
2,4,1048576,5120,16,11,0.48,10486,0.0266069044,0,1,2,3
2,4,1048576,5120,16,11,0.49,10485,0.0281354316,0,1,3,4
2,4,1048576,5120,16,11,0.5,10486,0.0332824719,0,1,3,6
2,4,1048576,5120,16,11,0.51,10486,0.0420560748,0,1,3,4
2,4,1048576,5120,16,11,0.52,10486,0.0412931528,0,1,3,5
2,4,1048576,5120,16,11,0.53,10486,0.047110433,0,1,3,4
2,4,1048576,5120,16,11,0.54,10485,0.0556032427,0,2,3,5
2,4,1048576,5120,16,11,0.55,10486,0.06322716,0,2,3,5
2,4,1048576,5120,16,11,0.56,10486,0.0707610147,0,2,3,6
2,4,1048576,5120,16,11,0.57,10486,0.0761014686,0,2,4,5
2,4,1048576,5120,16,11,0.58,10485,0.0870767763,0,2,4,10
2,4,1048576,5120,16,11,0.59,10486,0.0980354759,0,2,4,7
2,4,1048576,5120,16,11,0.6,10486,0.108048827,0,2,5,6
2,4,1048576,5120,16,11,0.61,10486,0.114915125,0,2,4,6
2,4,1048576,5120,16,11,0.62,10485,0.14029566,0,3,5,13
2,4,1048576,5120,16,11,0.63,10486,0.14733931,0,3,5,9
2,4,1048576,5120,16,11,0.64,10486,0.169845508,0,3,7,9
2,4,1048576,5120,16,11,0.65,10486,0.187106618,0,3,5,9
2,4,1048576,5120,16,11,0.66,10485,0.228421555,0,4,6,10
2,4,1048576,5120,16,11,0.67,10486,0.233072668,0,4,6,9
2,4,1048576,5120,16,11,0.68,10486,0.258344459,0,4,7,9
2,4,1048576,5120,16,11,0.69,10486,0.302021743,0,4,7,15
2,4,1048576,5120,16,11,0.7,10485,0.326847878,0,5,8,10
2,4,1048576,5120,16,11,0.71,10486,0.355044822,0,5,9,14
2,4,1048576,5120,16,11,0.72,10486,0.397291627,0,5,9,12
2,4,1048576,5120,16,11,0.73,10486,0.45603662,0,6,9,15
2,4,1048576,5120,16,11,0.74,10485,0.51130186,0,6,10,14
2,4,1048576,5120,16,11,0.75,10486,0.554358192,0,6,11,19
2,4,1048576,5120,16,11,0.76,10486,0.629315278,0,7,12,18
2,4,1048576,5120,16,11,0.77,10486,0.730688537,0,8,14,17
2,4,1048576,5120,16,11,0.78,10486,0.800019073,0,8,14,24
2,4,1048576,5120,16,11,0.79,10485,0.934096328,0,9,15,23
2,4,1048576,5120,16,11,0.8,10486,1.07648293,0,11,17,25
2,4,1048576,5120,16,11,0.81,10486,1.18424566,0,11,18,25
2,4,1048576,5120,16,11,0.82,10486,1.36753767,0,12,20,34
2,4,1048576,5120,16,11,0.83,10485,1.55288507,0,13,20,24
2,4,1048576,5120,16,11,0.84,10486,1.81670799,0,15,25,35
2,4,1048576,5120,16,11,0.85,10486,2.12149533,0,17,27,33
2,4,1048576,5120,16,11,0.86,10486,2.43152775,0,19,29,41
2,4,1048576,5120,16,11,0.87,10485,2.93037673,0,22,36,47
2,4,1048576,5120,16,11,0.88,10486,3.61472439,1,27,40,57
2,4,1048576,5120,16,11,0.89,10486,4.30669464,1,30,51,62
2,4,1048576,5120,16,11,0.9,10486,5.42389853,2,38,59,117
2,4,1048576,5120,16,11,0.91,10485,6.95145446,3,46,72,93
2,4,1048576,5120,16,11,0.92,10486,9.31708945,4,59,95,161
2,4,1048576,5120,16,11,0.93,10486,12.8816517,6,75,118,151
2,4,1048576,5120,16,11,0.94,10486,19.7085638,10,119,186,218
2,4,1048576,5120,16,11,0.95,10485,35.1310443,19,205,324,627
2,4,1048576,5120,16,11,0.96,10486,84.3847034,46,540,897,1794
2,4,1048576,5120,16,11,0.97,5082,242.940968,145,1397,2172,2476
2,4,1048576,5120,16,12,0,10486,0,0,0,0,0
2,4,1048576,5120,16,12,0.01,10486,0,0,0,0,0
2,4,1048576,5120,16,12,0.02,10486,0,0,0,0,0
2,4,1048576,5120,16,12,0.03,10486,0,0,0,0,0
2,4,1048576,5120,16,12,0.04,10485,0,0,0,0,0
2,4,1048576,5120,16,12,0.05,10486,0,0,0,0,0
2,4,1048576,5120,16,12,0.06,10486,0,0,0,0,0
2,4,1048576,5120,16,12,0.07,10486,0,0,0,0,0
2,4,1048576,5120,16,12,0.08,10485,0,0,0,0,0
2,4,1048576,5120,16,12,0.09,10486,0,0,0,0,0
2,4,1048576,5120,16,12,0.1,10486,0,0,0,0,0
2,4,1048576,5120,16,12,0.11,10486,0,0,0,0,0
2,4,1048576,5120,16,12,0.12,10485,0,0,0,0,0
2,4,1048576,5120,16,12,0.13,10486,0,0,0,0,0
2,4,1048576,5120,16,12,0.14,10486,0,0,0,0,0
2,4,1048576,5120,16,12,0.15,10486,0,0,0,0,0
2,4,1048576,5120,16,12,0.16,10485,9.53743443e-05,0,0,0,1
2,4,1048576,5120,16,12,0.17,10486,9.53652489e-05,0,0,0,1
2,4,1048576,5120,16,12,0.18,10486,0,0,0,0,0
2,4,1048576,5120,16,12,0.19,10486,0.000190730498,0,0,0,1
2,4,1048576,5120,16,12,0.2,10485,0.000286123033,0,0,0,1
2,4,1048576,5120,16,12,0.21,10486,0.000190730498,0,0,0,1
2,4,1048576,5120,16,12,0.22,10486,0.000190730498,0,0,0,1
2,4,1048576,5120,16,12,0.23,10486,0.000286095747,0,0,0,1
2,4,1048576,5120,16,12,0.24,10485,0,0,0,0,0
2,4,1048576,5120,16,12,0.25,10486,0.000476826245,0,0,0,1
2,4,1048576,5120,16,12,0.26,10486,0.000667556742,0,0,0,1
2,4,1048576,5120,16,12,0.27,10486,0.000953652489,0,0,0,3
2,4,1048576,5120,16,12,0.28,10486,0.000381460996,0,0,0,1
2,4,1048576,5120,16,12,0.29,10485,0.00066762041,0,0,0,1
2,4,1048576,5120,16,12,0.3,10486,0.00143047873,0,0,1,1
2,4,1048576,5120,16,12,0.31,10486,0.00181193973,0,0,1,2
2,4,1048576,5120,16,12,0.32,10486,0.00133511348,0,0,1,2
2,4,1048576,5120,16,12,0.33,10485,0.00267048164,0,0,1,2
2,4,1048576,5120,16,12,0.34,10486,0.00238413122,0,0,1,2
2,4,1048576,5120,16,12,0.35,10486,0.00305168796,0,0,1,2
2,4,1048576,5120,16,12,0.36,10486,0.00495899294,0,0,1,2
2,4,1048576,5120,16,12,0.37,10485,0.00534096328,0,0,1,2
2,4,1048576,5120,16,12,0.38,10486,0.00543581919,0,0,1,3
2,4,1048576,5120,16,12,0.39,10486,0.00934579439,0,0,1,3
2,4,1048576,5120,16,12,0.4,10486,0.00781995041,0,0,1,3
2,4,1048576,5120,16,12,0.41,10485,0.00820219361,0,0,1,3
2,4,1048576,5120,16,12,0.42,10486,0.0104901774,0,0,1,2
2,4,1048576,5120,16,12,0.43,10486,0.0131604043,0,1,2,4
2,4,1048576,5120,16,12,0.44,10486,0.0149723441,0,1,2,4
2,4,1048576,5120,16,12,0.45,10485,0.0168812589,0,1,2,4
2,4,1048576,5120,16,12,0.46,10486,0.019549876,0,1,2,4
2,4,1048576,5120,16,12,0.47,10486,0.0254625215,0,1,2,4
2,4,1048576,5120,16,12,0.48,10486,0.025271791,0,1,2,4
2,4,1048576,5120,16,12,0.49,10485,0.0301382928,0,1,2,6
2,4,1048576,5120,16,12,0.5,10486,0.0284188442,0,1,2,3
2,4,1048576,5120,16,12,0.51,10486,0.0390043868,0,1,3,4
2,4,1048576,5120,16,12,0.52,10486,0.0443448407,0,1,3,7
2,4,1048576,5120,16,12,0.53,10486,0.0519740607,0,2,3,4
2,4,1048576,5120,16,12,0.54,10485,0.0545541249,0,2,3,5
2,4,1048576,5120,16,12,0.55,10486,0.0621781423,0,2,4,6
2,4,1048576,5120,16,12,0.56,10486,0.0669464047,0,2,3,5
2,4,1048576,5120,16,12,0.57,10486,0.0708563799,0,2,4,7
2,4,1048576,5120,16,12,0.58,10485,0.0904148784,0,2,4,8
2,4,1048576,5120,16,12,0.59,10486,0.100228877,0,2,5,7
2,4,1048576,5120,16,12,0.6,10486,0.105473965,0,2,5,7
2,4,1048576,5120,16,12,0.61,10486,0.123021171,0,3,5,7
2,4,1048576,5120,16,12,0.62,10485,0.131616595,0,3,5,6
2,4,1048576,5120,16,12,0.63,10486,0.146194927,0,3,5,9
2,4,1048576,5120,16,12,0.64,10486,0.167652108,0,3,6,9
2,4,1048576,5120,16,12,0.65,10486,0.200648484,0,3,6,9
2,4,1048576,5120,16,12,0.66,10485,0.215164521,0,4,6,11
2,4,1048576,5120,16,12,0.67,10486,0.236601183,0,4,6,9
2,4,1048576,5120,16,12,0.68,10486,0.264733931,0,4,8,10
2,4,1048576,5120,16,12,0.69,10486,0.290196452,0,4,7,13
2,4,1048576,5120,16,12,0.7,10485,0.342870768,0,5,9,11
2,4,1048576,5120,16,12,0.71,10486,0.370684722,0,5,9,12
2,4,1048576,5120,16,12,0.72,10486,0.407686439,0,5,9,19
2,4,1048576,5120,16,12,0.73,10486,0.445832539,0,5,10,11
2,4,1048576,5120,16,12,0.74,10485,0.507677635,0,6,11,17
2,4,1048576,5120,16,12,0.75,10486,0.559698646,0,7,11,19
2,4,1048576,5120,16,12,0.76,10486,0.62626359,0,7,12,14
2,4,1048576,5120,16,12,0.77,10486,0.699885562,0,8,13,19
2,4,1048576,5120,16,12,0.78,10486,0.839404921,0,8,14,19
2,4,1048576,5120,16,12,0.79,10485,0.905007153,0,9,16,22
2,4,1048576,5120,16,12,0.8,10486,1.04053023,0,10,16,24
2,4,1048576,5120,16,12,0.81,10486,1.20665649,0,11,18,20
2,4,1048576,5120,16,12,0.82,10486,1.35409117,0,12,19,26
2,4,1048576,5120,16,12,0.83,10485,1.60715308,0,14,24,39
2,4,1048576,5120,16,12,0.84,10486,1.87955369,0,16,25,48
2,4,1048576,5120,16,12,0.85,10486,2.09994278,0,17,27,34
2,4,1048576,5120,16,12,0.86,10486,2.50390998,0,19,28,46
2,4,1048576,5120,16,12,0.87,10485,2.9921793,0,22,33,49
2,4,1048576,5120,16,12,0.88,10486,3.56580202,1,26,42,66
2,4,1048576,5120,16,12,0.89,10486,4.44382987,1,31,47,143
2,4,1048576,5120,16,12,0.9,10486,5.32805646,2,37,55,78
2,4,1048576,5120,16,12,0.91,10485,7.05922747,3,48,76,100
2,4,1048576,5120,16,12,0.92,10486,9.6034713,4,59,86,136
2,4,1048576,5120,16,12,0.93,10486,12.818806,6,76,125,190
2,4,1048576,5120,16,12,0.94,10486,20.0067709,10,120,178,283
2,4,1048576,5120,16,12,0.95,10485,36.3996185,20,217,332,661
2,4,1048576,5120,16,12,0.96,10486,83.4850277,46,517,837,1234
2,4,1048576,5120,16,12,0.97,6819,323.902918,173,2116,3419,4729
2,4,1048576,5120,16,13,0,10486,0,0,0,0,0
2,4,1048576,5120,16,13,0.01,10486,0,0,0,0,0
2,4,1048576,5120,16,13,0.02,10486,0,0,0,0,0
2,4,1048576,5120,16,13,0.03,10486,0,0,0,0,0
2,4,1048576,5120,16,13,0.04,10485,0,0,0,0,0
2,4,1048576,5120,16,13,0.05,10486,0,0,0,0,0
2,4,1048576,5120,16,13,0.06,10486,0,0,0,0,0
2,4,1048576,5120,16,13,0.07,10486,0,0,0,0,0
2,4,1048576,5120,16,13,0.08,10485,0,0,0,0,0
2,4,1048576,5120,16,13,0.09,10486,0,0,0,0,0
2,4,1048576,5120,16,13,0.1,10486,0,0,0,0,0
2,4,1048576,5120,16,13,0.11,10486,0,0,0,0,0
2,4,1048576,5120,16,13,0.12,10485,0,0,0,0,0
2,4,1048576,5120,16,13,0.13,10486,0,0,0,0,0
2,4,1048576,5120,16,13,0.14,10486,0,0,0,0,0
2,4,1048576,5120,16,13,0.15,10486,9.53652489e-05,0,0,0,1
2,4,1048576,5120,16,13,0.16,10485,0,0,0,0,0
2,4,1048576,5120,16,13,0.17,10486,0,0,0,0,0
2,4,1048576,5120,16,13,0.18,10486,0,0,0,0,0
2,4,1048576,5120,16,13,0.19,10486,9.53652489e-05,0,0,0,1
2,4,1048576,5120,16,13,0.2,10485,0,0,0,0,0
2,4,1048576,5120,16,13,0.21,10486,9.53652489e-05,0,0,0,1
2,4,1048576,5120,16,13,0.22,10486,0,0,0,0,0
2,4,1048576,5120,16,13,0.23,10486,0.000190730498,0,0,0,1
2,4,1048576,5120,16,13,0.24,10485,0.000286123033,0,0,0,1
2,4,1048576,5120,16,13,0.25,10486,0.000572191493,0,0,0,2
2,4,1048576,5120,16,13,0.26,10486,0.000381460996,0,0,0,1
2,4,1048576,5120,16,13,0.27,10486,0.000667556742,0,0,0,1
2,4,1048576,5120,16,13,0.28,10486,0.000667556742,0,0,0,1
2,4,1048576,5120,16,13,0.29,10485,0.000476871722,0,0,0,1
2,4,1048576,5120,16,13,0.3,10486,0.00104901774,0,0,0,2
2,4,1048576,5120,16,13,0.31,10486,0.00114438299,0,0,1,1
2,4,1048576,5120,16,13,0.32,10486,0.00247949647,0,0,1,1
2,4,1048576,5120,16,13,0.33,10485,0.0017167382,0,0,1,3
2,4,1048576,5120,16,13,0.34,10486,0.00200267023,0,0,1,1
2,4,1048576,5120,16,13,0.35,10486,0.0041007057,0,0,1,2
2,4,1048576,5120,16,13,0.36,10486,0.00343314896,0,0,1,1
2,4,1048576,5120,16,13,0.37,10485,0.00572246066,0,0,1,3
2,4,1048576,5120,16,13,0.38,10486,0.00486362769,0,0,1,2
2,4,1048576,5120,16,13,0.39,10486,0.00667556742,0,0,1,4
2,4,1048576,5120,16,13,0.4,10486,0.00753385466,0,0,2,2
2,4,1048576,5120,16,13,0.41,10485,0.0105865522,0,0,2,3
2,4,1048576,5120,16,13,0.42,10486,0.0110623689,0,0,2,3
2,4,1048576,5120,16,13,0.43,10486,0.0129696739,0,1,2,3
2,4,1048576,5120,16,13,0.44,10486,0.0153538051,0,1,2,4
2,4,1048576,5120,16,13,0.45,10485,0.0184072485,0,1,2,3
2,4,1048576,5120,16,13,0.46,10486,0.0193591455,0,1,2,3
2,4,1048576,5120,16,13,0.47,10486,0.0221247377,0,1,2,4
2,4,1048576,5120,16,13,0.48,10486,0.0250810605,0,1,2,5
2,4,1048576,5120,16,13,0.49,10485,0.0287076776,0,1,2,4
2,4,1048576,5120,16,13,0.5,10486,0.0331871066,0,1,3,6
2,4,1048576,5120,16,13,0.51,10486,0.0370017166,0,1,3,4
2,4,1048576,5120,16,13,0.52,10486,0.0465382415,0,1,3,6
2,4,1048576,5120,16,13,0.53,10486,0.0473011635,0,1,3,5
2,4,1048576,5120,16,13,0.54,10485,0.0507391512,0,1,3,6
2,4,1048576,5120,16,13,0.55,10486,0.0641808125,0,2,3,7
2,4,1048576,5120,16,13,0.56,10486,0.0667556742,0,2,4,11
2,4,1048576,5120,16,13,0.57,10486,0.0761014686,0,2,4,7
2,4,1048576,5120,16,13,0.58,10485,0.0836433,0,2,4,6
2,4,1048576,5120,16,13,0.59,10486,0.106522983,0,2,5,8
2,4,1048576,5120,16,13,0.6,10486,0.108048827,0,2,4,8
2,4,1048576,5120,16,13,0.61,10486,0.125309937,0,3,5,8
2,4,1048576,5120,16,13,0.62,10485,0.136671435,0,3,5,7
2,4,1048576,5120,16,13,0.63,10486,0.15315659,0,3,5,10
2,4,1048576,5120,16,13,0.64,10486,0.169464047,0,3,6,8
2,4,1048576,5120,16,13,0.65,10486,0.186534427,0,3,6,10
2,4,1048576,5120,16,13,0.66,10485,0.211921793,0,4,6,10
2,4,1048576,5120,16,13,0.67,10486,0.223536143,0,4,7,12
2,4,1048576,5120,16,13,0.68,10486,0.25290864,0,4,7,9
2,4,1048576,5120,16,13,0.69,10486,0.284760633,0,4,8,12
2,4,1048576,5120,16,13,0.7,10485,0.338769671,0,5,7,10
2,4,1048576,5120,16,13,0.71,10486,0.371638375,0,5,8,12
2,4,1048576,5120,16,13,0.72,10486,0.397673088,0,5,9,18
2,4,1048576,5120,16,13,0.73,10486,0.455082968,0,5,10,17
2,4,1048576,5120,16,13,0.74,10485,0.508249881,0,6,9,14
2,4,1048576,5120,16,13,0.75,10486,0.564085447,0,7,11,19
2,4,1048576,5120,16,13,0.76,10486,0.644001526,0,7,12,18
2,4,1048576,5120,16,13,0.77,10486,0.708563799,0,8,13,20
2,4,1048576,5120,16,13,0.78,10486,0.784855998,0,8,15,21
2,4,1048576,5120,16,13,0.79,10485,0.903671912,0,9,13,19
2,4,1048576,5120,16,13,0.8,10486,1.03318711,0,10,16,24
2,4,1048576,5120,16,13,0.81,10486,1.17747473,0,11,18,29
2,4,1048576,5120,16,13,0.82,10486,1.36048064,0,12,18,30
2,4,1048576,5120,16,13,0.83,10485,1.57129232,0,13,21,33
2,4,1048576,5120,16,13,0.84,10486,1.74432577,0,14,23,32
2,4,1048576,5120,16,13,0.85,10486,2.04377265,0,16,23,27
2,4,1048576,5120,16,13,0.86,10486,2.41655541,0,19,31,48
2,4,1048576,5120,16,13,0.87,10485,2.89661421,0,22,35,47
2,4,1048576,5120,16,13,0.88,10486,3.51687965,1,25,38,58
2,4,1048576,5120,16,13,0.89,10486,4.24604234,1,31,46,63
2,4,1048576,5120,16,13,0.9,10486,5.19177952,2,36,51,85
2,4,1048576,5120,16,13,0.91,10485,6.84511206,3,44,68,96
2,4,1048576,5120,16,13,0.92,10486,9.18682052,4,59,97,150
2,4,1048576,5120,16,13,0.93,10486,12.8847988,6,80,123,167
2,4,1048576,5120,16,13,0.94,10486,19.5659928,10,120,184,271
2,4,1048576,5120,16,13,0.95,10485,34.3762518,19,195,323,525
2,4,1048576,5120,16,13,0.96,10486,79.4361053,45,484,831,1143
2,4,1048576,5120,16,13,0.97,7591,333.864576,174,2259,3832,4827
2,4,1048576,5120,16,14,0,10486,0,0,0,0,0
2,4,1048576,5120,16,14,0.01,10486,0,0,0,0,0
2,4,1048576,5120,16,14,0.02,10486,0,0,0,0,0
2,4,1048576,5120,16,14,0.03,10486,0,0,0,0,0
2,4,1048576,5120,16,14,0.04,10485,0,0,0,0,0
2,4,1048576,5120,16,14,0.05,10486,0,0,0,0,0
2,4,1048576,5120,16,14,0.06,10486,0,0,0,0,0
2,4,1048576,5120,16,14,0.07,10486,0,0,0,0,0
2,4,1048576,5120,16,14,0.08,10485,0,0,0,0,0
2,4,1048576,5120,16,14,0.09,10486,0,0,0,0,0
2,4,1048576,5120,16,14,0.1,10486,0,0,0,0,0
2,4,1048576,5120,16,14,0.11,10486,0,0,0,0,0
2,4,1048576,5120,16,14,0.12,10485,0,0,0,0,0
2,4,1048576,5120,16,14,0.13,10486,9.53652489e-05,0,0,0,1
2,4,1048576,5120,16,14,0.14,10486,0,0,0,0,0
2,4,1048576,5120,16,14,0.15,10486,0,0,0,0,0
2,4,1048576,5120,16,14,0.16,10485,0.000190748689,0,0,0,1
2,4,1048576,5120,16,14,0.17,10486,0,0,0,0,0
2,4,1048576,5120,16,14,0.18,10486,0,0,0,0,0
2,4,1048576,5120,16,14,0.19,10486,9.53652489e-05,0,0,0,1
2,4,1048576,5120,16,14,0.2,10485,0,0,0,0,0
2,4,1048576,5120,16,14,0.21,10486,9.53652489e-05,0,0,0,1
2,4,1048576,5120,16,14,0.22,10486,9.53652489e-05,0,0,0,1
2,4,1048576,5120,16,14,0.23,10486,9.53652489e-05,0,0,0,1
2,4,1048576,5120,16,14,0.24,10485,0.000381497377,0,0,0,1
2,4,1048576,5120,16,14,0.25,10486,0.00085828724,0,0,0,2
2,4,1048576,5120,16,14,0.26,10486,0.000286095747,0,0,0,1
2,4,1048576,5120,16,14,0.27,10486,0.000762921991,0,0,0,1
2,4,1048576,5120,16,14,0.28,10486,0.00104901774,0,0,1,1
2,4,1048576,5120,16,14,0.29,10485,0.000858369099,0,0,0,1
2,4,1048576,5120,16,14,0.3,10486,0.00133511348,0,0,1,1
2,4,1048576,5120,16,14,0.31,10486,0.00247949647,0,0,1,2
2,4,1048576,5120,16,14,0.32,10486,0.00114438299,0,0,1,1
2,4,1048576,5120,16,14,0.33,10485,0.00276585598,0,0,1,2
2,4,1048576,5120,16,14,0.34,10486,0.00295632272,0,0,1,2
2,4,1048576,5120,16,14,0.35,10486,0.00352851421,0,0,1,3
2,4,1048576,5120,16,14,0.36,10486,0.00419607095,0,0,1,3
2,4,1048576,5120,16,14,0.37,10485,0.00467334287,0,0,1,2
2,4,1048576,5120,16,14,0.38,10486,0.00734312417,0,0,1,2
2,4,1048576,5120,16,14,0.39,10486,0.00801068091,0,0,1,2
2,4,1048576,5120,16,14,0.4,10486,0.00934579439,0,0,2,3
2,4,1048576,5120,16,14,0.41,10485,0.00963280877,0,0,1,3
2,4,1048576,5120,16,14,0.42,10486,0.0118252909,0,1,2,3
2,4,1048576,5120,16,14,0.43,10486,0.0138279611,0,1,2,3
2,4,1048576,5120,16,14,0.44,10486,0.0161167271,0,1,2,3
2,4,1048576,5120,16,14,0.45,10485,0.0152598951,0,1,2,4
2,4,1048576,5120,16,14,0.46,10486,0.0202174328,0,1,2,3
2,4,1048576,5120,16,14,0.47,10486,0.022983025,0,1,2,3
2,4,1048576,5120,16,14,0.48,10486,0.0264161739,0,1,2,5
2,4,1048576,5120,16,14,0.49,10485,0.0273724368,0,1,2,4
2,4,1048576,5120,16,14,0.5,10486,0.0323288194,0,1,2,4
2,4,1048576,5120,16,14,0.51,10486,0.0382414648,0,1,2,4
2,4,1048576,5120,16,14,0.52,10486,0.043295823,0,1,3,4
2,4,1048576,5120,16,14,0.53,10486,0.0484455464,0,1,3,5
2,4,1048576,5120,16,14,0.54,10485,0.0519790176,0,1,3,5
2,4,1048576,5120,16,14,0.55,10486,0.0587449933,0,2,3,5
2,4,1048576,5120,16,14,0.56,10486,0.0721914934,0,2,3,6
2,4,1048576,5120,16,14,0.57,10486,0.0755292771,0,2,3,7
2,4,1048576,5120,16,14,0.58,10485,0.0775393419,0,2,4,8
2,4,1048576,5120,16,14,0.59,10486,0.0906923517,0,2,4,6
2,4,1048576,5120,16,14,0.6,10486,0.108430288,0,2,5,6
2,4,1048576,5120,16,14,0.61,10486,0.123497997,0,2,5,10
2,4,1048576,5120,16,14,0.62,10485,0.136099189,0,3,5,8
2,4,1048576,5120,16,14,0.63,10486,0.146576388,0,3,5,8
2,4,1048576,5120,16,14,0.64,10486,0.155063895,0,3,6,7
2,4,1048576,5120,16,14,0.65,10486,0.193591455,0,3,6,9
2,4,1048576,5120,16,14,0.66,10485,0.210491178,0,4,6,7
2,4,1048576,5120,16,14,0.67,10486,0.244897959,0,4,7,13
2,4,1048576,5120,16,14,0.68,10486,0.261777608,0,4,7,10
2,4,1048576,5120,16,14,0.69,10486,0.285046729,0,4,8,10
2,4,1048576,5120,16,14,0.7,10485,0.34029566,0,5,9,14
2,4,1048576,5120,16,14,0.71,10486,0.372782758,0,5,8,11
2,4,1048576,5120,16,14,0.72,10486,0.398340645,0,5,9,12
2,4,1048576,5120,16,14,0.73,10486,0.46748045,0,6,9,16
2,4,1048576,5120,16,14,0.74,10485,0.508154506,0,6,10,17
2,4,1048576,5120,16,14,0.75,10486,0.573908068,0,7,11,18
2,4,1048576,5120,16,14,0.76,10486,0.6569712,0,7,11,18
2,4,1048576,5120,16,14,0.77,10486,0.728685867,0,8,13,21
2,4,1048576,5120,16,14,0.78,10486,0.822716002,0,8,15,21
2,4,1048576,5120,16,14,0.79,10485,0.893466857,0,9,15,39
2,4,1048576,5120,16,14,0.8,10486,1.01172993,0,10,16,23
2,4,1048576,5120,16,14,0.81,10486,1.16269311,0,11,18,26
2,4,1048576,5120,16,14,0.82,10486,1.34913218,0,12,21,30
2,4,1048576,5120,16,14,0.83,10485,1.56289938,0,13,22,31
2,4,1048576,5120,16,14,0.84,10486,1.82347892,0,15,25,35
2,4,1048576,5120,16,14,0.85,10486,2.09898913,0,17,28,46
2,4,1048576,5120,16,14,0.86,10486,2.49160786,0,20,30,45
2,4,1048576,5120,16,14,0.87,10485,2.88221268,0,22,32,45
2,4,1048576,5120,16,14,0.88,10486,3.58277704,1,26,39,59
2,4,1048576,5120,16,14,0.89,10486,4.33892809,1,29,45,70
2,4,1048576,5120,16,14,0.9,10486,5.44659546,2,36,55,69
2,4,1048576,5120,16,14,0.91,10485,6.90472103,3,46,72,150
2,4,1048576,5120,16,14,0.92,10486,9.30288003,4,58,91,131
2,4,1048576,5120,16,14,0.93,10486,13.1099561,6,84,129,200
2,4,1048576,5120,16,14,0.94,10486,19.6973107,10,114,179,295
2,4,1048576,5120,16,14,0.95,10485,33.9370529,18,198,311,398
2,4,1048576,5120,16,14,0.96,10486,79.821667,45,467,857,1543
2,4,1048576,5120,16,14,0.97,6692,294.809922,163,1873,3135,4521
2,4,1048576,5120,16,15,0,10486,0,0,0,0,0
2,4,1048576,5120,16,15,0.01,10486,0,0,0,0,0
2,4,1048576,5120,16,15,0.02,10486,0,0,0,0,0
2,4,1048576,5120,16,15,0.03,10486,0,0,0,0,0
2,4,1048576,5120,16,15,0.04,10485,0,0,0,0,0
2,4,1048576,5120,16,15,0.05,10486,0,0,0,0,0
2,4,1048576,5120,16,15,0.06,10486,0,0,0,0,0
2,4,1048576,5120,16,15,0.07,10486,0,0,0,0,0
2,4,1048576,5120,16,15,0.08,10485,0,0,0,0,0
2,4,1048576,5120,16,15,0.09,10486,0,0,0,0,0
2,4,1048576,5120,16,15,0.1,10486,0,0,0,0,0
2,4,1048576,5120,16,15,0.11,10486,0,0,0,0,0
2,4,1048576,5120,16,15,0.12,10485,0,0,0,0,0
2,4,1048576,5120,16,15,0.13,10486,0,0,0,0,0
2,4,1048576,5120,16,15,0.14,10486,0,0,0,0,0
2,4,1048576,5120,16,15,0.15,10486,0,0,0,0,0
2,4,1048576,5120,16,15,0.16,10485,9.53743443e-05,0,0,0,1
2,4,1048576,5120,16,15,0.17,10486,0.000190730498,0,0,0,1
2,4,1048576,5120,16,15,0.18,10486,0,0,0,0,0
2,4,1048576,5120,16,15,0.19,10486,0,0,0,0,0
2,4,1048576,5120,16,15,0.2,10485,0,0,0,0,0
2,4,1048576,5120,16,15,0.21,10486,0.000381460996,0,0,0,1
2,4,1048576,5120,16,15,0.22,10486,9.53652489e-05,0,0,0,1
2,4,1048576,5120,16,15,0.23,10486,9.53652489e-05,0,0,0,1
2,4,1048576,5120,16,15,0.24,10485,0.000476871722,0,0,0,1
2,4,1048576,5120,16,15,0.25,10486,0.000953652489,0,0,0,2
2,4,1048576,5120,16,15,0.26,10486,0.000572191493,0,0,0,1
2,4,1048576,5120,16,15,0.27,10486,0.000953652489,0,0,0,3
2,4,1048576,5120,16,15,0.28,10486,0.00085828724,0,0,0,1
2,4,1048576,5120,16,15,0.29,10485,0.000953743443,0,0,0,1
2,4,1048576,5120,16,15,0.3,10486,0.00152584398,0,0,1,2
2,4,1048576,5120,16,15,0.31,10486,0.00133511348,0,0,1,1
2,4,1048576,5120,16,15,0.32,10486,0.00238413122,0,0,1,2
2,4,1048576,5120,16,15,0.33,10485,0.00247973295,0,0,1,1
2,4,1048576,5120,16,15,0.34,10486,0.00343314896,0,0,1,2
2,4,1048576,5120,16,15,0.35,10486,0.00286095747,0,0,1,2
2,4,1048576,5120,16,15,0.36,10486,0.00343314896,0,0,1,1
2,4,1048576,5120,16,15,0.37,10485,0.00429184549,0,0,1,3
2,4,1048576,5120,16,15,0.38,10486,0.00553118444,0,0,1,2
2,4,1048576,5120,16,15,0.39,10486,0.00457753195,0,0,1,2
2,4,1048576,5120,16,15,0.4,10486,0.00810604616,0,0,1,2
2,4,1048576,5120,16,15,0.41,10485,0.00906056271,0,0,1,2
2,4,1048576,5120,16,15,0.42,10486,0.0109670036,0,0,2,3
2,4,1048576,5120,16,15,0.43,10486,0.0124928476,0,1,2,3
2,4,1048576,5120,16,15,0.44,10486,0.0149723441,0,1,2,3
2,4,1048576,5120,16,15,0.45,10485,0.0175488794,0,1,2,3
2,4,1048576,5120,16,15,0.46,10486,0.0225061987,0,1,2,3
2,4,1048576,5120,16,15,0.47,10486,0.021838642,0,1,2,3
2,4,1048576,5120,16,15,0.48,10486,0.0268930002,0,1,3,4
2,4,1048576,5120,16,15,0.49,10485,0.0277539342,0,1,2,5
2,4,1048576,5120,16,15,0.5,10486,0.0366202556,0,1,3,4
2,4,1048576,5120,16,15,0.51,10486,0.0357619683,0,1,2,3
2,4,1048576,5120,16,15,0.52,10486,0.0424375358,0,1,3,6
2,4,1048576,5120,16,15,0.53,10486,0.0499713904,0,1,3,5
2,4,1048576,5120,16,15,0.54,10485,0.0533142585,0,2,3,4
2,4,1048576,5120,16,15,0.55,10486,0.0627503338,0,2,3,5
2,4,1048576,5120,16,15,0.56,10486,0.0697119969,0,2,4,9
2,4,1048576,5120,16,15,0.57,10486,0.0797253481,0,2,4,7
2,4,1048576,5120,16,15,0.58,10485,0.0913686218,0,2,4,7
2,4,1048576,5120,16,15,0.59,10486,0.0987983979,0,2,4,6
2,4,1048576,5120,16,15,0.6,10486,0.111958802,0,2,5,6
2,4,1048576,5120,16,15,0.61,10486,0.11481976,0,2,4,7
2,4,1048576,5120,16,15,0.62,10485,0.133524082,0,3,5,9
2,4,1048576,5120,16,15,0.63,10486,0.154587068,0,3,5,9
2,4,1048576,5120,16,15,0.64,10486,0.177665459,0,3,6,11
2,4,1048576,5120,16,15,0.65,10486,0.191207324,0,3,7,9
2,4,1048576,5120,16,15,0.66,10485,0.209632809,0,4,6,9
2,4,1048576,5120,16,15,0.67,10486,0.231356094,0,4,7,10
2,4,1048576,5120,16,15,0.68,10486,0.262254434,0,4,7,12
2,4,1048576,5120,16,15,0.69,10486,0.293343506,0,4,7,12
2,4,1048576,5120,16,15,0.7,10485,0.335908441,0,5,8,14
2,4,1048576,5120,16,15,0.71,10486,0.375452985,0,5,9,13
2,4,1048576,5120,16,15,0.72,10486,0.411310319,0,5,9,15
2,4,1048576,5120,16,15,0.73,10486,0.434674805,0,5,9,13
2,4,1048576,5120,16,15,0.74,10485,0.528469242,0,6,10,13
2,4,1048576,5120,16,15,0.75,10486,0.572000763,0,6,12,16
2,4,1048576,5120,16,15,0.76,10486,0.646767118,0,7,12,15
2,4,1048576,5120,16,15,0.77,10486,0.731356094,0,8,14,18
2,4,1048576,5120,16,15,0.78,10486,0.838546634,0,9,13,19
2,4,1048576,5120,16,15,0.79,10485,0.955078684,0,9,14,22
2,4,1048576,5120,16,15,0.8,10486,1.053786,0,10,17,29
2,4,1048576,5120,16,15,0.81,10486,1.20141141,0,11,18,27
2,4,1048576,5120,16,15,0.82,10486,1.39414457,0,13,20,25
2,4,1048576,5120,16,15,0.83,10485,1.62069623,0,14,23,30
2,4,1048576,5120,16,15,0.84,10486,1.84598512,0,16,23,40
2,4,1048576,5120,16,15,0.85,10486,2.16288385,0,18,27,39
2,4,1048576,5120,16,15,0.86,10486,2.52384131,0,19,29,50
2,4,1048576,5120,16,15,0.87,10485,2.94248927,0,22,35,47
2,4,1048576,5120,16,15,0.88,10486,3.56685104,1,27,41,59
2,4,1048576,5120,16,15,0.89,10486,4.2914362,1,31,51,64
2,4,1048576,5120,16,15,0.9,10486,5.34970437,2,36,57,90
2,4,1048576,5120,16,15,0.91,10485,6.8691464,3,46,72,157
2,4,1048576,5120,16,15,0.92,10486,9.01602136,4,57,88,105
2,4,1048576,5120,16,15,0.93,10486,12.84465,6,77,122,179
2,4,1048576,5120,16,15,0.94,10486,19.2528133,10,118,176,231
2,4,1048576,5120,16,15,0.95,10485,34.112351,19,204,312,424
2,4,1048576,5120,16,15,0.96,10486,80.9853138,45,471,730,1119
2,4,1048576,5120,16,15,0.97,6746,297.775867,162,1857,3224,3968
2,4,1048576,5120,16,16,0,10486,0,0,0,0,0
2,4,1048576,5120,16,16,0.01,10486,0,0,0,0,0
2,4,1048576,5120,16,16,0.02,10486,0,0,0,0,0
2,4,1048576,5120,16,16,0.03,10486,0,0,0,0,0
2,4,1048576,5120,16,16,0.04,10485,0,0,0,0,0
2,4,1048576,5120,16,16,0.05,10486,0,0,0,0,0
2,4,1048576,5120,16,16,0.06,10486,0,0,0,0,0
2,4,1048576,5120,16,16,0.07,10486,0,0,0,0,0
2,4,1048576,5120,16,16,0.08,10485,0,0,0,0,0
2,4,1048576,5120,16,16,0.09,10486,0,0,0,0,0
2,4,1048576,5120,16,16,0.1,10486,0,0,0,0,0
2,4,1048576,5120,16,16,0.11,10486,0,0,0,0,0
2,4,1048576,5120,16,16,0.12,10485,0,0,0,0,0
2,4,1048576,5120,16,16,0.13,10486,0,0,0,0,0
2,4,1048576,5120,16,16,0.14,10486,0,0,0,0,0
2,4,1048576,5120,16,16,0.15,10486,0,0,0,0,0
2,4,1048576,5120,16,16,0.16,10485,0,0,0,0,0
2,4,1048576,5120,16,16,0.17,10486,0,0,0,0,0
2,4,1048576,5120,16,16,0.18,10486,0,0,0,0,0
2,4,1048576,5120,16,16,0.19,10486,9.53652489e-05,0,0,0,1
2,4,1048576,5120,16,16,0.2,10485,0,0,0,0,0
2,4,1048576,5120,16,16,0.21,10486,0.000286095747,0,0,0,1
2,4,1048576,5120,16,16,0.22,10486,9.53652489e-05,0,0,0,1
2,4,1048576,5120,16,16,0.23,10486,0.000190730498,0,0,0,1
2,4,1048576,5120,16,16,0.24,10485,0.000286123033,0,0,0,1
2,4,1048576,5120,16,16,0.25,10486,0.000190730498,0,0,0,1
2,4,1048576,5120,16,16,0.26,10486,0.000286095747,0,0,0,1
2,4,1048576,5120,16,16,0.27,10486,0.000381460996,0,0,0,1
2,4,1048576,5120,16,16,0.28,10486,0.000762921991,0,0,0,1
2,4,1048576,5120,16,16,0.29,10485,0.00114449213,0,0,1,2
2,4,1048576,5120,16,16,0.3,10486,0.00114438299,0,0,1,2
2,4,1048576,5120,16,16,0.31,10486,0.00133511348,0,0,1,1
2,4,1048576,5120,16,16,0.32,10486,0.00238413122,0,0,1,1
2,4,1048576,5120,16,16,0.33,10485,0.00276585598,0,0,1,2
2,4,1048576,5120,16,16,0.34,10486,0.00286095747,0,0,1,2
2,4,1048576,5120,16,16,0.35,10486,0.00324241846,0,0,1,2
2,4,1048576,5120,16,16,0.36,10486,0.00419607095,0,0,1,3
2,4,1048576,5120,16,16,0.37,10485,0.00572246066,0,0,1,2
2,4,1048576,5120,16,16,0.38,10486,0.00705702842,0,0,1,3
2,4,1048576,5120,16,16,0.39,10486,0.00810604616,0,0,2,2
2,4,1048576,5120,16,16,0.4,10486,0.00886896815,0,0,1,3
2,4,1048576,5120,16,16,0.41,10485,0.0105865522,0,0,2,3
2,4,1048576,5120,16,16,0.42,10486,0.0132557696,0,1,2,4
2,4,1048576,5120,16,16,0.43,10486,0.0142094221,0,1,2,2
2,4,1048576,5120,16,16,0.44,10486,0.0170703796,0,1,2,3
2,4,1048576,5120,16,16,0.45,10485,0.0183118741,0,1,2,4
2,4,1048576,5120,16,16,0.46,10486,0.022601564,0,1,2,5
2,4,1048576,5120,16,16,0.47,10486,0.021838642,0,1,2,4
2,4,1048576,5120,16,16,0.48,10486,0.0282281137,0,1,2,3
2,4,1048576,5120,16,16,0.49,10485,0.0262279447,0,1,3,4
2,4,1048576,5120,16,16,0.5,10486,0.0339500286,0,1,2,3
2,4,1048576,5120,16,16,0.51,10486,0.0370017166,0,1,2,4
2,4,1048576,5120,16,16,0.52,10486,0.0422468053,0,1,3,5
2,4,1048576,5120,16,16,0.53,10486,0.0476826245,0,1,3,6
2,4,1048576,5120,16,16,0.54,10485,0.0535050072,0,2,3,4
2,4,1048576,5120,16,16,0.55,10486,0.06322716,0,2,3,7
2,4,1048576,5120,16,16,0.56,10486,0.0720007629,0,2,4,5
2,4,1048576,5120,16,16,0.57,10486,0.0814419226,0,2,5,6
2,4,1048576,5120,16,16,0.58,10485,0.0867906533,0,2,4,8
2,4,1048576,5120,16,16,0.59,10486,0.0930764829,0,2,4,9
2,4,1048576,5120,16,16,0.6,10486,0.106618348,0,2,4,8
2,4,1048576,5120,16,16,0.61,10486,0.129506008,0,3,5,9
2,4,1048576,5120,16,16,0.62,10485,0.144110634,0,3,5,10
2,4,1048576,5120,16,16,0.63,10486,0.15115392,0,3,5,9
2,4,1048576,5120,16,16,0.64,10486,0.1704177,0,3,6,11
2,4,1048576,5120,16,16,0.65,10486,0.179954225,0,3,5,9
2,4,1048576,5120,16,16,0.66,10485,0.213733906,0,4,7,9
2,4,1048576,5120,16,16,0.67,10486,0.228876597,0,4,6,9
2,4,1048576,5120,16,16,0.68,10486,0.264447835,0,4,7,10
2,4,1048576,5120,16,16,0.69,10486,0.290387183,0,4,8,13
2,4,1048576,5120,16,16,0.7,10485,0.328946113,0,5,9,12
2,4,1048576,5120,16,16,0.71,10486,0.363436964,0,5,8,14
2,4,1048576,5120,16,16,0.72,10486,0.403681099,0,5,8,16
2,4,1048576,5120,16,16,0.73,10486,0.456894907,0,6,11,15
2,4,1048576,5120,16,16,0.74,10485,0.492322365,0,6,10,16
2,4,1048576,5120,16,16,0.75,10486,0.542532901,0,6,11,17
2,4,1048576,5120,16,16,0.76,10486,0.621113866,0,7,11,15
2,4,1048576,5120,16,16,0.77,10486,0.706370399,0,8,13,23
2,4,1048576,5120,16,16,0.78,10486,0.789910357,0,8,13,21
2,4,1048576,5120,16,16,0.79,10485,0.929899857,0,9,16,26
2,4,1048576,5120,16,16,0.8,10486,1.03824146,0,10,16,21
2,4,1048576,5120,16,16,0.81,10486,1.22258249,0,11,20,29
2,4,1048576,5120,16,16,0.82,10486,1.40015258,0,12,21,31
2,4,1048576,5120,16,16,0.83,10485,1.60066762,0,13,21,34
2,4,1048576,5120,16,16,0.84,10486,1.87535762,0,15,25,36
2,4,1048576,5120,16,16,0.85,10486,2.13761205,0,18,30,46
2,4,1048576,5120,16,16,0.86,10486,2.53013542,0,20,31,43
2,4,1048576,5120,16,16,0.87,10485,3.06638054,1,23,37,55
2,4,1048576,5120,16,16,0.88,10486,3.50638947,1,25,41,57
2,4,1048576,5120,16,16,0.89,10486,4.295823,1,29,47,58
2,4,1048576,5120,16,16,0.9,10486,5.5628457,2,38,58,93
2,4,1048576,5120,16,16,0.91,10485,6.79446829,2,44,70,113
2,4,1048576,5120,16,16,0.92,10486,9.32567233,4,59,103,137
2,4,1048576,5120,16,16,0.93,10486,13.1831966,6,83,136,180
2,4,1048576,5120,16,16,0.94,10486,20.3497997,11,117,191,297
2,4,1048576,5120,16,16,0.95,10485,34.9948498,19,204,314,539
2,4,1048576,5120,16,16,0.96,10486,83.5044822,48,501,830,1393
2,4,1048576,5120,16,16,0.97,5573,264.533644,150,1588,2345,4427
2,4,1048576,5120,16,17,0,10486,0,0,0,0,0
2,4,1048576,5120,16,17,0.01,10486,0,0,0,0,0
2,4,1048576,5120,16,17,0.02,10486,0,0,0,0,0
2,4,1048576,5120,16,17,0.03,10486,0,0,0,0,0
2,4,1048576,5120,16,17,0.04,10485,0,0,0,0,0
2,4,1048576,5120,16,17,0.05,10486,0,0,0,0,0
2,4,1048576,5120,16,17,0.06,10486,0,0,0,0,0
2,4,1048576,5120,16,17,0.07,10486,0,0,0,0,0
2,4,1048576,5120,16,17,0.08,10485,0,0,0,0,0
2,4,1048576,5120,16,17,0.09,10486,0,0,0,0,0
2,4,1048576,5120,16,17,0.1,10486,0,0,0,0,0
2,4,1048576,5120,16,17,0.11,10486,0,0,0,0,0
2,4,1048576,5120,16,17,0.12,10485,0,0,0,0,0
2,4,1048576,5120,16,17,0.13,10486,0,0,0,0,0
2,4,1048576,5120,16,17,0.14,10486,0,0,0,0,0
2,4,1048576,5120,16,17,0.15,10486,0,0,0,0,0
2,4,1048576,5120,16,17,0.16,10485,0,0,0,0,0
2,4,1048576,5120,16,17,0.17,10486,9.53652489e-05,0,0,0,1
2,4,1048576,5120,16,17,0.18,10486,0.000190730498,0,0,0,1
2,4,1048576,5120,16,17,0.19,10486,0,0,0,0,0
2,4,1048576,5120,16,17,0.2,10485,0,0,0,0,0
2,4,1048576,5120,16,17,0.21,10486,0.000286095747,0,0,0,1
2,4,1048576,5120,16,17,0.22,10486,9.53652489e-05,0,0,0,1
2,4,1048576,5120,16,17,0.23,10486,0.000190730498,0,0,0,1
2,4,1048576,5120,16,17,0.24,10485,0.000286123033,0,0,0,1
2,4,1048576,5120,16,17,0.25,10486,0.000572191493,0,0,0,1
2,4,1048576,5120,16,17,0.26,10486,0.00085828724,0,0,0,1
2,4,1048576,5120,16,17,0.27,10486,0.000572191493,0,0,0,1
2,4,1048576,5120,16,17,0.28,10486,0.00171657448,0,0,1,2
2,4,1048576,5120,16,17,0.29,10485,0.00114449213,0,0,1,1
2,4,1048576,5120,16,17,0.3,10486,0.00123974824,0,0,1,1
2,4,1048576,5120,16,17,0.31,10486,0.00200267023,0,0,1,1
2,4,1048576,5120,16,17,0.32,10486,0.00219340072,0,0,1,2
2,4,1048576,5120,16,17,0.33,10485,0.00295660467,0,0,1,3
2,4,1048576,5120,16,17,0.34,10486,0.00438680145,0,0,1,3
2,4,1048576,5120,16,17,0.35,10486,0.00343314896,0,0,1,2
2,4,1048576,5120,16,17,0.36,10486,0.00343314896,0,0,1,1
2,4,1048576,5120,16,17,0.37,10485,0.00591320935,0,0,1,3
2,4,1048576,5120,16,17,0.38,10486,0.00791531566,0,0,1,2
2,4,1048576,5120,16,17,0.39,10486,0.00658020217,0,0,1,2
2,4,1048576,5120,16,17,0.4,10486,0.00801068091,0,0,1,2
2,4,1048576,5120,16,17,0.41,10485,0.0100143062,0,0,1,3
2,4,1048576,5120,16,17,0.42,10486,0.0112530994,0,0,2,3
2,4,1048576,5120,16,17,0.43,10486,0.0113484646,0,1,2,3
2,4,1048576,5120,16,17,0.44,10486,0.017642571,0,1,2,3
2,4,1048576,5120,16,17,0.45,10485,0.0185026228,0,1,2,4
2,4,1048576,5120,16,17,0.46,10486,0.0224108335,0,1,2,4
2,4,1048576,5120,16,17,0.47,10486,0.0220293725,0,1,2,3
2,4,1048576,5120,16,17,0.48,10486,0.0257486172,0,1,2,4
2,4,1048576,5120,16,17,0.49,10485,0.0324272771,0,1,3,6
2,4,1048576,5120,16,17,0.5,10486,0.0336639329,0,1,3,5
2,4,1048576,5120,16,17,0.51,10486,0.0350944116,0,1,3,4
2,4,1048576,5120,16,17,0.52,10486,0.0445355712,0,1,3,6
2,4,1048576,5120,16,17,0.53,10486,0.0500667557,0,1,3,4
2,4,1048576,5120,16,17,0.54,10485,0.0528373867,0,1,3,5
2,4,1048576,5120,16,17,0.55,10486,0.064371543,0,2,4,5
2,4,1048576,5120,16,17,0.56,10486,0.0711424757,0,2,4,5
2,4,1048576,5120,16,17,0.57,10486,0.0766736601,0,2,4,5
2,4,1048576,5120,16,17,0.58,10485,0.0895565093,0,2,4,5
2,4,1048576,5120,16,17,0.59,10486,0.090406256,0,2,4,8
2,4,1048576,5120,16,17,0.6,10486,0.108811749,0,2,4,6
2,4,1048576,5120,16,17,0.61,10486,0.123021171,0,2,5,9
2,4,1048576,5120,16,17,0.62,10485,0.146018121,0,3,5,11
2,4,1048576,5120,16,17,0.63,10486,0.161358001,0,3,6,8
2,4,1048576,5120,16,17,0.64,10486,0.178714476,0,3,6,9
2,4,1048576,5120,16,17,0.65,10486,0.185485409,0,3,6,8
2,4,1048576,5120,16,17,0.66,10485,0.21230329,0,4,6,10
2,4,1048576,5120,16,17,0.67,10486,0.238127027,0,4,7,11
2,4,1048576,5120,16,17,0.68,10486,0.271218768,0,4,7,15
2,4,1048576,5120,16,17,0.69,10486,0.284665268,0,4,8,11
2,4,1048576,5120,16,17,0.7,10485,0.320648546,0,4,8,12
2,4,1048576,5120,16,17,0.71,10486,0.353328247,0,5,8,11
2,4,1048576,5120,16,17,0.72,10486,0.401964524,0,5,10,13
2,4,1048576,5120,16,17,0.73,10486,0.459183673,0,6,9,13
2,4,1048576,5120,16,17,0.74,10485,0.515879828,0,6,10,20
2,4,1048576,5120,16,17,0.75,10486,0.58630555,0,7,12,16
2,4,1048576,5120,16,17,0.76,10486,0.623688728,0,7,11,17
2,4,1048576,5120,16,17,0.77,10486,0.70493992,0,7,13,21
2,4,1048576,5120,16,17,0.78,10486,0.799923708,0,9,15,25
2,4,1048576,5120,16,17,0.79,10485,0.907105389,0,9,15,24
2,4,1048576,5120,16,17,0.8,10486,1.05769598,0,10,17,33
2,4,1048576,5120,16,17,0.81,10486,1.18443639,0,10,18,23
2,4,1048576,5120,16,17,0.82,10486,1.29410643,0,12,19,30
2,4,1048576,5120,16,17,0.83,10485,1.52312828,0,13,20,28
2,4,1048576,5120,16,17,0.84,10486,1.80755293,0,15,23,36
2,4,1048576,5120,16,17,0.85,10486,2.09813084,0,17,27,36
2,4,1048576,5120,16,17,0.86,10486,2.42637803,0,19,32,51
2,4,1048576,5120,16,17,0.87,10485,2.8579876,0,22,33,60
2,4,1048576,5120,16,17,0.88,10486,3.48607667,1,25,40,52
2,4,1048576,5120,16,17,0.89,10486,4.29887469,1,31,48,79
2,4,1048576,5120,16,17,0.9,10486,5.32891474,2,36,54,74
2,4,1048576,5120,16,17,0.91,10485,6.98874583,3,47,73,106
2,4,1048576,5120,16,17,0.92,10486,9.1588785,4,59,89,117
2,4,1048576,5120,16,17,0.93,10486,12.9455464,6,82,123,202
2,4,1048576,5120,16,17,0.94,10486,19.5577913,10,115,192,453
2,4,1048576,5120,16,17,0.95,10485,34.5172151,19,204,298,415
2,4,1048576,5120,16,17,0.96,10486,82.1382796,46,485,803,1897
2,4,1048576,5120,16,17,0.97,7480,343.355615,180,2387,3643,5066
2,4,1048576,5120,16,18,0,10486,0,0,0,0,0
2,4,1048576,5120,16,18,0.01,10486,0,0,0,0,0
2,4,1048576,5120,16,18,0.02,10486,0,0,0,0,0
2,4,1048576,5120,16,18,0.03,10486,0,0,0,0,0
2,4,1048576,5120,16,18,0.04,10485,0,0,0,0,0
2,4,1048576,5120,16,18,0.05,10486,0,0,0,0,0
2,4,1048576,5120,16,18,0.06,10486,0,0,0,0,0
2,4,1048576,5120,16,18,0.07,10486,0,0,0,0,0
2,4,1048576,5120,16,18,0.08,10485,0,0,0,0,0
2,4,1048576,5120,16,18,0.09,10486,0,0,0,0,0
2,4,1048576,5120,16,18,0.1,10486,0,0,0,0,0
2,4,1048576,5120,16,18,0.11,10486,0,0,0,0,0
2,4,1048576,5120,16,18,0.12,10485,0,0,0,0,0
2,4,1048576,5120,16,18,0.13,10486,0,0,0,0,0
2,4,1048576,5120,16,18,0.14,10486,0,0,0,0,0
2,4,1048576,5120,16,18,0.15,10486,0,0,0,0,0
2,4,1048576,5120,16,18,0.16,10485,0,0,0,0,0
2,4,1048576,5120,16,18,0.17,10486,0,0,0,0,0
2,4,1048576,5120,16,18,0.18,10486,0,0,0,0,0
2,4,1048576,5120,16,18,0.19,10486,9.53652489e-05,0,0,0,1
2,4,1048576,5120,16,18,0.2,10485,9.53743443e-05,0,0,0,1
2,4,1048576,5120,16,18,0.21,10486,0.000190730498,0,0,0,1
2,4,1048576,5120,16,18,0.22,10486,9.53652489e-05,0,0,0,1
2,4,1048576,5120,16,18,0.23,10486,0.000286095747,0,0,0,1
2,4,1048576,5120,16,18,0.24,10485,9.53743443e-05,0,0,0,1
2,4,1048576,5120,16,18,0.25,10486,0.000476826245,0,0,0,1
2,4,1048576,5120,16,18,0.26,10486,0.00133511348,0,0,1,1
2,4,1048576,5120,16,18,0.27,10486,0.000476826245,0,0,0,1
2,4,1048576,5120,16,18,0.28,10486,0.00123974824,0,0,1,2
2,4,1048576,5120,16,18,0.29,10485,0.0017167382,0,0,1,1
2,4,1048576,5120,16,18,0.3,10486,0.00152584398,0,0,1,1
2,4,1048576,5120,16,18,0.31,10486,0.00162120923,0,0,1,2
2,4,1048576,5120,16,18,0.32,10486,0.00219340072,0,0,1,2
2,4,1048576,5120,16,18,0.33,10485,0.00181211254,0,0,1,1
2,4,1048576,5120,16,18,0.34,10486,0.00267022697,0,0,1,2
2,4,1048576,5120,16,18,0.35,10486,0.00419607095,0,0,1,2
2,4,1048576,5120,16,18,0.36,10486,0.00553118444,0,0,1,2
2,4,1048576,5120,16,18,0.37,10485,0.00505484025,0,0,1,3
2,4,1048576,5120,16,18,0.38,10486,0.00562654969,0,0,1,2
2,4,1048576,5120,16,18,0.39,10486,0.00724775892,0,0,1,4
2,4,1048576,5120,16,18,0.4,10486,0.00810604616,0,0,1,2
2,4,1048576,5120,16,18,0.41,10485,0.0112541726,0,1,2,2
2,4,1048576,5120,16,18,0.42,10486,0.0126835781,0,1,2,4
2,4,1048576,5120,16,18,0.43,10486,0.0138279611,0,1,2,4
2,4,1048576,5120,16,18,0.44,10486,0.0156399008,0,1,2,3
2,4,1048576,5120,16,18,0.45,10485,0.017739628,0,1,2,3
2,4,1048576,5120,16,18,0.46,10486,0.022601564,0,1,2,4
2,4,1048576,5120,16,18,0.47,10486,0.023364486,0,1,3,4
2,4,1048576,5120,16,18,0.48,10486,0.0268930002,0,1,2,3
2,4,1048576,5120,16,18,0.49,10485,0.0319504053,0,1,3,4
2,4,1048576,5120,16,18,0.5,10486,0.0337592981,0,1,2,5
2,4,1048576,5120,16,18,0.51,10486,0.0374785428,0,1,2,4
2,4,1048576,5120,16,18,0.52,10486,0.040625596,0,1,3,5
2,4,1048576,5120,16,18,0.53,10486,0.0488270074,0,1,3,5
2,4,1048576,5120,16,18,0.54,10485,0.052360515,0,1,3,6
2,4,1048576,5120,16,18,0.55,10486,0.0615105855,0,2,3,5
2,4,1048576,5120,16,18,0.56,10486,0.0659927522,0,2,4,4
2,4,1048576,5120,16,18,0.57,10486,0.0794392523,0,2,4,5
2,4,1048576,5120,16,18,0.58,10485,0.0828803052,0,2,4,6
2,4,1048576,5120,16,18,0.59,10486,0.101945451,0,2,4,8
2,4,1048576,5120,16,18,0.6,10486,0.108430288,0,2,5,6
2,4,1048576,5120,16,18,0.61,10486,0.113484646,0,2,5,7
2,4,1048576,5120,16,18,0.62,10485,0.138578922,0,3,5,10
2,4,1048576,5120,16,18,0.63,10486,0.155731451,0,3,5,10
2,4,1048576,5120,16,18,0.64,10486,0.167461377,0,3,5,10
2,4,1048576,5120,16,18,0.65,10486,0.186152966,0,3,6,10
2,4,1048576,5120,16,18,0.66,10485,0.206294707,0,3,6,10
2,4,1048576,5120,16,18,0.67,10486,0.232405112,0,4,6,9
2,4,1048576,5120,16,18,0.68,10486,0.252145718,0,4,7,12
2,4,1048576,5120,16,18,0.69,10486,0.292389853,0,4,8,13
2,4,1048576,5120,16,18,0.7,10485,0.305865522,0,4,8,12
2,4,1048576,5120,16,18,0.71,10486,0.362864772,0,5,8,10
2,4,1048576,5120,16,18,0.72,10486,0.402059889,0,5,9,12
2,4,1048576,5120,16,18,0.73,10486,0.44058745,0,5,9,15
2,4,1048576,5120,16,18,0.74,10485,0.512541726,0,6,10,18
2,4,1048576,5120,16,18,0.75,10486,0.569330536,0,7,11,18
2,4,1048576,5120,16,18,0.76,10486,0.642952508,0,7,13,21
2,4,1048576,5120,16,18,0.77,10486,0.71857715,0,8,13,18
2,4,1048576,5120,16,18,0.78,10486,0.834827389,0,9,15,22
2,4,1048576,5120,16,18,0.79,10485,0.923891273,0,9,16,22
2,4,1048576,5120,16,18,0.8,10486,1.06513447,0,10,17,30
2,4,1048576,5120,16,18,0.81,10486,1.16193019,0,11,18,26
2,4,1048576,5120,16,18,0.82,10486,1.37345031,0,12,19,27
2,4,1048576,5120,16,18,0.83,10485,1.57606104,0,13,24,36
2,4,1048576,5120,16,18,0.84,10486,1.79095937,0,15,24,30
2,4,1048576,5120,16,18,0.85,10486,2.09050162,0,16,27,38
2,4,1048576,5120,16,18,0.86,10486,2.51993134,0,19,33,48
2,4,1048576,5120,16,18,0.87,10485,2.97205532,0,22,35,46
2,4,1048576,5120,16,18,0.88,10486,3.63551402,1,25,39,53
2,4,1048576,5120,16,18,0.89,10486,4.30755293,1,30,49,81
2,4,1048576,5120,16,18,0.9,10486,5.4146481,2,38,59,92
2,4,1048576,5120,16,18,0.91,10485,6.92656175,2,46,74,98
2,4,1048576,5120,16,18,0.92,10486,9.1926378,4,58,91,115
2,4,1048576,5120,16,18,0.93,10486,13.0124928,6,80,130,227
2,4,1048576,5120,16,18,0.94,10486,19.8145146,10,116,168,288
2,4,1048576,5120,16,18,0.95,10485,33.3232237,18,201,286,413
2,4,1048576,5120,16,18,0.96,10486,80.2351707,46,480,754,1048
2,4,1048576,5120,16,18,0.97,6796,308.767069,172,1885,3101,4152
2,4,1048576,5120,16,19,0,10486,0,0,0,0,0
2,4,1048576,5120,16,19,0.01,10486,0,0,0,0,0
2,4,1048576,5120,16,19,0.02,10486,0,0,0,0,0
2,4,1048576,5120,16,19,0.03,10486,0,0,0,0,0
2,4,1048576,5120,16,19,0.04,10485,0,0,0,0,0
2,4,1048576,5120,16,19,0.05,10486,0,0,0,0,0
2,4,1048576,5120,16,19,0.06,10486,0,0,0,0,0
2,4,1048576,5120,16,19,0.07,10486,0,0,0,0,0
2,4,1048576,5120,16,19,0.08,10485,0,0,0,0,0
2,4,1048576,5120,16,19,0.09,10486,0,0,0,0,0
2,4,1048576,5120,16,19,0.1,10486,0,0,0,0,0
2,4,1048576,5120,16,19,0.11,10486,0,0,0,0,0
2,4,1048576,5120,16,19,0.12,10485,0,0,0,0,0
2,4,1048576,5120,16,19,0.13,10486,0,0,0,0,0
2,4,1048576,5120,16,19,0.14,10486,0,0,0,0,0
2,4,1048576,5120,16,19,0.15,10486,0,0,0,0,0
2,4,1048576,5120,16,19,0.16,10485,0,0,0,0,0
2,4,1048576,5120,16,19,0.17,10486,0,0,0,0,0
2,4,1048576,5120,16,19,0.18,10486,0,0,0,0,0
2,4,1048576,5120,16,19,0.19,10486,9.53652489e-05,0,0,0,1
2,4,1048576,5120,16,19,0.2,10485,9.53743443e-05,0,0,0,1
2,4,1048576,5120,16,19,0.21,10486,0.000190730498,0,0,0,1
2,4,1048576,5120,16,19,0.22,10486,9.53652489e-05,0,0,0,1
2,4,1048576,5120,16,19,0.23,10486,0.000476826245,0,0,0,1
2,4,1048576,5120,16,19,0.24,10485,0.000190748689,0,0,0,1
2,4,1048576,5120,16,19,0.25,10486,0.000286095747,0,0,0,1
2,4,1048576,5120,16,19,0.26,10486,0.000476826245,0,0,0,1
2,4,1048576,5120,16,19,0.27,10486,0.000667556742,0,0,0,1
2,4,1048576,5120,16,19,0.28,10486,0.000762921991,0,0,0,1
2,4,1048576,5120,16,19,0.29,10485,0.000858369099,0,0,0,1
2,4,1048576,5120,16,19,0.3,10486,0.00143047873,0,0,1,1
2,4,1048576,5120,16,19,0.31,10486,0.00143047873,0,0,1,1
2,4,1048576,5120,16,19,0.32,10486,0.00228876597,0,0,1,1
2,4,1048576,5120,16,19,0.33,10485,0.00209823557,0,0,1,2
2,4,1048576,5120,16,19,0.34,10486,0.00314705321,0,0,1,2
2,4,1048576,5120,16,19,0.35,10486,0.00343314896,0,0,1,2
2,4,1048576,5120,16,19,0.36,10486,0.00514972344,0,0,1,2
2,4,1048576,5120,16,19,0.37,10485,0.00448259418,0,0,1,3
2,4,1048576,5120,16,19,0.38,10486,0.00600801068,0,0,1,4
2,4,1048576,5120,16,19,0.39,10486,0.00724775892,0,0,1,4
2,4,1048576,5120,16,19,0.4,10486,0.00972725539,0,0,2,2
2,4,1048576,5120,16,19,0.41,10485,0.0111587983,0,0,2,4
2,4,1048576,5120,16,19,0.42,10486,0.0123974824,0,1,2,3
2,4,1048576,5120,16,19,0.43,10486,0.0124928476,0,1,2,3
2,4,1048576,5120,16,19,0.44,10486,0.0158306313,0,1,2,3
2,4,1048576,5120,16,19,0.45,10485,0.017739628,0,1,2,3
2,4,1048576,5120,16,19,0.46,10486,0.0188823193,0,1,2,3
2,4,1048576,5120,16,19,0.47,10486,0.0231737555,0,1,2,4
2,4,1048576,5120,16,19,0.48,10486,0.0272744612,0,1,2,3
2,4,1048576,5120,16,19,0.49,10485,0.0326180258,0,1,2,4
2,4,1048576,5120,16,19,0.5,10486,0.0303261492,0,1,2,4
2,4,1048576,5120,16,19,0.51,10486,0.0400534045,0,1,3,6
2,4,1048576,5120,16,19,0.52,10486,0.0486362769,0,1,3,7
2,4,1048576,5120,16,19,0.53,10486,0.0504482167,0,1,3,6
2,4,1048576,5120,16,19,0.54,10485,0.0568431092,0,2,3,4
2,4,1048576,5120,16,19,0.55,10486,0.0599847416,0,2,3,7
2,4,1048576,5120,16,19,0.56,10486,0.0650390998,0,2,4,9
2,4,1048576,5120,16,19,0.57,10486,0.0791531566,0,2,4,6
2,4,1048576,5120,16,19,0.58,10485,0.0938483548,0,2,4,5
2,4,1048576,5120,16,19,0.59,10486,0.0915506389,0,2,5,6
2,4,1048576,5120,16,19,0.6,10486,0.114915125,0,2,5,7
2,4,1048576,5120,16,19,0.61,10486,0.128933817,0,3,5,8
2,4,1048576,5120,16,19,0.62,10485,0.140963281,0,3,5,8
2,4,1048576,5120,16,19,0.63,10486,0.153442685,0,3,5,8
2,4,1048576,5120,16,19,0.64,10486,0.175853519,0,3,6,8
2,4,1048576,5120,16,19,0.65,10486,0.193400725,0,3,5,10
2,4,1048576,5120,16,19,0.66,10485,0.211921793,0,4,7,8
2,4,1048576,5120,16,19,0.67,10486,0.234598512,0,4,7,11
2,4,1048576,5120,16,19,0.68,10486,0.264447835,0,4,7,12
2,4,1048576,5120,16,19,0.69,10486,0.288861339,0,4,7,8
2,4,1048576,5120,16,19,0.7,10485,0.311683357,0,4,8,12
2,4,1048576,5120,16,19,0.71,10486,0.372973488,0,5,8,12
2,4,1048576,5120,16,19,0.72,10486,0.413026893,0,5,10,15
2,4,1048576,5120,16,19,0.73,10486,0.455178333,0,6,10,13
2,4,1048576,5120,16,19,0.74,10485,0.508345255,0,7,11,20
2,4,1048576,5120,16,19,0.75,10486,0.57486172,0,7,12,26
2,4,1048576,5120,16,19,0.76,10486,0.622067519,0,7,12,17
2,4,1048576,5120,16,19,0.77,10486,0.712092314,0,8,13,27
2,4,1048576,5120,16,19,0.78,10486,0.825290864,0,9,14,20
2,4,1048576,5120,16,19,0.79,10485,0.956795422,0,9,16,28
2,4,1048576,5120,16,19,0.8,10486,1.04548922,0,10,17,23
2,4,1048576,5120,16,19,0.81,10486,1.1973107,0,11,18,24
2,4,1048576,5120,16,19,0.82,10486,1.43419798,0,13,21,29
2,4,1048576,5120,16,19,0.83,10485,1.56633286,0,13,21,25
2,4,1048576,5120,16,19,0.84,10486,1.85523555,0,15,23,41
2,4,1048576,5120,16,19,0.85,10486,2.10928858,0,17,28,62
2,4,1048576,5120,16,19,0.86,10486,2.56561129,0,21,32,48
2,4,1048576,5120,16,19,0.87,10485,3.04368145,1,22,34,44
2,4,1048576,5120,16,19,0.88,10486,3.66374213,1,27,43,57
2,4,1048576,5120,16,19,0.89,10486,4.37268739,1,31,46,63
2,4,1048576,5120,16,19,0.9,10486,5.48369254,2,38,61,80
2,4,1048576,5120,16,19,0.91,10485,6.79752027,2,45,69,149
2,4,1048576,5120,16,19,0.92,10486,9.349609,4,58,94,133
2,4,1048576,5120,16,19,0.93,10486,12.9572764,6,77,120,155
2,4,1048576,5120,16,19,0.94,10486,19.9797826,11,116,178,384
2,4,1048576,5120,16,19,0.95,10485,34.4792561,18,205,316,527
2,4,1048576,5120,16,19,0.96,10486,79.6478161,45,478,766,1002
2,4,1048576,5120,16,19,0.97,7136,331.30227,172,2160,3876,4890
2,4,1048576,5120,16,20,0,10486,0,0,0,0,0
2,4,1048576,5120,16,20,0.01,10486,0,0,0,0,0
2,4,1048576,5120,16,20,0.02,10486,0,0,0,0,0
2,4,1048576,5120,16,20,0.03,10486,0,0,0,0,0
2,4,1048576,5120,16,20,0.04,10485,0,0,0,0,0
2,4,1048576,5120,16,20,0.05,10486,0,0,0,0,0
2,4,1048576,5120,16,20,0.06,10486,0,0,0,0,0
2,4,1048576,5120,16,20,0.07,10486,0,0,0,0,0
2,4,1048576,5120,16,20,0.08,10485,0,0,0,0,0
2,4,1048576,5120,16,20,0.09,10486,0,0,0,0,0
2,4,1048576,5120,16,20,0.1,10486,0,0,0,0,0
2,4,1048576,5120,16,20,0.11,10486,0,0,0,0,0
2,4,1048576,5120,16,20,0.12,10485,0,0,0,0,0
2,4,1048576,5120,16,20,0.13,10486,0,0,0,0,0
2,4,1048576,5120,16,20,0.14,10486,0,0,0,0,0
2,4,1048576,5120,16,20,0.15,10486,0,0,0,0,0
2,4,1048576,5120,16,20,0.16,10485,0,0,0,0,0
2,4,1048576,5120,16,20,0.17,10486,0,0,0,0,0
2,4,1048576,5120,16,20,0.18,10486,0,0,0,0,0
2,4,1048576,5120,16,20,0.19,10486,0,0,0,0,0
2,4,1048576,5120,16,20,0.2,10485,9.53743443e-05,0,0,0,1
2,4,1048576,5120,16,20,0.21,10486,0.000190730498,0,0,0,1
2,4,1048576,5120,16,20,0.22,10486,0.000286095747,0,0,0,2
2,4,1048576,5120,16,20,0.23,10486,0.000190730498,0,0,0,1
2,4,1048576,5120,16,20,0.24,10485,0.00066762041,0,0,0,2
2,4,1048576,5120,16,20,0.25,10486,9.53652489e-05,0,0,0,1
2,4,1048576,5120,16,20,0.26,10486,0.000476826245,0,0,0,1
2,4,1048576,5120,16,20,0.27,10486,0.000476826245,0,0,0,1
2,4,1048576,5120,16,20,0.28,10486,0.000762921991,0,0,0,1
2,4,1048576,5120,16,20,0.29,10485,0.00114449213,0,0,1,1
2,4,1048576,5120,16,20,0.3,10486,0.00190730498,0,0,1,1
2,4,1048576,5120,16,20,0.31,10486,0.00152584398,0,0,1,1
2,4,1048576,5120,16,20,0.32,10486,0.00209803548,0,0,1,3
2,4,1048576,5120,16,20,0.33,10485,0.00286123033,0,0,1,4
2,4,1048576,5120,16,20,0.34,10486,0.00295632272,0,0,1,2
2,4,1048576,5120,16,20,0.35,10486,0.00228876597,0,0,1,1
2,4,1048576,5120,16,20,0.36,10486,0.00505435819,0,0,1,2
2,4,1048576,5120,16,20,0.37,10485,0.00572246066,0,0,1,2
2,4,1048576,5120,16,20,0.38,10486,0.00610337593,0,0,1,3
2,4,1048576,5120,16,20,0.39,10486,0.00705702842,0,0,1,2
2,4,1048576,5120,16,20,0.4,10486,0.00667556742,0,0,1,3
2,4,1048576,5120,16,20,0.41,10485,0.0092513114,0,0,1,3
2,4,1048576,5120,16,20,0.42,10486,0.0116345604,0,0,2,3
2,4,1048576,5120,16,20,0.43,10486,0.0123974824,0,1,2,3
2,4,1048576,5120,16,20,0.44,10486,0.0160213618,0,1,2,3
2,4,1048576,5120,16,20,0.45,10485,0.0162136385,0,1,2,4
2,4,1048576,5120,16,20,0.46,10486,0.0186915888,0,1,2,4
2,4,1048576,5120,16,20,0.47,10486,0.0254625215,0,1,3,3
2,4,1048576,5120,16,20,0.48,10486,0.0262254434,0,1,2,4
2,4,1048576,5120,16,20,0.49,10485,0.0298521698,0,1,2,6
2,4,1048576,5120,16,20,0.5,10486,0.0309937059,0,1,2,5
2,4,1048576,5120,16,20,0.51,10486,0.0374785428,0,1,2,6
2,4,1048576,5120,16,20,0.52,10486,0.041388518,0,1,3,6
2,4,1048576,5120,16,20,0.53,10486,0.0540720961,0,2,3,5
2,4,1048576,5120,16,20,0.54,10485,0.0532188841,0,2,3,5
2,4,1048576,5120,16,20,0.55,10486,0.0584588976,0,2,3,4
2,4,1048576,5120,16,20,0.56,10486,0.068567614,0,2,4,6
2,4,1048576,5120,16,20,0.57,10486,0.0799160786,0,2,4,5
2,4,1048576,5120,16,20,0.58,10485,0.0924177396,0,2,4,5
2,4,1048576,5120,16,20,0.59,10486,0.100324242,0,2,4,6
2,4,1048576,5120,16,20,0.6,10486,0.0999427809,0,2,4,8
2,4,1048576,5120,16,20,0.61,10486,0.123402632,0,3,5,9
2,4,1048576,5120,16,20,0.62,10485,0.128946113,0,3,5,7
2,4,1048576,5120,16,20,0.63,10486,0.158592409,0,3,5,7
2,4,1048576,5120,16,20,0.64,10486,0.171085257,0,3,6,9
2,4,1048576,5120,16,20,0.65,10486,0.189586115,0,3,6,10
2,4,1048576,5120,16,20,0.66,10485,0.217548879,0,4,6,14
2,4,1048576,5120,16,20,0.67,10486,0.234503147,0,4,7,9
2,4,1048576,5120,16,20,0.68,10486,0.285046729,0,4,7,10
2,4,1048576,5120,16,20,0.69,10486,0.292675949,0,4,8,11
2,4,1048576,5120,16,20,0.7,10485,0.325703386,0,4,7,11
2,4,1048576,5120,16,20,0.71,10486,0.353042151,0,5,8,12
2,4,1048576,5120,16,20,0.72,10486,0.426473393,0,5,10,14
2,4,1048576,5120,16,20,0.73,10486,0.445641808,0,5,9,14
2,4,1048576,5120,16,20,0.74,10485,0.501096805,0,6,11,15
2,4,1048576,5120,16,20,0.75,10486,0.582681671,0,7,12,19
2,4,1048576,5120,16,20,0.76,10486,0.656017547,0,7,12,21
2,4,1048576,5120,16,20,0.77,10486,0.743086019,0,8,13,19
2,4,1048576,5120,16,20,0.78,10486,0.815849704,0,8,14,21
2,4,1048576,5120,16,20,0.79,10485,0.936003815,0,9,15,21
2,4,1048576,5120,16,20,0.8,10486,1.0534999,0,10,15,31
2,4,1048576,5120,16,20,0.81,10486,1.19845508,0,11,18,27
2,4,1048576,5120,16,20,0.82,10486,1.36658402,0,12,19,26
2,4,1048576,5120,16,20,0.83,10485,1.56995708,0,14,22,38
2,4,1048576,5120,16,20,0.84,10486,1.89080679,0,16,24,38
2,4,1048576,5120,16,20,0.85,10486,2.13456037,0,17,26,49
2,4,1048576,5120,16,20,0.86,10486,2.47596796,0,19,32,39
2,4,1048576,5120,16,20,0.87,10485,2.93686218,0,22,35,51
2,4,1048576,5120,16,20,0.88,10486,3.60089643,1,25,42,67
2,4,1048576,5120,16,20,0.89,10486,4.43047873,1,31,49,72
2,4,1048576,5120,16,20,0.9,10486,5.38022125,2,37,58,81
2,4,1048576,5120,16,20,0.91,10485,7.10920362,3,46,70,96
2,4,1048576,5120,16,20,0.92,10486,9.38231928,4,58,95,126
2,4,1048576,5120,16,20,0.93,10486,12.8515163,6,81,125,160
2,4,1048576,5120,16,20,0.94,10486,20.2535762,11,120,176,361
2,4,1048576,5120,16,20,0.95,10485,34.568145,19,196,294,408
2,4,1048576,5120,16,20,0.96,10486,82.3662979,47,484,782,1383
2,4,1048576,5120,16,20,0.97,7102,334.051394,174,2205,3718,4877
